sha256,file,dataset,kind
dfa7efbc324587a9c7ca2829b255af6364f3cb19514ba5d83a039a523666e31a,BRCA_GSE161529_expression.h5,BRCA_GSE161529,expression
dd1a704159140d921641377fd3b6fca569c7180dd12571c5fae8b96609a125c4,BRCA_GSE176078_expression.h5,BRCA_GSE176078,expression
b30d5477b3a0af8c9ae0f3f4bb48e9b10bfcea496f3aa9a47f40f2144a63743f,CHOL_GSE125449_aPD1aPDL1aCTLA4_expression.h5,CHOL_GSE125449_aPD1aPDL1aCTLA4,expression
8c91049658709ce57dbb98e4eaa7885e18d7011b971853fadb8174b14a1a4060,CRC_GSE108989_expression.h5,CRC_GSE108989,expression
dd63525f215c5cd589ba595578872a81a47bba691619cd3782b93723ec263d41,CRC_GSE146771_10X_expression.h5,CRC_GSE146771_10X,expression
e448e390465718fb8275ce956e29ad90b309065ef56839ad318c8db7917c888e,HNSC_GSE103322_expression.h5,HNSC_GSE103322,expression
6248a62c515beeea7865e0803bbd05d46e188c69800aec5d8c5c12c3c3ea5e03,LIHC_GSE140228_10X_expression.h5,LIHC_GSE140228_10X,expression
f11c98a865c068f41a314ff0269ee3b9ae3cc10f6e31ad637b7d89e37367436e,LIHC_GSE98638_expression.h5,LIHC_GSE98638,expression
ce13ad42f79e301a351188b7bba56619a3317af9e03bf2c7f3eca50fc39ef9b2,NSCLC_GSE127465_expression.h5,NSCLC_GSE127465,expression
d647ceda2f16a2d2c26279016c387e57ad58ea9009c63c7d05ed460168c91dad,NSCLC_GSE131907_expression.h5,NSCLC_GSE131907,expression
c1fa029d7aa6a7a2249cb0822f057916c4ca6fbe92b5406a8cfe51c0b5ccd582,PAAD_GSE111672_expression.h5,PAAD_GSE111672,expression
476bc46df2132ff50d6c1ba40981e7c5b121c1c8c877cbe9fd5a6f271dc8479e,PAAD_GSE154778_expression.h5,PAAD_GSE154778,expression
45c7c6d7109ce452071098e2ef9a68ed9d84dd26a11661c070e9661c84223f42,STAD_GSE134520_expression.h5,STAD_GSE134520,expression
b93d413cc64bd4ab59c1424734dfec410f4be4bad7a5e4c390dfc34fcc397378,BRCA_GSE161529_CellMetainfo_table.tsv,BRCA_GSE161529,metainfo
fca6156b1c5319c70d844c84101abe86468002e2852e029cbce5985670363d64,BRCA_GSE176078_CellMetainfo_table.tsv,BRCA_GSE176078,metainfo
61a87068d5a8b41b7e276dc867e6a577e71f4a657fe5cdb57fca4f2bdf7483c3,CHOL_GSE125449_aPD1aPDL1aCTLA4_CellMetainfo_table.tsv,CHOL_GSE125449_aPD1aPDL1aCTLA4,metainfo
9578aef7daf96fae779fb47477dfa4fd6307a6fa39e79d69d53715651b47720d,CRC_GSE108989_CellMetainfo_table.tsv,CRC_GSE108989,metainfo
0cce1969dbc13d44c0a8f96bde36938516e4fecf0b07f53538a0b7efdff9d26c,CRC_GSE146771_10X_CellMetainfo_table.tsv,CRC_GSE146771_10X,metainfo
18b700ef47a25e18f63a152617e71f826dfa018c59ab65d028cbfbebbf52fef0,HNSC_GSE103322_CellMetainfo_table.tsv,HNSC_GSE103322,metainfo
630c65fc37bb0ccc467b18ea0014f9459057979d0b15eff5ebbf1fc421bdca31,LIHC_GSE140228_10X_CellMetainfo_table.tsv,LIHC_GSE140228_10X,metainfo
e2ace7839402bb6837b466af02f8346fee9d4e848216f70c24619d5131a49bf4,LIHC_GSE98638_CellMetainfo_table.tsv,LIHC_GSE98638,metainfo
0f95f17b0fd7b79c37cea932f616ceb4d9df500184ff2dc694646bb3ce84eb54,NSCLC_GSE127465_CellMetainfo_table.tsv,NSCLC_GSE127465,metainfo
2e9d81ababe1684834457ef4aaf88bee9f4061c7d4c1477ad549057d9a736895,NSCLC_GSE131907_CellMetainfo_table.tsv,NSCLC_GSE131907,metainfo
3264d988262a8d5aabb9094e3bd1b30c6147b58efbd26df071ab816ec9b01ff9,PAAD_GSE111672_CellMetainfo_table.tsv,PAAD_GSE111672,metainfo
f1f536d5d195a26404cff42182ef7bd87db3949a6e101473dd08080266b52767,PAAD_GSE154778_CellMetainfo_table.tsv,PAAD_GSE154778,metainfo
0d3ed62ff59ac4138829e57477fdf5c58985ace572683d418692855e523dc5ff,STAD_GSE134520_CellMetainfo_table.tsv,STAD_GSE134520,metainfo
