scheme,budget,contrast,delta_mean_n13,ci95_lo_n13,ci95_hi_n13,p_fdr_n13,cohens_dz_n13,n_datasets_n13,n_datasets_favouring_a_n13,delta_mean_n12,ci95_lo_n12,ci95_hi_n12,p_fdr_n12,cohens_dz_n12,n_datasets_n12,n_datasets_favouring_a_n12,delta_shift,sign_flip,sig_change
S1_within_dataset,5,geneformer - hvg_pca,-0.023755094231529685,-0.06182401530624499,0.00972539173750934,0.7215021306818182,-0.3461695828868445,13,6,-0.025985149970194243,-0.06597165416575997,0.010189062409884575,0.596829044117647,-0.3650606006022743,12,5,-0.0022300557386645582,False,False
S1_within_dataset,5,geneformer - scvi,-0.01645027158951585,-0.05353979741921823,0.013548705502957451,0.7460194463315217,-0.2572546165671876,13,7,-0.016162831263897087,-0.05497662822546275,0.016245430508981938,0.7224042338709677,-0.24203061813181867,12,7,0.00028744032561876104,False,False
S1_within_dataset,5,geneformer - harmony,0.09019740103904948,0.035286801357212974,0.13648932571702793,0.031525985054347824,0.93495111170023,13,10,0.09144016563696977,0.034748681451369404,0.14152889070781458,0.049295176630434784,0.9084615695834675,12,9,0.00124276459792029,False,False
S1_within_dataset,5,scgpt - hvg_pca,-0.05935302104964128,-0.11542943495278597,-0.010414069292784371,0.1495655980603448,-0.5887751361088227,13,3,-0.06703053038550576,-0.12538691970894741,-0.016450583649957138,0.073828125,-0.6620779469428935,12,2,-0.007677509335864474,False,False
S1_within_dataset,5,scgpt - scvi,-0.052048198407627456,-0.10848195017872993,-0.003542172915779141,0.4581298828125,-0.5186221323873077,13,5,-0.05720821167920859,-0.11683996320943732,-0.007000110966794053,0.3653192934782609,-0.5553966824556575,12,4,-0.005160013271581131,False,False
S1_within_dataset,5,scgpt - harmony,0.05459947422093787,-0.01595779851126236,0.11600789056738162,0.421875,0.4301794340659026,13,10,0.050394785221658266,-0.024832601309876794,0.1157006984242308,0.5200009889240507,0.38288897328396465,12,9,-0.004204688999279602,False,False
S1_within_dataset,10,geneformer - hvg_pca,-0.009415357784010592,-0.043098231498420035,0.022794210774272492,0.8671576052295918,-0.14914165149364164,13,8,-0.011671214356628637,-0.047361976192299544,0.022742436525588796,0.7540471971649485,-0.17849195039174695,12,7,-0.0022558565726180455,False,False
S1_within_dataset,10,geneformer - scvi,-0.016117835722576798,-0.04494905984841512,0.01118009240014724,0.5811054180194806,-0.30044101491037417,13,6,-0.017931781389780892,-0.04856836967004048,0.010491846525273575,0.5200009889240507,-0.3224283812613865,12,5,-0.0018139456672040949,False,False
S1_within_dataset,10,geneformer - harmony,0.07590127012259167,0.03533835075883933,0.11286917807663888,0.017346833881578948,1.025794106169021,13,10,0.07549350160483591,0.03311413837488607,0.1152031143927044,0.033804086538461536,0.9770396647462015,12,9,-0.00040776851775575773,False,False
S1_within_dataset,10,scgpt - hvg_pca,-0.01693982491667843,-0.06112426133498083,0.020136266094881998,0.9548864632009346,-0.21814256151390943,13,8,-0.022199696247373918,-0.06789882446127703,0.016349704482355346,0.9268315153301887,-0.2822524821685899,12,7,-0.005259871330695488,False,False
S1_within_dataset,10,scgpt - scvi,-0.023642302855244636,-0.0660134125409264,0.011790968418915035,0.8671576052295918,-0.3146896929722991,13,8,-0.02846026328052617,-0.07354441607576534,0.00816689000413664,0.7224042338709677,-0.372793759165113,12,7,-0.004817960425281535,False,False
S1_within_dataset,10,scgpt - harmony,0.06837680298992382,0.01955836163185169,0.1106363389267301,0.04735331632653061,0.7864450858652318,13,10,0.06496501971409063,0.013693967399998515,0.11023984121512369,0.073828125,0.7226631425707352,12,9,-0.003411783275833191,False,True
S1_within_dataset,25,geneformer - hvg_pca,-0.009727696689248274,-0.03286372239871314,0.010855434298323492,0.7460194463315217,-0.23103179208414257,13,6,-0.00897494709534565,-0.03336716998391587,0.013254704153139292,0.8827937199519231,-0.20450477963879096,12,6,0.0007527495939026237,False,False
S1_within_dataset,25,geneformer - scvi,0.00456742937056404,-0.01746357118684382,0.024835425502348865,0.6803347565406976,0.1112681114942031,13,7,0.006382498005586749,-0.01706616144941124,0.028276938463090116,0.596829044117647,0.1507946405502859,12,7,0.0018150686350227093,False,False
S1_within_dataset,25,geneformer - harmony,0.07402617544867701,0.04801144623019356,0.09896381686005658,0.002197265625,1.5111523274461793,13,12,0.07627954972977007,0.04881512738683597,0.10263721393824458,0.00439453125,1.511797801769431,12,11,0.002253374281093054,False,False
S1_within_dataset,25,scgpt - hvg_pca,-0.016212620475473456,-0.039684599834961705,0.004649571995895856,0.8359786184210526,-0.38110573576711626,13,8,-0.018200263687345886,-0.043354683919117565,0.004020691145344017,0.69873046875,-0.41555387263085264,12,7,-0.00198764321187243,False,False
S1_within_dataset,25,scgpt - scvi,-0.0019174944156611447,-0.021535764106871257,0.015646489392432433,0.9548864632009346,-0.0540593188105406,13,8,-0.002842818586413489,-0.023572402496334913,0.01630322468827281,0.8375459558823529,-0.07707632742112804,12,7,-0.0009253241707523443,False,False
S1_within_dataset,25,scgpt - harmony,0.06754125166245183,0.04083510813284566,0.09299363730064535,0.0042527721774193545,1.3593942258359253,13,12,0.06705423313776983,0.03864841318868711,0.09424428140475585,0.008505544354838709,1.2929437692932682,12,11,-0.000487018524681998,False,False
S1_within_dataset,50,geneformer - hvg_pca,-0.0031739170624499003,-0.019108640555905606,0.013501307914816916,0.7460194463315217,-0.10059860421608127,13,5,-0.0023379874283563917,-0.019401665639260046,0.015537762200267988,0.8000710227272727,-0.07127464010779698,12,5,0.0008359296340935086,False,False
S1_within_dataset,50,geneformer - scvi,0.011813293140915154,-0.003546073038270477,0.028184117211968465,0.3873650045955882,0.384972700726601,13,7,0.012952860580431344,-0.003492989678806568,0.030610272056174923,0.3233857996323529,0.40781085869445055,12,7,0.0011395674395161901,False,False
S1_within_dataset,50,geneformer - harmony,0.07840658619069478,0.05585238117103209,0.10236814535681901,0.0017578124999999998,1.7427913756907407,13,13,0.08016075740979993,0.05589907982115562,0.10584200813296335,0.0035156249999999997,1.7230387561345941,12,12,0.0017541712191051495,False,False
S1_within_dataset,50,scgpt - hvg_pca,-0.01194386457248857,-0.032371914980836844,0.006704603912059176,0.6471079631024097,-0.3172983815694199,13,7,-0.013873059415770198,-0.035508180626843466,0.0059772077177720016,0.5200009889240507,-0.35904198852639224,12,6,-0.0019291948432816272,False,False
S1_within_dataset,50,scgpt - scvi,0.003043345630876484,-0.013917499604342274,0.019446863007041078,0.8716383713942308,0.09618487415193662,13,8,0.0014177885930175365,-0.016389265164196233,0.018580002263883295,0.9697265625,0.043657062445706885,12,7,-0.0016255570378589477,False,False
S1_within_dataset,50,scgpt - harmony,0.0696366386806561,0.04322532393305619,0.09664263729047136,0.002197265625,1.3652096184516653,13,12,0.06862568542238612,0.04041715555374954,0.09779565922180095,0.00439453125,1.2914145376446493,12,11,-0.0010109532582699837,False,False
S1_within_dataset,100,geneformer - hvg_pca,0.001410857435643449,-0.014937466785460457,0.01846052728667084,0.9548864632009346,0.04356666835619804,13,7,0.002629226738011562,-0.014885948638271796,0.0207969554719743,0.8375459558823529,0.07845812870791737,12,7,0.0012183693023681131,False,False
S1_within_dataset,100,geneformer - scvi,0.018624447247525346,0.0030500878859104374,0.03598374475911662,0.08109153891509434,0.5839812743567233,13,10,0.01998517223385175,0.002919926078466136,0.038635290005547766,0.10076032366071429,0.6071972828971824,12,9,0.0013607249863264032,False,False
S1_within_dataset,100,geneformer - harmony,0.08217137844323273,0.05856094899955964,0.10690661358541656,0.0017578124999999998,1.77973127703299,13,13,0.08352921423416272,0.05859479603934796,0.10983665877368297,0.0035156249999999997,1.741940526506148,12,12,0.0013578357909299898,False,False
S1_within_dataset,100,scgpt - hvg_pca,-0.006180928855005618,-0.024825159021796574,0.009597386075722986,1.0,-0.1869024564630479,13,7,-0.00789887117093288,-0.027347149767025104,0.008894169775144355,0.8827937199519231,-0.23280204289995596,12,6,-0.0017179423159272627,False,False
S1_within_dataset,100,scgpt - scvi,0.011032660956876281,-0.0058850392493917094,0.026707374724377623,0.3873650045955882,0.3579711578989673,13,9,0.009457074324907305,-0.008210449140240399,0.0259280581566673,0.49527554898648646,0.2989070603610308,12,8,-0.0015755866319689758,False,False
S1_within_dataset,100,scgpt - harmony,0.07457959215258365,0.0496063666948791,0.09918816143874484,0.002197265625,1.5805966911879656,13,12,0.07300111632521829,0.04683657637285975,0.09923099341726452,0.00439453125,1.4921712944102183,12,11,-0.0015784758273653665,False,False
S1_within_dataset,all,geneformer - hvg_pca,0.05133610528546405,0.04003367672530886,0.06321965797518955,0.0017578124999999998,2.2941835147873584,13,13,0.05329085514420614,0.04151240667645788,0.06526391790939078,0.0035156249999999997,2.402430368058674,12,12,0.00195474985874209,False,False
S1_within_dataset,all,geneformer - scvi,0.09198145146621473,0.07118323037843838,0.11484980129139198,0.0017578124999999998,2.1946110053163728,13,13,0.0943444224436993,0.07237772695217375,0.11851318532669151,0.0035156249999999997,2.2011149360705704,12,12,0.0023629709774845714,False,False
S1_within_dataset,all,geneformer - harmony,0.13692496472516819,0.10788813137123286,0.1706319112443371,0.0017578124999999998,2.238196968728324,13,13,0.1378024601768587,0.1063963300484369,0.1739868425396719,0.0035156249999999997,2.1595333917365616,12,12,0.0008774954516905242,False,False
S1_within_dataset,all,scgpt - hvg_pca,0.05159210960106526,0.03922075972239822,0.06310157615968905,0.0017578124999999998,2.2397133842093906,13,13,0.05069105661216174,0.037652306460111855,0.0634711109385953,0.0035156249999999997,2.1281835969705267,12,12,-0.000901052988903514,False,False
S1_within_dataset,all,scgpt - scvi,0.09223745578181594,0.07627270756108777,0.11144885270881558,0.0017578124999999998,2.7162077234081012,13,13,0.0917446239116549,0.07456658932679118,0.11243507510758706,0.0035156249999999997,2.5902244545577617,12,12,-0.0004928318701610396,False,False
S1_within_dataset,all,scgpt - harmony,0.13718096904076937,0.10926032809217609,0.1689672560941257,0.0017578124999999998,2.400313486827921,13,13,0.13520266164481434,0.10569955352759579,0.16935327189295699,0.0035156249999999997,2.2828330240787786,12,12,-0.0019783073959550312,False,False
S2_leave_donor_out,5,geneformer - hvg_pca,-0.022694006635847086,-0.07141299879564213,0.018248735411405335,0.6803347565406976,-0.2650287819909843,13,7,-0.0264750669338354,-0.07710982652517512,0.01802952777146553,0.5582126524390244,-0.2998470206162177,12,6,-0.003781060297988314,False,False
S2_leave_donor_out,5,geneformer - scvi,-0.020738793229640166,-0.0661442916732268,0.015724584614442417,0.7215021306818182,-0.26480997568207404,13,6,-0.02097660475681126,-0.06859239161887261,0.019075735395544604,0.7224042338709677,-0.2564589180041189,12,6,-0.00023781152717109247,False,False
S2_leave_donor_out,5,geneformer - harmony,0.0856952327284917,0.03105595134071696,0.13177828308311812,0.026994977678571428,0.8865023817790441,13,12,0.0879796957395516,0.03088798821301988,0.13848735087090247,0.03955078125,0.8745683117655367,12,11,0.0022844630110599035,False,False
S2_leave_donor_out,5,scgpt - hvg_pca,-0.04785796177830836,-0.09955087988299192,0.0019343924885792177,0.3873650045955882,-0.4915399144018664,13,5,-0.057333431328314984,-0.10980933244362263,-0.007684301784853914,0.25150240384615385,-0.6020741018400407,12,4,-0.009475469550006624,False,False
S2_leave_donor_out,5,scgpt - scvi,-0.04590274837210143,-0.09219113758823382,-0.0028414296847122733,0.3594050480769231,-0.5410923114000298,13,5,-0.05183496915129085,-0.09906149976675217,-0.006803521600248337,0.22181919642857142,-0.6045375426282221,12,4,-0.005932220779189416,False,False
S2_leave_donor_out,5,scgpt - harmony,0.06053127758603043,0.008888688972017058,0.10818259171167285,0.08109153891509434,0.6353041349716172,13,9,0.057121331345071996,0.0018803255123468062,0.10816026600470591,0.11910695043103448,0.5788313664739634,12,8,-0.003409946240958431,False,False
S2_leave_donor_out,10,geneformer - hvg_pca,-0.016814127946366313,-0.052686479886599656,0.017759446956378874,0.6471079631024097,-0.2489150459420182,13,5,-0.019657469433761607,-0.05759657735941514,0.017351294088901428,0.5582126524390244,-0.2818838764848582,12,4,-0.0028433414873952935,False,False
S2_leave_donor_out,10,geneformer - scvi,-0.026161839068723696,-0.060059267576015866,0.005371984649566892,0.6297701322115384,-0.415493595578898,13,7,-0.02841178721133129,-0.06508595603949877,0.004932091450571606,0.5200009889240507,-0.43564727539360865,12,6,-0.002249948142607594,False,False
S2_leave_donor_out,10,geneformer - harmony,0.06548282499580174,0.026577521446461083,0.10345641637376335,0.017346833881578948,0.8913939347923611,13,10,0.06567856313209555,0.024494333093432113,0.10637835153790189,0.033804086538461536,0.8560352979456752,12,9,0.00019573813629381043,False,False
S2_leave_donor_out,10,scgpt - hvg_pca,-0.027805186077327175,-0.07468191120051995,0.014095852028910954,0.8716383713942308,-0.32382047876949754,13,8,-0.033383523073433514,-0.0827636427395891,0.01103000903804566,0.7540471971649485,-0.38288635413672245,12,7,-0.0055783369961063395,False,False
S2_leave_donor_out,10,scgpt - scvi,-0.03715289719968455,-0.08378168036632379,0.00500979019631245,0.8716383713942308,-0.4351437592133585,13,7,-0.0421378408510032,-0.09170316829180085,0.002419848728879677,0.7540471971649485,-0.4833486726159205,12,6,-0.00498494365131865,False,False
S2_leave_donor_out,10,scgpt - harmony,0.05449176686484089,0.007245163197743409,0.09756788730405509,0.05748046875,0.6343973486632254,13,9,0.05195250949242364,0.0018576955384393052,0.09821235207258601,0.08656397405660377,0.5824033397946088,12,8,-0.002539257372417253,False,False
S2_leave_donor_out,25,geneformer - hvg_pca,-0.005520503432279782,-0.02220445680452066,0.011046814440559745,0.6803347565406976,-0.1724209289396645,13,5,-0.0049938667531414975,-0.023165080886136547,0.012892727985311011,0.7224042338709677,-0.14959567820796846,12,5,0.0005266366791382843,False,False
S2_leave_donor_out,25,geneformer - scvi,0.003417759654544443,-0.01095630474158187,0.016933390062825935,0.7460194463315217,0.12662296473311505,13,8,0.0043799986636169075,-0.01096979281872052,0.019019255305856245,0.69873046875,0.15666364828520682,12,8,0.0009622390090724643,False,False
S2_leave_donor_out,25,geneformer - harmony,0.06684070100065881,0.046845003303235044,0.08824503063572259,0.002197265625,1.6656641761973805,13,12,0.06900675125280062,0.047616110345247514,0.09182311457535307,0.00439453125,1.678527294999074,12,11,0.00216605025214181,False,False
S2_leave_donor_out,25,scgpt - hvg_pca,-0.026927675054037373,-0.05600827317637201,-0.0007214635499417047,0.421875,-0.5063481839096965,13,6,-0.029712111691098494,-0.06030182696082512,-0.0020642027820676075,0.3233857996323529,-0.5447154512612767,12,5,-0.0027844366370611204,False,False
S2_leave_donor_out,25,scgpt - scvi,-0.01798941196721315,-0.03937135744667674,0.0005964716144960502,0.548366237331081,-0.4724651744227797,13,6,-0.020338246274340086,-0.042292464696384764,-0.0010302409754152865,0.4047920334507042,-0.5245530913465924,12,5,-0.002348834307126936,False,False
S2_leave_donor_out,25,scgpt - harmony,0.04543352937890122,0.01789369679504606,0.0719633580910373,0.021752929687500002,0.8865310149673834,13,10,0.044288506314843636,0.015356777305281302,0.07305411795820298,0.03955078125,0.8300953218819984,12,9,-0.0011450230640575876,False,False
S2_leave_donor_out,50,geneformer - hvg_pca,-0.009315231512592819,-0.026010809208251724,0.009309495131888354,0.4581298828125,-0.2722342686038224,13,4,-0.008164322840185432,-0.02641263364162502,0.011802021509966596,0.5582126524390244,-0.23014011456791744,12,4,0.0011509086724073875,False,False
S2_leave_donor_out,50,geneformer - scvi,0.007475438174012272,-0.0055229229255091255,0.02090088202808931,0.548366237331081,0.29108571283498197,13,8,0.0091406305731818,-0.004901802919499214,0.023301643500032974,0.4047920334507042,0.35048647026346974,12,8,0.0016651923991695275,False,False
S2_leave_donor_out,50,geneformer - harmony,0.06055056313340428,0.041217369956715634,0.08213027064889306,0.0017578124999999998,1.5333403522470448,13,13,0.06341609410221426,0.043319612662847395,0.08600155323106404,0.0035156249999999997,1.5930274864949667,12,12,0.0028655309688099748,False,False
S2_leave_donor_out,50,scgpt - hvg_pca,-0.03008632787252489,-0.05522337821939153,-0.0063882818820078045,0.09396306818181817,-0.6420154531443504,13,3,-0.032279236500925464,-0.05926710668479094,-0.007027753542263246,0.10076032366071429,-0.6690774975537871,12,3,-0.002192908628400575,False,False
S2_leave_donor_out,50,scgpt - scvi,-0.013295658185919797,-0.03229369039047901,0.003857108524105977,0.6471079631024097,-0.38289173579096697,13,6,-0.014974283087558235,-0.03524146988641999,0.003451255725529774,0.5200009889240507,-0.41929245983504215,12,5,-0.0016786249016384376,False,False
S2_leave_donor_out,50,scgpt - harmony,0.03977946677347221,0.01583641101359393,0.06288885161984518,0.021752929687500002,0.895581454742857,13,11,0.039301180441474216,0.01449399259139218,0.06443545463670751,0.03955078125,0.847783599766099,12,10,-0.000478286331997993,False,False
S2_leave_donor_out,100,geneformer - hvg_pca,-0.0012700724903433795,-0.01864177136779195,0.0171747394976459,0.8716383713942308,-0.0372391061261644,13,6,-0.0006912829787678506,-0.01918585717930063,0.01878917748992845,0.9268315153301887,-0.01944226365637648,12,6,0.0005787895115755289,False,False
S2_leave_donor_out,100,geneformer - scvi,0.012633927238121827,-0.0007455961289413107,0.026526379260241956,0.2551663306451613,0.48133657646702804,13,8,0.013862774143745177,-0.001113589502211898,0.028194643047349602,0.22181919642857142,0.5130311225726543,12,8,0.0012288469056233493,False,False
S2_leave_donor_out,100,geneformer - harmony,0.059988956599456564,0.04041994597380625,0.08076243133657264,0.002197265625,1.5537292124529039,13,12,0.06209255131130162,0.040960879120331396,0.08329429141287233,0.00439453125,1.5703445265511735,12,11,0.0021035947118450554,False,False
S2_leave_donor_out,100,scgpt - hvg_pca,-0.02011573812292948,-0.044245324785067736,0.0025308271491527325,0.3594050480769231,-0.4518263015746008,13,6,-0.022262756203296458,-0.04742578088105744,0.001915219528710468,0.2884410511363636,-0.48616820829120055,12,5,-0.0021470180803669775,False,False
S2_leave_donor_out,100,scgpt - scvi,-0.006211738394464274,-0.022227851706768678,0.008231920929558621,0.8671576052295918,-0.2136659156350035,13,7,-0.007708699080783431,-0.024457213222656624,0.007534475812863565,0.7540471971649485,-0.25836009100651713,12,6,-0.0014969606863191563,False,False
S2_leave_donor_out,100,scgpt - harmony,0.04114329096687046,0.0184968054601481,0.06475170234598793,0.017346833881578948,0.9349751133448503,13,11,0.04052107808677301,0.016802888244256024,0.06604448849859378,0.033804086538461536,0.8827807571535041,12,10,-0.0006222128800974502,False,False
S2_leave_donor_out,all,geneformer - hvg_pca,0.04171201639618939,0.026591072964257605,0.05641846693313668,0.002197265625,1.4715583643950723,13,12,0.04390773858715421,0.02827121117150382,0.05887261355637583,0.00439453125,1.5445400177743338,12,11,0.0021957221909648175,False,False
S2_leave_donor_out,all,geneformer - scvi,0.08234850632216797,0.056283555612761715,0.1123252425069301,0.0017578124999999998,1.535568546315365,13,13,0.08792818675194486,0.06196418255241722,0.11690852058443367,0.0035156249999999997,1.6934901711192825,12,12,0.005579680429776884,False,False
S2_leave_donor_out,all,geneformer - harmony,0.11830696588943732,0.08797722426199525,0.1527183707380041,0.0017578124999999998,1.9020903415929629,13,13,0.12433989641241083,0.09302569482983919,0.15878938976045784,0.0035156249999999997,2.0429844155674943,12,12,0.0060329305229735175,False,False
S2_leave_donor_out,all,scgpt - hvg_pca,0.027657061252381158,0.00599255577460746,0.04653036346518269,0.12906044407894737,0.7014923501675204,13,10,0.025264136129344323,0.0019065065287918316,0.045532628468029586,0.20110566737288135,0.6287576458067207,12,9,-0.002392925123036835,False,False
S2_leave_donor_out,all,scgpt - scvi,0.06829355117835975,0.04650064511440732,0.08961251531416563,0.002197265625,1.6539603698602938,13,12,0.06928458429413498,0.045222237710477654,0.09255436412342201,0.00439453125,1.612575375322995,12,11,0.000991033115775225,False,False
S2_leave_donor_out,all,scgpt - harmony,0.10425201074562909,0.07761721956859412,0.13461832070991175,0.0017578124999999998,1.9009663883646206,13,13,0.10569629395460096,0.07669322571504156,0.1388387483113894,0.0035156249999999997,1.8536264608354842,12,12,0.0014442832089718721,False,False
S3_leave_dataset_out,5,geneformer - hvg_pca,-0.052878765844274464,-0.10356922324423012,-0.006759503767367242,0.2551663306451613,-0.5691430042109691,13,5,-0.057159735706215554,-0.11026328857980991,-0.007483949262240634,0.22181919642857142,-0.5973289049471502,12,5,-0.0042809698619410905,False,False
S3_leave_dataset_out,5,geneformer - scvi,-0.060656482592815406,-0.10742995435461768,-0.02037424495922621,0.04735331632653061,-0.7382182013141251,13,4,-0.06406712719194343,-0.11241992193430415,-0.020714917851583817,0.073828125,-0.7550360862937141,12,4,-0.0034106445991280293,False,True
S3_leave_dataset_out,5,geneformer - harmony,0.005249391620351617,-0.050551758763748775,0.0581253449330938,0.8359786184210526,0.05037134199234389,13,8,0.0033143858659800316,-0.055386682327086635,0.061200661491455144,0.8375459558823529,0.030518187973774466,12,7,-0.0019350057543715857,False,False
S3_leave_dataset_out,5,scgpt - hvg_pca,-0.03903314785687235,-0.08860486904936468,0.006181809482298856,0.7952683971774193,-0.4272966118774123,13,6,-0.04553075003298479,-0.09733273563862922,0.0021681751161703325,0.6512082122093024,-0.49371914348024853,12,5,-0.006497602176112442,False,False
S3_leave_dataset_out,5,scgpt - scvi,-0.04681086460541329,-0.0906515567314754,-0.007558214201977263,0.19775390625,-0.5925463798683176,13,4,-0.05243814151871265,-0.0974169026009318,-0.011857012071249645,0.10076032366071429,-0.6575765780382222,12,3,-0.00562727691329936,False,False
S3_leave_dataset_out,5,scgpt - harmony,0.019095009607753732,-0.04036026900206887,0.074550949453862,0.6471079631024097,0.17278173691418536,13,9,0.014943371539210812,-0.04934708576630881,0.07509275453563699,0.7224042338709677,0.13066311831775398,12,8,-0.0041516380685429205,False,False
S3_leave_dataset_out,10,geneformer - hvg_pca,-0.06404197081396554,-0.10789282808716803,-0.02199744128233529,0.06927849264705882,-0.7788750121152362,13,4,-0.06770708200616284,-0.11411146677877693,-0.023213227660804327,0.08656397405660377,-0.7987769355570532,12,4,-0.0036651111921972984,False,False
S3_leave_dataset_out,10,geneformer - scvi,-0.06932315706610512,-0.10534629992682136,-0.03615726669193583,0.002825055803571429,-1.0516595164370086,13,1,-0.07234521753374996,-0.1098499700749478,-0.037142414375478834,0.005650111607142858,-1.0654381804871131,12,1,-0.0030220604676448465,False,False
S3_leave_dataset_out,10,geneformer - harmony,-0.01656765865338824,-0.05965870672431814,0.026757270505816753,0.6471079631024097,-0.19933010334518061,13,6,-0.018538730576796104,-0.06470035781819533,0.02885793023211423,0.596829044117647,-0.2143338885262801,12,5,-0.0019710719234078654,False,False
S3_leave_dataset_out,10,scgpt - hvg_pca,-0.04463471752821169,-0.09140770846156727,-0.0027037181363961113,0.5811054180194806,-0.5231912171033015,13,6,-0.04997278830605234,-0.09960629857291733,-0.005582161338433039,0.49527554898648646,-0.5756654332008997,12,5,-0.005338070777840653,False,False
S3_leave_dataset_out,10,scgpt - scvi,-0.049915903780351274,-0.08865776959627446,-0.015073285482163053,0.04735331632653061,-0.7178623096870345,13,4,-0.05461092383363945,-0.09457115323733123,-0.01856518370724372,0.03955078125,-0.7752728464291962,12,3,-0.004695020053288174,False,False
S3_leave_dataset_out,10,scgpt - harmony,0.002839594632365601,-0.04975237023434496,0.05237269670316162,0.8716383713942308,0.029147883165708485,13,8,-0.0008044368766856,-0.05702563479790402,0.052084442677698434,0.9697265625,-0.007978741937252743,12,7,-0.0036440315090512008,True,False
S3_leave_dataset_out,25,geneformer - hvg_pca,-0.07625455481757831,-0.11748134203908303,-0.036866748005026366,0.005593039772727272,-0.9857770382298645,13,1,-0.07958791083785009,-0.12355187251713626,-0.03822633446864157,0.011186079545454544,-0.9971762257930216,12,1,-0.00333335602027178,False,False
S3_leave_dataset_out,25,geneformer - scvi,-0.07884525858401516,-0.11641356309170521,-0.04563533861019512,0.002197265625,-1.1612396653460135,13,1,-0.08144400759960428,-0.12133516794798738,-0.046261769903108214,0.00439453125,-1.15954186603244,12,1,-0.0025987490155891246,False,False
S3_leave_dataset_out,25,geneformer - harmony,-0.037387059013719755,-0.07712919213139649,0.0024486758304402547,0.17250397245762714,-0.49241838012017936,13,3,-0.03948314621626327,-0.08185788810936706,0.004233151202337468,0.22181919642857142,-0.5003716060957428,12,3,-0.002096087202543513,False,False
S3_leave_dataset_out,25,scgpt - hvg_pca,-0.051075923867498735,-0.09280159766890787,-0.0133872047545165,0.12906044407894737,-0.6654268274494758,13,5,-0.055721521316741386,-0.10004164687880204,-0.015354271547139598,0.08656397405660377,-0.7122094926590875,12,4,-0.004645597449242651,False,False
S3_leave_dataset_out,25,scgpt - scvi,-0.053666627633935586,-0.08879888933559409,-0.022551938018032576,0.010546875,-0.8587663959482317,13,2,-0.057577618078495575,-0.09408392004155883,-0.025072064366942513,0.015066964285714286,-0.9054780637349509,12,2,-0.003910990444559989,False,False
S3_leave_dataset_out,25,scgpt - harmony,-0.012208428063640168,-0.05550744415539682,0.029828868484191185,0.8716383713942308,-0.14993162877169225,13,7,-0.01561675669515456,-0.06097370667390648,0.029717189580191906,0.8000710227272727,-0.18575187084945483,12,6,-0.0034083286315143915,False,False
S3_leave_dataset_out,50,geneformer - hvg_pca,-0.0830401295531577,-0.12423783578932499,-0.04442520985427991,0.002197265625,-1.0797869319275653,13,1,-0.08528501305804602,-0.130141370727911,-0.04468883338483569,0.00439453125,-1.0676952238890713,12,1,-0.002244883504888315,False,False
S3_leave_dataset_out,50,geneformer - scvi,-0.0832615675163635,-0.12230284097169818,-0.048567050607816416,0.002825055803571429,-1.1753667152435079,13,1,-0.08428731722348248,-0.12631310111324864,-0.04744090647001039,0.005650111607142858,-1.1407473005250284,12,1,-0.0010257497071189808,False,False
S3_leave_dataset_out,50,geneformer - harmony,-0.05086626848692698,-0.09135113216467323,-0.010789450828229233,0.09396306818181817,-0.6563833257801689,13,2,-0.051555482448964025,-0.09588946222469243,-0.00782497235211903,0.11910695043103448,-0.6372819769482733,12,2,-0.0006892139620370483,False,False
S3_leave_dataset_out,50,scgpt - hvg_pca,-0.05899287576619819,-0.09981976749939139,-0.02240090419795276,0.026994977678571428,-0.7900685473445966,13,3,-0.06377500496797393,-0.10669201690927595,-0.02465797987632006,0.02783203125,-0.8404668020506706,12,3,-0.004782129201775745,False,False
S3_leave_dataset_out,50,scgpt - scvi,-0.05921431372940399,-0.09478304275140906,-0.028093693348180536,0.0042527721774193545,-0.9445405089547023,13,2,-0.0627773091334104,-0.09921414456563199,-0.030110264855598173,0.008505544354838709,-0.9795297449327037,12,2,-0.003562995404006404,False,False
S3_leave_dataset_out,50,scgpt - harmony,-0.02681901469996746,-0.07005687722520941,0.014558672863038092,0.5811054180194806,-0.33387102082847536,13,6,-0.030045474358891943,-0.07471552282997979,0.013906733059391583,0.49527554898648646,-0.3619290414911793,12,5,-0.003226459658924482,False,False
S3_leave_dataset_out,100,geneformer - hvg_pca,-0.09961521289684695,-0.14567209821609653,-0.05658244790547399,0.0017578124999999998,-1.1636649975692712,13,0,-0.10304234531575761,-0.15190632922234265,-0.05739063765106834,0.0035156249999999997,-1.1646514995238497,12,0,-0.0034271324189106556,False,False
S3_leave_dataset_out,100,geneformer - scvi,-0.09214964450946382,-0.13467470271260285,-0.05371295986448386,0.002825055803571429,-1.1830908597492031,13,1,-0.09424586402937705,-0.13967427797698226,-0.053136035038718034,0.005650111607142858,-1.1639834276080485,12,1,-0.002096219519913234,False,False
S3_leave_dataset_out,100,geneformer - harmony,-0.06970365327682522,-0.1135975375868829,-0.02656628577596374,0.031525985054347824,-0.8334926276629082,13,2,-0.07243225834431055,-0.11963875699524817,-0.02531527256529872,0.03955078125,-0.8350455066331567,12,2,-0.002728605067485332,False,False
S3_leave_dataset_out,100,scgpt - hvg_pca,-0.07062127020552743,-0.11860224471424825,-0.028491499343818307,0.007755055147058823,-0.8140060246169595,13,2,-0.07514084289558186,-0.12612386289126948,-0.02999474979505014,0.015066964285714286,-0.8442539877678844,12,2,-0.00451957269005443,False,False
S3_leave_dataset_out,100,scgpt - scvi,-0.06315570181814431,-0.1040886149148855,-0.028357485494880437,0.005593039772727272,-0.8862446944599703,13,2,-0.06634436160920128,-0.10908155929829527,-0.029092008199855888,0.011186079545454544,-0.9031868386565822,12,2,-0.0031886597910569664,False,False
S3_leave_dataset_out,100,scgpt - harmony,-0.040709710585505696,-0.08792358092641095,0.004897066690937833,0.3272879464285714,-0.4570387646778376,13,5,-0.04453075592413478,-0.09448224293102447,0.004484254882148609,0.25150240384615385,-0.48448328245064165,12,4,-0.003821045338629085,False,False
S3_leave_dataset_out,all,geneformer - hvg_pca,-0.10714524586994312,-0.1987777110479579,-0.05073774941714773,0.0017578124999999998,-0.7052287044383543,13,0,-0.10858245398925874,-0.20559996438961764,-0.046962388708703874,0.0035156249999999997,-0.6846603922193124,12,0,-0.0014372081193156222,False,False
S3_leave_dataset_out,all,geneformer - scvi,-0.11049251164654945,-0.20614439570115467,-0.051264680248217905,0.002825055803571429,-0.7074254275245534,13,1,-0.11175909808679096,-0.21208064087093856,-0.04719957993379311,0.005650111607142858,-0.6853653494956281,12,1,-0.00126658644024151,False,False
S3_leave_dataset_out,all,geneformer - harmony,-0.09564137402811726,-0.19579883523183056,-0.02449848097863541,0.031525985054347824,-0.58073844950715,13,3,-0.09782367511892108,-0.20168014253515662,-0.020393136517411436,0.06171043882978724,-0.5693518148236023,12,3,-0.0021823010908038204,False,True
S3_leave_dataset_out,all,scgpt - hvg_pca,-0.08278667054378258,-0.13542212887078625,-0.04110719895265438,0.0042527721774193545,-0.9063323291455125,13,2,-0.08567344131738579,-0.141747456770397,-0.040770356234764785,0.008505544354838709,-0.9038929084104738,12,2,-0.002886770773603206,False,False
S3_leave_dataset_out,all,scgpt - scvi,-0.08613393632038889,-0.14072341546606099,-0.045281684745474796,0.0017578124999999998,-0.9435923886346212,13,0,-0.08885008541491797,-0.14446651455459283,-0.04460348630666216,0.0035156249999999997,-0.9373192515984355,12,0,-0.00271614909452908,False,False
S3_leave_dataset_out,all,scgpt - harmony,-0.07128279870195674,-0.13136003004475397,-0.018892715885744083,0.031525985054347824,-0.6665943571165185,13,2,-0.07491466244704811,-0.1368133401870063,-0.017871845360541767,0.049295176630434784,-0.6758188385383402,12,2,-0.0036318637450913765,False,False
