representation,split_file,scheme,holdout_group,budget,seed,n_train_used,C_selected,inner_cv_folds_used,cv_selection_cells,n_dims_selected,seconds,pooled_macro_f1,pooled_macro_f1_all_test_classes,dataset,n_datasets_in_run,n_test,n_classes_learnable,n_classes_test_only,macro_f1,macro_f1_all_test_classes,accuracy
geneformer,S1_within_dataset__seed2.parquet,S1_within_dataset,,5,0,70,100.0,5,70,768,4.15,0.729656575122956,0.729656575122956,BRCA_GSE161529,13,6000,10,0,0.7013258875645817,0.7013258875645817,0.705
geneformer,S1_within_dataset__seed2.parquet,S1_within_dataset,,5,0,70,100.0,5,70,768,4.15,0.729656575122956,0.729656575122956,BRCA_GSE176078,13,6000,9,0,0.6666334046483736,0.6666334046483736,0.6605
geneformer,S1_within_dataset__seed2.parquet,S1_within_dataset,,5,0,70,100.0,5,70,768,4.15,0.729656575122956,0.729656575122956,CHOL_GSE125449_aPD1aPDL1aCTLA4,13,887,8,0,0.7219142832251177,0.7219142832251177,0.6031567080045096
geneformer,S1_within_dataset__seed2.parquet,S1_within_dataset,,5,0,70,100.0,5,70,768,4.15,0.729656575122956,0.729656575122956,CRC_GSE108989,13,2184,3,0,0.4237901040885495,0.4237901040885495,0.45695970695970695
geneformer,S1_within_dataset__seed2.parquet,S1_within_dataset,,5,0,70,100.0,5,70,768,4.15,0.729656575122956,0.729656575122956,CRC_GSE146771_10X,13,6000,7,0,0.8392561352492154,0.8392561352492154,0.8456666666666667
geneformer,S1_within_dataset__seed2.parquet,S1_within_dataset,,5,0,70,100.0,5,70,768,4.15,0.729656575122956,0.729656575122956,HNSC_GSE103322,13,1176,8,0,0.4183772546654592,0.4183772546654592,0.5357142857142857
geneformer,S1_within_dataset__seed2.parquet,S1_within_dataset,,5,0,70,100.0,5,70,768,4.15,0.729656575122956,0.729656575122956,LIHC_GSE140228_10X,13,5999,9,0,0.7614887361197469,0.7614887361197469,0.7654609101516919
geneformer,S1_within_dataset__seed2.parquet,S1_within_dataset,,5,0,70,100.0,5,70,768,4.15,0.729656575122956,0.729656575122956,LIHC_GSE98638,13,960,3,0,0.41001643292526885,0.41001643292526885,0.440625
geneformer,S1_within_dataset__seed2.parquet,S1_within_dataset,,5,0,70,100.0,5,70,768,4.15,0.729656575122956,0.729656575122956,NSCLC_GSE127465,13,6000,12,0,0.7697998802267693,0.7697998802267693,0.8121666666666667
geneformer,S1_within_dataset__seed2.parquet,S1_within_dataset,,5,0,70,100.0,5,70,768,4.15,0.729656575122956,0.729656575122956,NSCLC_GSE131907,13,6007,10,0,0.7084180462754252,0.7084180462754252,0.689195938072249
geneformer,S1_within_dataset__seed2.parquet,S1_within_dataset,,5,0,70,100.0,5,70,768,4.15,0.729656575122956,0.729656575122956,PAAD_GSE111672,13,453,7,0,0.7220133411654143,0.7220133411654143,0.869757174392936
geneformer,S1_within_dataset__seed2.parquet,S1_within_dataset,,5,0,70,100.0,5,70,768,4.15,0.729656575122956,0.729656575122956,PAAD_GSE154778,13,2989,6,0,0.5534394090388336,0.5534394090388336,0.8634994981599197
geneformer,S1_within_dataset__seed2.parquet,S1_within_dataset,,5,0,70,100.0,5,70,768,4.15,0.729656575122956,0.729656575122956,STAD_GSE134520,13,1308,6,0,0.5832794114796308,0.5832794114796308,0.691131498470948
geneformer,S1_within_dataset__seed2.parquet,S1_within_dataset,,5,1,70,10.0,5,70,768,4.15,0.6857227798618589,0.6857227798618589,BRCA_GSE161529,13,6000,10,0,0.6008039049335945,0.6008039049335945,0.588
geneformer,S1_within_dataset__seed2.parquet,S1_within_dataset,,5,1,70,10.0,5,70,768,4.15,0.6857227798618589,0.6857227798618589,BRCA_GSE176078,13,6000,9,0,0.7060199090136499,0.7060199090136499,0.6721666666666667
geneformer,S1_within_dataset__seed2.parquet,S1_within_dataset,,5,1,70,10.0,5,70,768,4.15,0.6857227798618589,0.6857227798618589,CHOL_GSE125449_aPD1aPDL1aCTLA4,13,887,8,0,0.7652428861956353,0.7652428861956353,0.6178128523111612
geneformer,S1_within_dataset__seed2.parquet,S1_within_dataset,,5,1,70,10.0,5,70,768,4.15,0.6857227798618589,0.6857227798618589,CRC_GSE108989,13,2184,3,0,0.4601516586386169,0.4601516586386169,0.5755494505494505
geneformer,S1_within_dataset__seed2.parquet,S1_within_dataset,,5,1,70,10.0,5,70,768,4.15,0.6857227798618589,0.6857227798618589,CRC_GSE146771_10X,13,6000,7,0,0.5891083860792158,0.5891083860792158,0.5745
geneformer,S1_within_dataset__seed2.parquet,S1_within_dataset,,5,1,70,10.0,5,70,768,4.15,0.6857227798618589,0.6857227798618589,HNSC_GSE103322,13,1176,8,0,0.3531254252182146,0.3531254252182146,0.5017006802721088
geneformer,S1_within_dataset__seed2.parquet,S1_within_dataset,,5,1,70,10.0,5,70,768,4.15,0.6857227798618589,0.6857227798618589,LIHC_GSE140228_10X,13,5999,9,0,0.7528073805938266,0.7528073805938266,0.7347891315219203
geneformer,S1_within_dataset__seed2.parquet,S1_within_dataset,,5,1,70,10.0,5,70,768,4.15,0.6857227798618589,0.6857227798618589,LIHC_GSE98638,13,960,3,0,0.5029337183260222,0.5029337183260222,0.628125
geneformer,S1_within_dataset__seed2.parquet,S1_within_dataset,,5,1,70,10.0,5,70,768,4.15,0.6857227798618589,0.6857227798618589,NSCLC_GSE127465,13,6000,12,0,0.803162268720434,0.803162268720434,0.7798333333333334
geneformer,S1_within_dataset__seed2.parquet,S1_within_dataset,,5,1,70,10.0,5,70,768,4.15,0.6857227798618589,0.6857227798618589,NSCLC_GSE131907,13,6007,10,0,0.6919065599752806,0.6919065599752806,0.6537373064757782
geneformer,S1_within_dataset__seed2.parquet,S1_within_dataset,,5,1,70,10.0,5,70,768,4.15,0.6857227798618589,0.6857227798618589,PAAD_GSE111672,13,453,7,0,0.5514426776822275,0.5514426776822275,0.22075055187637968
geneformer,S1_within_dataset__seed2.parquet,S1_within_dataset,,5,1,70,10.0,5,70,768,4.15,0.6857227798618589,0.6857227798618589,PAAD_GSE154778,13,2989,6,0,0.6053093313282811,0.6053093313282811,0.5607226497156239
geneformer,S1_within_dataset__seed2.parquet,S1_within_dataset,,5,1,70,10.0,5,70,768,4.15,0.6857227798618589,0.6857227798618589,STAD_GSE134520,13,1308,6,0,0.6451604653064058,0.6451604653064058,0.7377675840978594
geneformer,S1_within_dataset__seed2.parquet,S1_within_dataset,,5,2,70,100.0,5,70,768,4.39,0.6949978325794486,0.6949978325794486,BRCA_GSE161529,13,6000,10,0,0.7176737507974588,0.7176737507974588,0.7118333333333333
geneformer,S1_within_dataset__seed2.parquet,S1_within_dataset,,5,2,70,100.0,5,70,768,4.39,0.6949978325794486,0.6949978325794486,BRCA_GSE176078,13,6000,9,0,0.7091186030995869,0.7091186030995869,0.686
geneformer,S1_within_dataset__seed2.parquet,S1_within_dataset,,5,2,70,100.0,5,70,768,4.39,0.6949978325794486,0.6949978325794486,CHOL_GSE125449_aPD1aPDL1aCTLA4,13,887,8,0,0.7958106236614289,0.7958106236614289,0.649379932356257
geneformer,S1_within_dataset__seed2.parquet,S1_within_dataset,,5,2,70,100.0,5,70,768,4.39,0.6949978325794486,0.6949978325794486,CRC_GSE108989,13,2184,3,0,0.6525535407717515,0.6525535407717515,0.6602564102564102
geneformer,S1_within_dataset__seed2.parquet,S1_within_dataset,,5,2,70,100.0,5,70,768,4.39,0.6949978325794486,0.6949978325794486,CRC_GSE146771_10X,13,6000,7,0,0.7478170442518225,0.7478170442518225,0.7393333333333333
geneformer,S1_within_dataset__seed2.parquet,S1_within_dataset,,5,2,70,100.0,5,70,768,4.39,0.6949978325794486,0.6949978325794486,HNSC_GSE103322,13,1176,8,0,0.38984365833491175,0.38984365833491175,0.29591836734693877
geneformer,S1_within_dataset__seed2.parquet,S1_within_dataset,,5,2,70,100.0,5,70,768,4.39,0.6949978325794486,0.6949978325794486,LIHC_GSE140228_10X,13,5999,9,0,0.780058800439436,0.780058800439436,0.7932988831471912
geneformer,S1_within_dataset__seed2.parquet,S1_within_dataset,,5,2,70,100.0,5,70,768,4.39,0.6949978325794486,0.6949978325794486,LIHC_GSE98638,13,960,3,0,0.6880300377565646,0.6880300377565646,0.7125
geneformer,S1_within_dataset__seed2.parquet,S1_within_dataset,,5,2,70,100.0,5,70,768,4.39,0.6949978325794486,0.6949978325794486,NSCLC_GSE127465,13,6000,12,0,0.7335611403852695,0.7335611403852695,0.79
geneformer,S1_within_dataset__seed2.parquet,S1_within_dataset,,5,2,70,100.0,5,70,768,4.39,0.6949978325794486,0.6949978325794486,NSCLC_GSE131907,13,6007,10,0,0.686208391750564,0.686208391750564,0.6362576993507575
geneformer,S1_within_dataset__seed2.parquet,S1_within_dataset,,5,2,70,100.0,5,70,768,4.39,0.6949978325794486,0.6949978325794486,PAAD_GSE111672,13,453,7,0,0.6288841004951403,0.6288841004951403,0.7328918322295805
geneformer,S1_within_dataset__seed2.parquet,S1_within_dataset,,5,2,70,100.0,5,70,768,4.39,0.6949978325794486,0.6949978325794486,PAAD_GSE154778,13,2989,6,0,0.5616251655455892,0.5616251655455892,0.6808297089327534
geneformer,S1_within_dataset__seed2.parquet,S1_within_dataset,,5,2,70,100.0,5,70,768,4.39,0.6949978325794486,0.6949978325794486,STAD_GSE134520,13,1308,6,0,0.4323264123424099,0.4323264123424099,0.5466360856269113
geneformer,S1_within_dataset__seed2.parquet,S1_within_dataset,,5,3,70,100.0,5,70,768,4.29,0.6306465427300297,0.6306465427300297,BRCA_GSE161529,13,6000,10,0,0.6141912736079129,0.6141912736079129,0.6201666666666666
geneformer,S1_within_dataset__seed2.parquet,S1_within_dataset,,5,3,70,100.0,5,70,768,4.29,0.6306465427300297,0.6306465427300297,BRCA_GSE176078,13,6000,9,0,0.6507024152839267,0.6507024152839267,0.6301666666666667
geneformer,S1_within_dataset__seed2.parquet,S1_within_dataset,,5,3,70,100.0,5,70,768,4.29,0.6306465427300297,0.6306465427300297,CHOL_GSE125449_aPD1aPDL1aCTLA4,13,887,8,0,0.6105539481059925,0.6105539481059925,0.4983089064261556
geneformer,S1_within_dataset__seed2.parquet,S1_within_dataset,,5,3,70,100.0,5,70,768,4.29,0.6306465427300297,0.6306465427300297,CRC_GSE108989,13,2184,3,0,0.504214120329394,0.504214120329394,0.5709706959706959
geneformer,S1_within_dataset__seed2.parquet,S1_within_dataset,,5,3,70,100.0,5,70,768,4.29,0.6306465427300297,0.6306465427300297,CRC_GSE146771_10X,13,6000,7,0,0.5021379645845013,0.5021379645845013,0.5251666666666667
geneformer,S1_within_dataset__seed2.parquet,S1_within_dataset,,5,3,70,100.0,5,70,768,4.29,0.6306465427300297,0.6306465427300297,HNSC_GSE103322,13,1176,8,0,0.09523561100915948,0.09523561100915948,0.18962585034013604
geneformer,S1_within_dataset__seed2.parquet,S1_within_dataset,,5,3,70,100.0,5,70,768,4.29,0.6306465427300297,0.6306465427300297,LIHC_GSE140228_10X,13,5999,9,0,0.6985914418932615,0.6985914418932615,0.6817802967161194
geneformer,S1_within_dataset__seed2.parquet,S1_within_dataset,,5,3,70,100.0,5,70,768,4.29,0.6306465427300297,0.6306465427300297,LIHC_GSE98638,13,960,3,0,0.5849803116536162,0.5849803116536162,0.6479166666666667
geneformer,S1_within_dataset__seed2.parquet,S1_within_dataset,,5,3,70,100.0,5,70,768,4.29,0.6306465427300297,0.6306465427300297,NSCLC_GSE127465,13,6000,12,0,0.6390505706576223,0.6390505706576223,0.6631666666666667
geneformer,S1_within_dataset__seed2.parquet,S1_within_dataset,,5,3,70,100.0,5,70,768,4.29,0.6306465427300297,0.6306465427300297,NSCLC_GSE131907,13,6007,10,0,0.6182631875748784,0.6182631875748784,0.5996337606126186
geneformer,S1_within_dataset__seed2.parquet,S1_within_dataset,,5,3,70,100.0,5,70,768,4.29,0.6306465427300297,0.6306465427300297,PAAD_GSE111672,13,453,7,0,0.6388156398135832,0.6388156398135832,0.7328918322295805
geneformer,S1_within_dataset__seed2.parquet,S1_within_dataset,,5,3,70,100.0,5,70,768,4.29,0.6306465427300297,0.6306465427300297,PAAD_GSE154778,13,2989,6,0,0.5527422253493338,0.5527422253493338,0.6748076279692204
geneformer,S1_within_dataset__seed2.parquet,S1_within_dataset,,5,3,70,100.0,5,70,768,4.29,0.6306465427300297,0.6306465427300297,STAD_GSE134520,13,1308,6,0,0.525974334867497,0.525974334867497,0.45642201834862384
geneformer,S1_within_dataset__seed2.parquet,S1_within_dataset,,5,4,70,1.0,5,70,768,4.3,0.6855660960724687,0.6855660960724687,BRCA_GSE161529,13,6000,10,0,0.6211952694341741,0.6211952694341741,0.634
geneformer,S1_within_dataset__seed2.parquet,S1_within_dataset,,5,4,70,1.0,5,70,768,4.3,0.6855660960724687,0.6855660960724687,BRCA_GSE176078,13,6000,9,0,0.6360849802789711,0.6360849802789711,0.6253333333333333
geneformer,S1_within_dataset__seed2.parquet,S1_within_dataset,,5,4,70,1.0,5,70,768,4.3,0.6855660960724687,0.6855660960724687,CHOL_GSE125449_aPD1aPDL1aCTLA4,13,887,8,0,0.7514766679766762,0.7514766679766762,0.6009019165727171
geneformer,S1_within_dataset__seed2.parquet,S1_within_dataset,,5,4,70,1.0,5,70,768,4.3,0.6855660960724687,0.6855660960724687,CRC_GSE108989,13,2184,3,0,0.6976021793644472,0.6976021793644472,0.7152014652014652
geneformer,S1_within_dataset__seed2.parquet,S1_within_dataset,,5,4,70,1.0,5,70,768,4.3,0.6855660960724687,0.6855660960724687,CRC_GSE146771_10X,13,6000,7,0,0.5627452216231168,0.5627452216231168,0.6016666666666667
geneformer,S1_within_dataset__seed2.parquet,S1_within_dataset,,5,4,70,1.0,5,70,768,4.3,0.6855660960724687,0.6855660960724687,HNSC_GSE103322,13,1176,8,0,0.3385388616896853,0.3385388616896853,0.23469387755102042
geneformer,S1_within_dataset__seed2.parquet,S1_within_dataset,,5,4,70,1.0,5,70,768,4.3,0.6855660960724687,0.6855660960724687,LIHC_GSE140228_10X,13,5999,9,0,0.688359512877666,0.688359512877666,0.6607767961326888
geneformer,S1_within_dataset__seed2.parquet,S1_within_dataset,,5,4,70,1.0,5,70,768,4.3,0.6855660960724687,0.6855660960724687,LIHC_GSE98638,13,960,3,0,0.662298867957502,0.662298867957502,0.675
geneformer,S1_within_dataset__seed2.parquet,S1_within_dataset,,5,4,70,1.0,5,70,768,4.3,0.6855660960724687,0.6855660960724687,NSCLC_GSE127465,13,6000,12,0,0.7175496169805743,0.7175496169805743,0.7515
geneformer,S1_within_dataset__seed2.parquet,S1_within_dataset,,5,4,70,1.0,5,70,768,4.3,0.6855660960724687,0.6855660960724687,NSCLC_GSE131907,13,6007,10,0,0.7366008341541986,0.7366008341541986,0.710171466622274
geneformer,S1_within_dataset__seed2.parquet,S1_within_dataset,,5,4,70,1.0,5,70,768,4.3,0.6855660960724687,0.6855660960724687,PAAD_GSE111672,13,453,7,0,0.5946798930839942,0.5946798930839942,0.8344370860927153
geneformer,S1_within_dataset__seed2.parquet,S1_within_dataset,,5,4,70,1.0,5,70,768,4.3,0.6855660960724687,0.6855660960724687,PAAD_GSE154778,13,2989,6,0,0.45589798661045555,0.45589798661045555,0.7453997992639679
geneformer,S1_within_dataset__seed2.parquet,S1_within_dataset,,5,4,70,1.0,5,70,768,4.3,0.6855660960724687,0.6855660960724687,STAD_GSE134520,13,1308,6,0,0.6458495075397451,0.6458495075397451,0.6200305810397554
geneformer,S1_within_dataset__seed2.parquet,S1_within_dataset,,10,0,140,10.0,5,140,768,5.0,0.7114138733587971,0.7114138733587971,BRCA_GSE161529,13,6000,10,0,0.711868531595635,0.711868531595635,0.7133333333333334
geneformer,S1_within_dataset__seed2.parquet,S1_within_dataset,,10,0,140,10.0,5,140,768,5.0,0.7114138733587971,0.7114138733587971,BRCA_GSE176078,13,6000,9,0,0.6885426339441789,0.6885426339441789,0.6666666666666666
geneformer,S1_within_dataset__seed2.parquet,S1_within_dataset,,10,0,140,10.0,5,140,768,5.0,0.7114138733587971,0.7114138733587971,CHOL_GSE125449_aPD1aPDL1aCTLA4,13,887,8,0,0.7152960057320168,0.7152960057320168,0.6020293122886133
geneformer,S1_within_dataset__seed2.parquet,S1_within_dataset,,10,0,140,10.0,5,140,768,5.0,0.7114138733587971,0.7114138733587971,CRC_GSE108989,13,2184,3,0,0.26712316941209907,0.26712316941209907,0.2925824175824176
geneformer,S1_within_dataset__seed2.parquet,S1_within_dataset,,10,0,140,10.0,5,140,768,5.0,0.7114138733587971,0.7114138733587971,CRC_GSE146771_10X,13,6000,7,0,0.8005584635361114,0.8005584635361114,0.7425
geneformer,S1_within_dataset__seed2.parquet,S1_within_dataset,,10,0,140,10.0,5,140,768,5.0,0.7114138733587971,0.7114138733587971,HNSC_GSE103322,13,1176,8,0,0.45068661437790164,0.45068661437790164,0.5654761904761905
geneformer,S1_within_dataset__seed2.parquet,S1_within_dataset,,10,0,140,10.0,5,140,768,5.0,0.7114138733587971,0.7114138733587971,LIHC_GSE140228_10X,13,5999,9,0,0.7251889373158287,0.7251889373158287,0.7371228538089681
geneformer,S1_within_dataset__seed2.parquet,S1_within_dataset,,10,0,140,10.0,5,140,768,5.0,0.7114138733587971,0.7114138733587971,LIHC_GSE98638,13,960,3,0,0.2165755750185555,0.2165755750185555,0.25
geneformer,S1_within_dataset__seed2.parquet,S1_within_dataset,,10,0,140,10.0,5,140,768,5.0,0.7114138733587971,0.7114138733587971,NSCLC_GSE127465,13,6000,12,0,0.7373908809711867,0.7373908809711867,0.8176666666666667
geneformer,S1_within_dataset__seed2.parquet,S1_within_dataset,,10,0,140,10.0,5,140,768,5.0,0.7114138733587971,0.7114138733587971,NSCLC_GSE131907,13,6007,10,0,0.7315848839307626,0.7315848839307626,0.7148326951889462
geneformer,S1_within_dataset__seed2.parquet,S1_within_dataset,,10,0,140,10.0,5,140,768,5.0,0.7114138733587971,0.7114138733587971,PAAD_GSE111672,13,453,7,0,0.7012053416564694,0.7012053416564694,0.8520971302428256
geneformer,S1_within_dataset__seed2.parquet,S1_within_dataset,,10,0,140,10.0,5,140,768,5.0,0.7114138733587971,0.7114138733587971,PAAD_GSE154778,13,2989,6,0,0.5486818016255167,0.5486818016255167,0.7999330879892941
geneformer,S1_within_dataset__seed2.parquet,S1_within_dataset,,10,0,140,10.0,5,140,768,5.0,0.7114138733587971,0.7114138733587971,STAD_GSE134520,13,1308,6,0,0.5198261888016705,0.5198261888016705,0.6659021406727829
geneformer,S1_within_dataset__seed2.parquet,S1_within_dataset,,10,1,140,100.0,5,140,768,4.82,0.7592431797695106,0.7592431797695106,BRCA_GSE161529,13,6000,10,0,0.7627091976374138,0.7627091976374138,0.7476666666666667
geneformer,S1_within_dataset__seed2.parquet,S1_within_dataset,,10,1,140,100.0,5,140,768,4.82,0.7592431797695106,0.7592431797695106,BRCA_GSE176078,13,6000,9,0,0.7798304208486534,0.7798304208486534,0.7453333333333333
geneformer,S1_within_dataset__seed2.parquet,S1_within_dataset,,10,1,140,100.0,5,140,768,4.82,0.7592431797695106,0.7592431797695106,CHOL_GSE125449_aPD1aPDL1aCTLA4,13,887,8,0,0.7359614673005233,0.7359614673005233,0.5828635851183765
geneformer,S1_within_dataset__seed2.parquet,S1_within_dataset,,10,1,140,100.0,5,140,768,4.82,0.7592431797695106,0.7592431797695106,CRC_GSE108989,13,2184,3,0,0.7972282973427086,0.7972282973427086,0.8044871794871795
geneformer,S1_within_dataset__seed2.parquet,S1_within_dataset,,10,1,140,100.0,5,140,768,4.82,0.7592431797695106,0.7592431797695106,CRC_GSE146771_10X,13,6000,7,0,0.8973188362637874,0.8973188362637874,0.9068333333333334
geneformer,S1_within_dataset__seed2.parquet,S1_within_dataset,,10,1,140,100.0,5,140,768,4.82,0.7592431797695106,0.7592431797695106,HNSC_GSE103322,13,1176,8,0,0.5368237783428513,0.5368237783428513,0.6777210884353742
geneformer,S1_within_dataset__seed2.parquet,S1_within_dataset,,10,1,140,100.0,5,140,768,4.82,0.7592431797695106,0.7592431797695106,LIHC_GSE140228_10X,13,5999,9,0,0.7962709068110558,0.7962709068110558,0.8013002167027838
geneformer,S1_within_dataset__seed2.parquet,S1_within_dataset,,10,1,140,100.0,5,140,768,4.82,0.7592431797695106,0.7592431797695106,LIHC_GSE98638,13,960,3,0,0.7160354645487109,0.7160354645487109,0.7364583333333333
geneformer,S1_within_dataset__seed2.parquet,S1_within_dataset,,10,1,140,100.0,5,140,768,4.82,0.7592431797695106,0.7592431797695106,NSCLC_GSE127465,13,6000,12,0,0.6951692396580128,0.6951692396580128,0.6716666666666666
geneformer,S1_within_dataset__seed2.parquet,S1_within_dataset,,10,1,140,100.0,5,140,768,4.82,0.7592431797695106,0.7592431797695106,NSCLC_GSE131907,13,6007,10,0,0.6905955777387645,0.6905955777387645,0.6578991176960213
geneformer,S1_within_dataset__seed2.parquet,S1_within_dataset,,10,1,140,100.0,5,140,768,4.82,0.7592431797695106,0.7592431797695106,PAAD_GSE111672,13,453,7,0,0.7150021105639167,0.7150021105639167,0.5916114790286976
geneformer,S1_within_dataset__seed2.parquet,S1_within_dataset,,10,1,140,100.0,5,140,768,4.82,0.7592431797695106,0.7592431797695106,PAAD_GSE154778,13,2989,6,0,0.624111314536738,0.624111314536738,0.8414185346269656
geneformer,S1_within_dataset__seed2.parquet,S1_within_dataset,,10,1,140,100.0,5,140,768,4.82,0.7592431797695106,0.7592431797695106,STAD_GSE134520,13,1308,6,0,0.6992792944906604,0.6992792944906604,0.7591743119266054
geneformer,S1_within_dataset__seed2.parquet,S1_within_dataset,,10,2,140,1.0,5,140,768,4.69,0.7539137135762211,0.7539137135762211,BRCA_GSE161529,13,6000,10,0,0.718594820194039,0.718594820194039,0.7146666666666667
geneformer,S1_within_dataset__seed2.parquet,S1_within_dataset,,10,2,140,1.0,5,140,768,4.69,0.7539137135762211,0.7539137135762211,BRCA_GSE176078,13,6000,9,0,0.7032298792237172,0.7032298792237172,0.6816666666666666
geneformer,S1_within_dataset__seed2.parquet,S1_within_dataset,,10,2,140,1.0,5,140,768,4.69,0.7539137135762211,0.7539137135762211,CHOL_GSE125449_aPD1aPDL1aCTLA4,13,887,8,0,0.7713525671597058,0.7713525671597058,0.644870349492672
geneformer,S1_within_dataset__seed2.parquet,S1_within_dataset,,10,2,140,1.0,5,140,768,4.69,0.7539137135762211,0.7539137135762211,CRC_GSE108989,13,2184,3,0,0.827520084207224,0.827520084207224,0.8434065934065934
geneformer,S1_within_dataset__seed2.parquet,S1_within_dataset,,10,2,140,1.0,5,140,768,4.69,0.7539137135762211,0.7539137135762211,CRC_GSE146771_10X,13,6000,7,0,0.8923086939269511,0.8923086939269511,0.8938333333333334
geneformer,S1_within_dataset__seed2.parquet,S1_within_dataset,,10,2,140,1.0,5,140,768,4.69,0.7539137135762211,0.7539137135762211,HNSC_GSE103322,13,1176,8,0,0.6596147048373564,0.6596147048373564,0.6496598639455783
geneformer,S1_within_dataset__seed2.parquet,S1_within_dataset,,10,2,140,1.0,5,140,768,4.69,0.7539137135762211,0.7539137135762211,LIHC_GSE140228_10X,13,5999,9,0,0.7501406201985686,0.7501406201985686,0.7236206034339057
geneformer,S1_within_dataset__seed2.parquet,S1_within_dataset,,10,2,140,1.0,5,140,768,4.69,0.7539137135762211,0.7539137135762211,LIHC_GSE98638,13,960,3,0,0.821580328524687,0.821580328524687,0.80625
geneformer,S1_within_dataset__seed2.parquet,S1_within_dataset,,10,2,140,1.0,5,140,768,4.69,0.7539137135762211,0.7539137135762211,NSCLC_GSE127465,13,6000,12,0,0.7757912847308904,0.7757912847308904,0.7886666666666666
geneformer,S1_within_dataset__seed2.parquet,S1_within_dataset,,10,2,140,1.0,5,140,768,4.69,0.7539137135762211,0.7539137135762211,NSCLC_GSE131907,13,6007,10,0,0.7158090088536184,0.7158090088536184,0.6837023472615282
geneformer,S1_within_dataset__seed2.parquet,S1_within_dataset,,10,2,140,1.0,5,140,768,4.69,0.7539137135762211,0.7539137135762211,PAAD_GSE111672,13,453,7,0,0.6083313838355855,0.6083313838355855,0.8322295805739515
geneformer,S1_within_dataset__seed2.parquet,S1_within_dataset,,10,2,140,1.0,5,140,768,4.69,0.7539137135762211,0.7539137135762211,PAAD_GSE154778,13,2989,6,0,0.5411344639066162,0.5411344639066162,0.8263633322181332
geneformer,S1_within_dataset__seed2.parquet,S1_within_dataset,,10,2,140,1.0,5,140,768,4.69,0.7539137135762211,0.7539137135762211,STAD_GSE134520,13,1308,6,0,0.6219700576082291,0.6219700576082291,0.6001529051987767
geneformer,S1_within_dataset__seed2.parquet,S1_within_dataset,,10,3,140,1.0,5,140,768,4.56,0.7130888269730156,0.7130888269730156,BRCA_GSE161529,13,6000,10,0,0.7423980741076626,0.7423980741076626,0.741
geneformer,S1_within_dataset__seed2.parquet,S1_within_dataset,,10,3,140,1.0,5,140,768,4.56,0.7130888269730156,0.7130888269730156,BRCA_GSE176078,13,6000,9,0,0.7140154956897309,0.7140154956897309,0.6846666666666666
geneformer,S1_within_dataset__seed2.parquet,S1_within_dataset,,10,3,140,1.0,5,140,768,4.56,0.7130888269730156,0.7130888269730156,CHOL_GSE125449_aPD1aPDL1aCTLA4,13,887,8,0,0.6957245181926037,0.6957245181926037,0.5591882750845547
geneformer,S1_within_dataset__seed2.parquet,S1_within_dataset,,10,3,140,1.0,5,140,768,4.56,0.7130888269730156,0.7130888269730156,CRC_GSE108989,13,2184,3,0,0.4675519736326206,0.4675519736326206,0.5210622710622711
geneformer,S1_within_dataset__seed2.parquet,S1_within_dataset,,10,3,140,1.0,5,140,768,4.56,0.7130888269730156,0.7130888269730156,CRC_GSE146771_10X,13,6000,7,0,0.6559700384350963,0.6559700384350963,0.6488333333333334
geneformer,S1_within_dataset__seed2.parquet,S1_within_dataset,,10,3,140,1.0,5,140,768,4.56,0.7130888269730156,0.7130888269730156,HNSC_GSE103322,13,1176,8,0,0.5844655912163391,0.5844655912163391,0.5399659863945578
geneformer,S1_within_dataset__seed2.parquet,S1_within_dataset,,10,3,140,1.0,5,140,768,4.56,0.7130888269730156,0.7130888269730156,LIHC_GSE140228_10X,13,5999,9,0,0.7450328902221321,0.7450328902221321,0.7409568261376897
geneformer,S1_within_dataset__seed2.parquet,S1_within_dataset,,10,3,140,1.0,5,140,768,4.56,0.7130888269730156,0.7130888269730156,LIHC_GSE98638,13,960,3,0,0.4828147841866086,0.4828147841866086,0.490625
geneformer,S1_within_dataset__seed2.parquet,S1_within_dataset,,10,3,140,1.0,5,140,768,4.56,0.7130888269730156,0.7130888269730156,NSCLC_GSE127465,13,6000,12,0,0.7755368390980911,0.7755368390980911,0.7786666666666666
geneformer,S1_within_dataset__seed2.parquet,S1_within_dataset,,10,3,140,1.0,5,140,768,4.56,0.7130888269730156,0.7130888269730156,NSCLC_GSE131907,13,6007,10,0,0.7179201065946315,0.7179201065946315,0.692192442150824
geneformer,S1_within_dataset__seed2.parquet,S1_within_dataset,,10,3,140,1.0,5,140,768,4.56,0.7130888269730156,0.7130888269730156,PAAD_GSE111672,13,453,7,0,0.6977746279234586,0.6977746279234586,0.7902869757174393
geneformer,S1_within_dataset__seed2.parquet,S1_within_dataset,,10,3,140,1.0,5,140,768,4.56,0.7130888269730156,0.7130888269730156,PAAD_GSE154778,13,2989,6,0,0.6173530919919773,0.6173530919919773,0.7902308464369354
geneformer,S1_within_dataset__seed2.parquet,S1_within_dataset,,10,3,140,1.0,5,140,768,4.56,0.7130888269730156,0.7130888269730156,STAD_GSE134520,13,1308,6,0,0.6839366961255114,0.6839366961255114,0.7752293577981652
geneformer,S1_within_dataset__seed2.parquet,S1_within_dataset,,10,4,140,0.1,5,140,768,5.17,0.7606376828906422,0.7606376828906422,BRCA_GSE161529,13,6000,10,0,0.711792895213762,0.711792895213762,0.7033333333333334
geneformer,S1_within_dataset__seed2.parquet,S1_within_dataset,,10,4,140,0.1,5,140,768,5.17,0.7606376828906422,0.7606376828906422,BRCA_GSE176078,13,6000,9,0,0.7268647760661143,0.7268647760661143,0.7188333333333333
geneformer,S1_within_dataset__seed2.parquet,S1_within_dataset,,10,4,140,0.1,5,140,768,5.17,0.7606376828906422,0.7606376828906422,CHOL_GSE125449_aPD1aPDL1aCTLA4,13,887,8,0,0.7041016382107534,0.7041016382107534,0.552423900789177
geneformer,S1_within_dataset__seed2.parquet,S1_within_dataset,,10,4,140,0.1,5,140,768,5.17,0.7606376828906422,0.7606376828906422,CRC_GSE108989,13,2184,3,0,0.8184041892120804,0.8184041892120804,0.8191391941391941
geneformer,S1_within_dataset__seed2.parquet,S1_within_dataset,,10,4,140,0.1,5,140,768,5.17,0.7606376828906422,0.7606376828906422,CRC_GSE146771_10X,13,6000,7,0,0.7935052815781262,0.7935052815781262,0.836
geneformer,S1_within_dataset__seed2.parquet,S1_within_dataset,,10,4,140,0.1,5,140,768,5.17,0.7606376828906422,0.7606376828906422,HNSC_GSE103322,13,1176,8,0,0.6724411859500902,0.6724411859500902,0.7704081632653061
geneformer,S1_within_dataset__seed2.parquet,S1_within_dataset,,10,4,140,0.1,5,140,768,5.17,0.7606376828906422,0.7606376828906422,LIHC_GSE140228_10X,13,5999,9,0,0.7798699853662718,0.7798699853662718,0.7879646607767962
geneformer,S1_within_dataset__seed2.parquet,S1_within_dataset,,10,4,140,0.1,5,140,768,5.17,0.7606376828906422,0.7606376828906422,LIHC_GSE98638,13,960,3,0,0.8453847897282682,0.8453847897282682,0.8427083333333333
geneformer,S1_within_dataset__seed2.parquet,S1_within_dataset,,10,4,140,0.1,5,140,768,5.17,0.7606376828906422,0.7606376828906422,NSCLC_GSE127465,13,6000,12,0,0.7861189653853632,0.7861189653853632,0.805
geneformer,S1_within_dataset__seed2.parquet,S1_within_dataset,,10,4,140,0.1,5,140,768,5.17,0.7606376828906422,0.7606376828906422,NSCLC_GSE131907,13,6007,10,0,0.7313648086688905,0.7313648086688905,0.697020143166306
geneformer,S1_within_dataset__seed2.parquet,S1_within_dataset,,10,4,140,0.1,5,140,768,5.17,0.7606376828906422,0.7606376828906422,PAAD_GSE111672,13,453,7,0,0.6105807704846208,0.6105807704846208,0.8211920529801324
geneformer,S1_within_dataset__seed2.parquet,S1_within_dataset,,10,4,140,0.1,5,140,768,5.17,0.7606376828906422,0.7606376828906422,PAAD_GSE154778,13,2989,6,0,0.5143213089068935,0.5143213089068935,0.6932084309133489
geneformer,S1_within_dataset__seed2.parquet,S1_within_dataset,,10,4,140,0.1,5,140,768,5.17,0.7606376828906422,0.7606376828906422,STAD_GSE134520,13,1308,6,0,0.5636817063134432,0.5636817063134432,0.5986238532110092
geneformer,S1_within_dataset__seed2.parquet,S1_within_dataset,,25,0,350,0.1,5,350,768,6.74,0.7991734628170553,0.7991734628170553,BRCA_GSE161529,13,6000,10,0,0.762351326989277,0.762351326989277,0.762
geneformer,S1_within_dataset__seed2.parquet,S1_within_dataset,,25,0,350,0.1,5,350,768,6.74,0.7991734628170553,0.7991734628170553,BRCA_GSE176078,13,6000,9,0,0.7347628468701957,0.7347628468701957,0.7225
geneformer,S1_within_dataset__seed2.parquet,S1_within_dataset,,25,0,350,0.1,5,350,768,6.74,0.7991734628170553,0.7991734628170553,CHOL_GSE125449_aPD1aPDL1aCTLA4,13,887,8,0,0.8589012753611838,0.8589012753611838,0.7790304396843292
geneformer,S1_within_dataset__seed2.parquet,S1_within_dataset,,25,0,350,0.1,5,350,768,6.74,0.7991734628170553,0.7991734628170553,CRC_GSE108989,13,2184,3,0,0.7959079261926866,0.7959079261926866,0.8076923076923077
geneformer,S1_within_dataset__seed2.parquet,S1_within_dataset,,25,0,350,0.1,5,350,768,6.74,0.7991734628170553,0.7991734628170553,CRC_GSE146771_10X,13,6000,7,0,0.9163585807326228,0.9163585807326228,0.9196666666666666
geneformer,S1_within_dataset__seed2.parquet,S1_within_dataset,,25,0,350,0.1,5,350,768,6.74,0.7991734628170553,0.7991734628170553,HNSC_GSE103322,13,1176,8,0,0.8214434932930039,0.8214434932930039,0.8877551020408163
geneformer,S1_within_dataset__seed2.parquet,S1_within_dataset,,25,0,350,0.1,5,350,768,6.74,0.7991734628170553,0.7991734628170553,LIHC_GSE140228_10X,13,5999,9,0,0.7878138024473379,0.7878138024473379,0.8094682447074513
geneformer,S1_within_dataset__seed2.parquet,S1_within_dataset,,25,0,350,0.1,5,350,768,6.74,0.7991734628170553,0.7991734628170553,LIHC_GSE98638,13,960,3,0,0.7665557062449643,0.7665557062449643,0.753125
geneformer,S1_within_dataset__seed2.parquet,S1_within_dataset,,25,0,350,0.1,5,350,768,6.74,0.7991734628170553,0.7991734628170553,NSCLC_GSE127465,13,6000,12,0,0.8207868737127696,0.8207868737127696,0.8071666666666667
geneformer,S1_within_dataset__seed2.parquet,S1_within_dataset,,25,0,350,0.1,5,350,768,6.74,0.7991734628170553,0.7991734628170553,NSCLC_GSE131907,13,6007,10,0,0.7700583218311015,0.7700583218311015,0.7456300982187448
geneformer,S1_within_dataset__seed2.parquet,S1_within_dataset,,25,0,350,0.1,5,350,768,6.74,0.7991734628170553,0.7991734628170553,PAAD_GSE111672,13,453,7,0,0.7320966542768417,0.7320966542768417,0.7880794701986755
geneformer,S1_within_dataset__seed2.parquet,S1_within_dataset,,25,0,350,0.1,5,350,768,6.74,0.7991734628170553,0.7991734628170553,PAAD_GSE154778,13,2989,6,0,0.6677789337693264,0.6677789337693264,0.8437604550016728
geneformer,S1_within_dataset__seed2.parquet,S1_within_dataset,,25,0,350,0.1,5,350,768,6.74,0.7991734628170553,0.7991734628170553,STAD_GSE134520,13,1308,6,0,0.7711072028766356,0.7711072028766356,0.7981651376146789
geneformer,S1_within_dataset__seed2.parquet,S1_within_dataset,,25,1,350,0.01,5,350,768,6.62,0.7805171997042893,0.7805171997042893,BRCA_GSE161529,13,6000,10,0,0.7286584214891589,0.7286584214891589,0.7393333333333333
geneformer,S1_within_dataset__seed2.parquet,S1_within_dataset,,25,1,350,0.01,5,350,768,6.62,0.7805171997042893,0.7805171997042893,BRCA_GSE176078,13,6000,9,0,0.730645603732894,0.730645603732894,0.6975
geneformer,S1_within_dataset__seed2.parquet,S1_within_dataset,,25,1,350,0.01,5,350,768,6.62,0.7805171997042893,0.7805171997042893,CHOL_GSE125449_aPD1aPDL1aCTLA4,13,887,8,0,0.8157379536121729,0.8157379536121729,0.7125140924464487
geneformer,S1_within_dataset__seed2.parquet,S1_within_dataset,,25,1,350,0.01,5,350,768,6.62,0.7805171997042893,0.7805171997042893,CRC_GSE108989,13,2184,3,0,0.7980011885297414,0.7980011885297414,0.809981684981685
geneformer,S1_within_dataset__seed2.parquet,S1_within_dataset,,25,1,350,0.01,5,350,768,6.62,0.7805171997042893,0.7805171997042893,CRC_GSE146771_10X,13,6000,7,0,0.9054643555232614,0.9054643555232614,0.9155
geneformer,S1_within_dataset__seed2.parquet,S1_within_dataset,,25,1,350,0.01,5,350,768,6.62,0.7805171997042893,0.7805171997042893,HNSC_GSE103322,13,1176,8,0,0.5586693063590258,0.5586693063590258,0.6904761904761905
geneformer,S1_within_dataset__seed2.parquet,S1_within_dataset,,25,1,350,0.01,5,350,768,6.62,0.7805171997042893,0.7805171997042893,LIHC_GSE140228_10X,13,5999,9,0,0.7830601914102601,0.7830601914102601,0.7809634939156526
geneformer,S1_within_dataset__seed2.parquet,S1_within_dataset,,25,1,350,0.01,5,350,768,6.62,0.7805171997042893,0.7805171997042893,LIHC_GSE98638,13,960,3,0,0.7789250816911938,0.7789250816911938,0.7770833333333333
geneformer,S1_within_dataset__seed2.parquet,S1_within_dataset,,25,1,350,0.01,5,350,768,6.62,0.7805171997042893,0.7805171997042893,NSCLC_GSE127465,13,6000,12,0,0.8378919563007695,0.8378919563007695,0.8545
geneformer,S1_within_dataset__seed2.parquet,S1_within_dataset,,25,1,350,0.01,5,350,768,6.62,0.7805171997042893,0.7805171997042893,NSCLC_GSE131907,13,6007,10,0,0.7314327774426663,0.7314327774426663,0.7073414349925088
geneformer,S1_within_dataset__seed2.parquet,S1_within_dataset,,25,1,350,0.01,5,350,768,6.62,0.7805171997042893,0.7805171997042893,PAAD_GSE111672,13,453,7,0,0.7170419438319484,0.7170419438319484,0.8741721854304636
geneformer,S1_within_dataset__seed2.parquet,S1_within_dataset,,25,1,350,0.01,5,350,768,6.62,0.7805171997042893,0.7805171997042893,PAAD_GSE154778,13,2989,6,0,0.6006219538839733,0.6006219538839733,0.8491134158581466
geneformer,S1_within_dataset__seed2.parquet,S1_within_dataset,,25,1,350,0.01,5,350,768,6.62,0.7805171997042893,0.7805171997042893,STAD_GSE134520,13,1308,6,0,0.5926313952566072,0.5926313952566072,0.6674311926605505
geneformer,S1_within_dataset__seed2.parquet,S1_within_dataset,,25,2,350,1.0,5,350,768,6.91,0.788145564701244,0.788145564701244,BRCA_GSE161529,13,6000,10,0,0.7555113402962222,0.7555113402962222,0.7471666666666666
geneformer,S1_within_dataset__seed2.parquet,S1_within_dataset,,25,2,350,1.0,5,350,768,6.91,0.788145564701244,0.788145564701244,BRCA_GSE176078,13,6000,9,0,0.7980159339853468,0.7980159339853468,0.782
geneformer,S1_within_dataset__seed2.parquet,S1_within_dataset,,25,2,350,1.0,5,350,768,6.91,0.788145564701244,0.788145564701244,CHOL_GSE125449_aPD1aPDL1aCTLA4,13,887,8,0,0.7835229488005506,0.7835229488005506,0.6459977452085682
geneformer,S1_within_dataset__seed2.parquet,S1_within_dataset,,25,2,350,1.0,5,350,768,6.91,0.788145564701244,0.788145564701244,CRC_GSE108989,13,2184,3,0,0.7613744359980492,0.7613744359980492,0.7724358974358975
geneformer,S1_within_dataset__seed2.parquet,S1_within_dataset,,25,2,350,1.0,5,350,768,6.91,0.788145564701244,0.788145564701244,CRC_GSE146771_10X,13,6000,7,0,0.9118774635643908,0.9118774635643908,0.9191666666666667
geneformer,S1_within_dataset__seed2.parquet,S1_within_dataset,,25,2,350,1.0,5,350,768,6.91,0.788145564701244,0.788145564701244,HNSC_GSE103322,13,1176,8,0,0.6962352522725127,0.6962352522725127,0.8384353741496599
geneformer,S1_within_dataset__seed2.parquet,S1_within_dataset,,25,2,350,1.0,5,350,768,6.91,0.788145564701244,0.788145564701244,LIHC_GSE140228_10X,13,5999,9,0,0.8004856807181886,0.8004856807181886,0.7917986331055176
geneformer,S1_within_dataset__seed2.parquet,S1_within_dataset,,25,2,350,1.0,5,350,768,6.91,0.788145564701244,0.788145564701244,LIHC_GSE98638,13,960,3,0,0.7716120817866079,0.7716120817866079,0.76875
geneformer,S1_within_dataset__seed2.parquet,S1_within_dataset,,25,2,350,1.0,5,350,768,6.91,0.788145564701244,0.788145564701244,NSCLC_GSE127465,13,6000,12,0,0.8025791783482271,0.8025791783482271,0.7896666666666666
geneformer,S1_within_dataset__seed2.parquet,S1_within_dataset,,25,2,350,1.0,5,350,768,6.91,0.788145564701244,0.788145564701244,NSCLC_GSE131907,13,6007,10,0,0.7085564080292525,0.7085564080292525,0.6770434493091393
geneformer,S1_within_dataset__seed2.parquet,S1_within_dataset,,25,2,350,1.0,5,350,768,6.91,0.788145564701244,0.788145564701244,PAAD_GSE111672,13,453,7,0,0.67465045075102,0.67465045075102,0.7064017660044151
geneformer,S1_within_dataset__seed2.parquet,S1_within_dataset,,25,2,350,1.0,5,350,768,6.91,0.788145564701244,0.788145564701244,PAAD_GSE154778,13,2989,6,0,0.6352533976834832,0.6352533976834832,0.7818668450986952
geneformer,S1_within_dataset__seed2.parquet,S1_within_dataset,,25,2,350,1.0,5,350,768,6.91,0.788145564701244,0.788145564701244,STAD_GSE134520,13,1308,6,0,0.7226975966033243,0.7226975966033243,0.7477064220183486
geneformer,S1_within_dataset__seed2.parquet,S1_within_dataset,,25,3,350,10.0,5,350,768,6.37,0.7699330477496942,0.7699330477496942,BRCA_GSE161529,13,6000,10,0,0.7500924900872856,0.7500924900872856,0.7398333333333333
geneformer,S1_within_dataset__seed2.parquet,S1_within_dataset,,25,3,350,10.0,5,350,768,6.37,0.7699330477496942,0.7699330477496942,BRCA_GSE176078,13,6000,9,0,0.774371429207138,0.774371429207138,0.7576666666666667
geneformer,S1_within_dataset__seed2.parquet,S1_within_dataset,,25,3,350,10.0,5,350,768,6.37,0.7699330477496942,0.7699330477496942,CHOL_GSE125449_aPD1aPDL1aCTLA4,13,887,8,0,0.7848531480145962,0.7848531480145962,0.6629086809470124
geneformer,S1_within_dataset__seed2.parquet,S1_within_dataset,,25,3,350,10.0,5,350,768,6.37,0.7699330477496942,0.7699330477496942,CRC_GSE108989,13,2184,3,0,0.7517082170349174,0.7517082170349174,0.7504578754578755
geneformer,S1_within_dataset__seed2.parquet,S1_within_dataset,,25,3,350,10.0,5,350,768,6.37,0.7699330477496942,0.7699330477496942,CRC_GSE146771_10X,13,6000,7,0,0.8800468719446278,0.8800468719446278,0.8776666666666667
geneformer,S1_within_dataset__seed2.parquet,S1_within_dataset,,25,3,350,10.0,5,350,768,6.37,0.7699330477496942,0.7699330477496942,HNSC_GSE103322,13,1176,8,0,0.5943929519925664,0.5943929519925664,0.6420068027210885
geneformer,S1_within_dataset__seed2.parquet,S1_within_dataset,,25,3,350,10.0,5,350,768,6.37,0.7699330477496942,0.7699330477496942,LIHC_GSE140228_10X,13,5999,9,0,0.7900468254906767,0.7900468254906767,0.7984664110685115
geneformer,S1_within_dataset__seed2.parquet,S1_within_dataset,,25,3,350,10.0,5,350,768,6.37,0.7699330477496942,0.7699330477496942,LIHC_GSE98638,13,960,3,0,0.7888445471606601,0.7888445471606601,0.78125
geneformer,S1_within_dataset__seed2.parquet,S1_within_dataset,,25,3,350,10.0,5,350,768,6.37,0.7699330477496942,0.7699330477496942,NSCLC_GSE127465,13,6000,12,0,0.7713119164747297,0.7713119164747297,0.794
geneformer,S1_within_dataset__seed2.parquet,S1_within_dataset,,25,3,350,10.0,5,350,768,6.37,0.7699330477496942,0.7699330477496942,NSCLC_GSE131907,13,6007,10,0,0.7211528260386975,0.7211528260386975,0.6950224737805893
geneformer,S1_within_dataset__seed2.parquet,S1_within_dataset,,25,3,350,10.0,5,350,768,6.37,0.7699330477496942,0.7699330477496942,PAAD_GSE111672,13,453,7,0,0.6084474032991866,0.6084474032991866,0.8454746136865342
geneformer,S1_within_dataset__seed2.parquet,S1_within_dataset,,25,3,350,10.0,5,350,768,6.37,0.7699330477496942,0.7699330477496942,PAAD_GSE154778,13,2989,6,0,0.6003626929943146,0.6003626929943146,0.8250250920040147
geneformer,S1_within_dataset__seed2.parquet,S1_within_dataset,,25,3,350,10.0,5,350,768,6.37,0.7699330477496942,0.7699330477496942,STAD_GSE134520,13,1308,6,0,0.5683705544393314,0.5683705544393314,0.6047400611620795
geneformer,S1_within_dataset__seed2.parquet,S1_within_dataset,,25,4,350,0.01,5,350,768,6.13,0.7835217247159687,0.7835217247159687,BRCA_GSE161529,13,6000,10,0,0.7763529802185467,0.7763529802185467,0.7665
geneformer,S1_within_dataset__seed2.parquet,S1_within_dataset,,25,4,350,0.01,5,350,768,6.13,0.7835217247159687,0.7835217247159687,BRCA_GSE176078,13,6000,9,0,0.7039189799932252,0.7039189799932252,0.6791666666666667
geneformer,S1_within_dataset__seed2.parquet,S1_within_dataset,,25,4,350,0.01,5,350,768,6.13,0.7835217247159687,0.7835217247159687,CHOL_GSE125449_aPD1aPDL1aCTLA4,13,887,8,0,0.7314126912712098,0.7314126912712098,0.5851183765501691
geneformer,S1_within_dataset__seed2.parquet,S1_within_dataset,,25,4,350,0.01,5,350,768,6.13,0.7835217247159687,0.7835217247159687,CRC_GSE108989,13,2184,3,0,0.7714244017476471,0.7714244017476471,0.7738095238095238
geneformer,S1_within_dataset__seed2.parquet,S1_within_dataset,,25,4,350,0.01,5,350,768,6.13,0.7835217247159687,0.7835217247159687,CRC_GSE146771_10X,13,6000,7,0,0.9175417498514952,0.9175417498514952,0.9096666666666666
geneformer,S1_within_dataset__seed2.parquet,S1_within_dataset,,25,4,350,0.01,5,350,768,6.13,0.7835217247159687,0.7835217247159687,HNSC_GSE103322,13,1176,8,0,0.6795926333312912,0.6795926333312912,0.75
geneformer,S1_within_dataset__seed2.parquet,S1_within_dataset,,25,4,350,0.01,5,350,768,6.13,0.7835217247159687,0.7835217247159687,LIHC_GSE140228_10X,13,5999,9,0,0.7884360780544623,0.7884360780544623,0.7884647441240207
geneformer,S1_within_dataset__seed2.parquet,S1_within_dataset,,25,4,350,0.01,5,350,768,6.13,0.7835217247159687,0.7835217247159687,LIHC_GSE98638,13,960,3,0,0.7266576801768901,0.7266576801768901,0.7052083333333333
geneformer,S1_within_dataset__seed2.parquet,S1_within_dataset,,25,4,350,0.01,5,350,768,6.13,0.7835217247159687,0.7835217247159687,NSCLC_GSE127465,13,6000,12,0,0.8072432100000154,0.8072432100000154,0.8096666666666666
geneformer,S1_within_dataset__seed2.parquet,S1_within_dataset,,25,4,350,0.01,5,350,768,6.13,0.7835217247159687,0.7835217247159687,NSCLC_GSE131907,13,6007,10,0,0.7523788012161907,0.7523788012161907,0.722157482936574
geneformer,S1_within_dataset__seed2.parquet,S1_within_dataset,,25,4,350,0.01,5,350,768,6.13,0.7835217247159687,0.7835217247159687,PAAD_GSE111672,13,453,7,0,0.7280237440968028,0.7280237440968028,0.8278145695364238
geneformer,S1_within_dataset__seed2.parquet,S1_within_dataset,,25,4,350,0.01,5,350,768,6.13,0.7835217247159687,0.7835217247159687,PAAD_GSE154778,13,2989,6,0,0.6083328210749176,0.6083328210749176,0.8303780528604885
geneformer,S1_within_dataset__seed2.parquet,S1_within_dataset,,25,4,350,0.01,5,350,768,6.13,0.7835217247159687,0.7835217247159687,STAD_GSE134520,13,1308,6,0,0.695587396845997,0.695587396845997,0.7392966360856269
geneformer,S1_within_dataset__seed2.parquet,S1_within_dataset,,50,0,700,0.01,5,700,768,9.12,0.8162737080210895,0.8162737080210895,BRCA_GSE161529,13,6000,10,0,0.8051572816986518,0.8051572816986518,0.7925
geneformer,S1_within_dataset__seed2.parquet,S1_within_dataset,,50,0,700,0.01,5,700,768,9.12,0.8162737080210895,0.8162737080210895,BRCA_GSE176078,13,6000,9,0,0.7831967558242554,0.7831967558242554,0.7548333333333334
geneformer,S1_within_dataset__seed2.parquet,S1_within_dataset,,50,0,700,0.01,5,700,768,9.12,0.8162737080210895,0.8162737080210895,CHOL_GSE125449_aPD1aPDL1aCTLA4,13,887,8,0,0.7811894816693173,0.7811894816693173,0.6403607666290868
geneformer,S1_within_dataset__seed2.parquet,S1_within_dataset,,50,0,700,0.01,5,700,768,9.12,0.8162737080210895,0.8162737080210895,CRC_GSE108989,13,2184,3,0,0.8228734351381041,0.8228734351381041,0.8328754578754579
geneformer,S1_within_dataset__seed2.parquet,S1_within_dataset,,50,0,700,0.01,5,700,768,9.12,0.8162737080210895,0.8162737080210895,CRC_GSE146771_10X,13,6000,7,0,0.9100254962203064,0.9100254962203064,0.9138333333333334
geneformer,S1_within_dataset__seed2.parquet,S1_within_dataset,,50,0,700,0.01,5,700,768,9.12,0.8162737080210895,0.8162737080210895,HNSC_GSE103322,13,1176,8,0,0.7692402765786134,0.7692402765786134,0.8018707482993197
geneformer,S1_within_dataset__seed2.parquet,S1_within_dataset,,50,0,700,0.01,5,700,768,9.12,0.8162737080210895,0.8162737080210895,LIHC_GSE140228_10X,13,5999,9,0,0.8305518464682293,0.8305518464682293,0.8379729954992499
geneformer,S1_within_dataset__seed2.parquet,S1_within_dataset,,50,0,700,0.01,5,700,768,9.12,0.8162737080210895,0.8162737080210895,LIHC_GSE98638,13,960,3,0,0.7594114141984889,0.7594114141984889,0.7541666666666667
geneformer,S1_within_dataset__seed2.parquet,S1_within_dataset,,50,0,700,0.01,5,700,768,9.12,0.8162737080210895,0.8162737080210895,NSCLC_GSE127465,13,6000,12,0,0.8592239128165319,0.8592239128165319,0.892
geneformer,S1_within_dataset__seed2.parquet,S1_within_dataset,,50,0,700,0.01,5,700,768,9.12,0.8162737080210895,0.8162737080210895,NSCLC_GSE131907,13,6007,10,0,0.7515535898704219,0.7515535898704219,0.7254869319127685
geneformer,S1_within_dataset__seed2.parquet,S1_within_dataset,,50,0,700,0.01,5,700,768,9.12,0.8162737080210895,0.8162737080210895,PAAD_GSE111672,13,453,7,0,0.7411451047809402,0.7411451047809402,0.8410596026490066
geneformer,S1_within_dataset__seed2.parquet,S1_within_dataset,,50,0,700,0.01,5,700,768,9.12,0.8162737080210895,0.8162737080210895,PAAD_GSE154778,13,2989,6,0,0.6451226515780876,0.6451226515780876,0.8200066912010706
geneformer,S1_within_dataset__seed2.parquet,S1_within_dataset,,50,0,700,0.01,5,700,768,9.12,0.8162737080210895,0.8162737080210895,STAD_GSE134520,13,1308,6,0,0.7711256681246303,0.7711256681246303,0.7614678899082569
geneformer,S1_within_dataset__seed2.parquet,S1_within_dataset,,50,1,700,0.01,5,700,768,8.93,0.808313816129263,0.808313816129263,BRCA_GSE161529,13,6000,10,0,0.7712498033474696,0.7712498033474696,0.765
geneformer,S1_within_dataset__seed2.parquet,S1_within_dataset,,50,1,700,0.01,5,700,768,8.93,0.808313816129263,0.808313816129263,BRCA_GSE176078,13,6000,9,0,0.7817529105302314,0.7817529105302314,0.7608333333333334
geneformer,S1_within_dataset__seed2.parquet,S1_within_dataset,,50,1,700,0.01,5,700,768,8.93,0.808313816129263,0.808313816129263,CHOL_GSE125449_aPD1aPDL1aCTLA4,13,887,8,0,0.8213658886355317,0.8213658886355317,0.7091319052987599
geneformer,S1_within_dataset__seed2.parquet,S1_within_dataset,,50,1,700,0.01,5,700,768,8.93,0.808313816129263,0.808313816129263,CRC_GSE108989,13,2184,3,0,0.7926326888685251,0.7926326888685251,0.8063186813186813
geneformer,S1_within_dataset__seed2.parquet,S1_within_dataset,,50,1,700,0.01,5,700,768,8.93,0.808313816129263,0.808313816129263,CRC_GSE146771_10X,13,6000,7,0,0.9221187007436852,0.9221187007436852,0.9235
geneformer,S1_within_dataset__seed2.parquet,S1_within_dataset,,50,1,700,0.01,5,700,768,8.93,0.808313816129263,0.808313816129263,HNSC_GSE103322,13,1176,8,0,0.7456717176384436,0.7456717176384436,0.8801020408163265
geneformer,S1_within_dataset__seed2.parquet,S1_within_dataset,,50,1,700,0.01,5,700,768,8.93,0.808313816129263,0.808313816129263,LIHC_GSE140228_10X,13,5999,9,0,0.8321022294657229,0.8321022294657229,0.8336389398233038
geneformer,S1_within_dataset__seed2.parquet,S1_within_dataset,,50,1,700,0.01,5,700,768,8.93,0.808313816129263,0.808313816129263,LIHC_GSE98638,13,960,3,0,0.7718822053603249,0.7718822053603249,0.7666666666666667
geneformer,S1_within_dataset__seed2.parquet,S1_within_dataset,,50,1,700,0.01,5,700,768,8.93,0.808313816129263,0.808313816129263,NSCLC_GSE127465,13,6000,12,0,0.8508060951156401,0.8508060951156401,0.8766666666666667
geneformer,S1_within_dataset__seed2.parquet,S1_within_dataset,,50,1,700,0.01,5,700,768,8.93,0.808313816129263,0.808313816129263,NSCLC_GSE131907,13,6007,10,0,0.7372985575735304,0.7372985575735304,0.7046778758115532
geneformer,S1_within_dataset__seed2.parquet,S1_within_dataset,,50,1,700,0.01,5,700,768,8.93,0.808313816129263,0.808313816129263,PAAD_GSE111672,13,453,7,0,0.6479945956033184,0.6479945956033184,0.8123620309050773
geneformer,S1_within_dataset__seed2.parquet,S1_within_dataset,,50,1,700,0.01,5,700,768,8.93,0.808313816129263,0.808313816129263,PAAD_GSE154778,13,2989,6,0,0.5798087885115094,0.5798087885115094,0.7574439611910337
geneformer,S1_within_dataset__seed2.parquet,S1_within_dataset,,50,1,700,0.01,5,700,768,8.93,0.808313816129263,0.808313816129263,STAD_GSE134520,13,1308,6,0,0.7437679722141121,0.7437679722141121,0.7492354740061162
geneformer,S1_within_dataset__seed2.parquet,S1_within_dataset,,50,2,700,100.0,5,700,768,8.77,0.7865058708126568,0.7865058708126568,BRCA_GSE161529,13,6000,10,0,0.7523554493110423,0.7523554493110423,0.7478333333333333
geneformer,S1_within_dataset__seed2.parquet,S1_within_dataset,,50,2,700,100.0,5,700,768,8.77,0.7865058708126568,0.7865058708126568,BRCA_GSE176078,13,6000,9,0,0.7867073211987642,0.7867073211987642,0.7805
geneformer,S1_within_dataset__seed2.parquet,S1_within_dataset,,50,2,700,100.0,5,700,768,8.77,0.7865058708126568,0.7865058708126568,CHOL_GSE125449_aPD1aPDL1aCTLA4,13,887,8,0,0.8233106297555244,0.8233106297555244,0.7384441939120632
geneformer,S1_within_dataset__seed2.parquet,S1_within_dataset,,50,2,700,100.0,5,700,768,8.77,0.7865058708126568,0.7865058708126568,CRC_GSE108989,13,2184,3,0,0.6825573434942228,0.6825573434942228,0.6831501831501832
geneformer,S1_within_dataset__seed2.parquet,S1_within_dataset,,50,2,700,100.0,5,700,768,8.77,0.7865058708126568,0.7865058708126568,CRC_GSE146771_10X,13,6000,7,0,0.8093232851713302,0.8093232851713302,0.8678333333333333
geneformer,S1_within_dataset__seed2.parquet,S1_within_dataset,,50,2,700,100.0,5,700,768,8.77,0.7865058708126568,0.7865058708126568,HNSC_GSE103322,13,1176,8,0,0.7389797843847712,0.7389797843847712,0.8027210884353742
geneformer,S1_within_dataset__seed2.parquet,S1_within_dataset,,50,2,700,100.0,5,700,768,8.77,0.7865058708126568,0.7865058708126568,LIHC_GSE140228_10X,13,5999,9,0,0.7407525245444482,0.7407525245444482,0.7474579096516086
geneformer,S1_within_dataset__seed2.parquet,S1_within_dataset,,50,2,700,100.0,5,700,768,8.77,0.7865058708126568,0.7865058708126568,LIHC_GSE98638,13,960,3,0,0.739549876646651,0.739549876646651,0.7416666666666667
geneformer,S1_within_dataset__seed2.parquet,S1_within_dataset,,50,2,700,100.0,5,700,768,8.77,0.7865058708126568,0.7865058708126568,NSCLC_GSE127465,13,6000,12,0,0.7635660329966454,0.7635660329966454,0.8051666666666667
geneformer,S1_within_dataset__seed2.parquet,S1_within_dataset,,50,2,700,100.0,5,700,768,8.77,0.7865058708126568,0.7865058708126568,NSCLC_GSE131907,13,6007,10,0,0.7486688576811869,0.7486688576811869,0.7278175461961045
geneformer,S1_within_dataset__seed2.parquet,S1_within_dataset,,50,2,700,100.0,5,700,768,8.77,0.7865058708126568,0.7865058708126568,PAAD_GSE111672,13,453,7,0,0.6712846472617187,0.6712846472617187,0.8675496688741722
geneformer,S1_within_dataset__seed2.parquet,S1_within_dataset,,50,2,700,100.0,5,700,768,8.77,0.7865058708126568,0.7865058708126568,PAAD_GSE154778,13,2989,6,0,0.637977138420419,0.637977138420419,0.8109735697557712
geneformer,S1_within_dataset__seed2.parquet,S1_within_dataset,,50,2,700,100.0,5,700,768,8.77,0.7865058708126568,0.7865058708126568,STAD_GSE134520,13,1308,6,0,0.7351932641318601,0.7351932641318601,0.7912844036697247
geneformer,S1_within_dataset__seed2.parquet,S1_within_dataset,,50,3,700,10.0,5,700,768,8.38,0.8057958120790899,0.8057958120790899,BRCA_GSE161529,13,6000,10,0,0.8133746410969789,0.8133746410969789,0.8036666666666666
geneformer,S1_within_dataset__seed2.parquet,S1_within_dataset,,50,3,700,10.0,5,700,768,8.38,0.8057958120790899,0.8057958120790899,BRCA_GSE176078,13,6000,9,0,0.7891736319362898,0.7891736319362898,0.7758333333333334
geneformer,S1_within_dataset__seed2.parquet,S1_within_dataset,,50,3,700,10.0,5,700,768,8.38,0.8057958120790899,0.8057958120790899,CHOL_GSE125449_aPD1aPDL1aCTLA4,13,887,8,0,0.7312270212190043,0.7312270212190043,0.6144306651634723
geneformer,S1_within_dataset__seed2.parquet,S1_within_dataset,,50,3,700,10.0,5,700,768,8.38,0.8057958120790899,0.8057958120790899,CRC_GSE108989,13,2184,3,0,0.7340477292664288,0.7340477292664288,0.7316849816849816
geneformer,S1_within_dataset__seed2.parquet,S1_within_dataset,,50,3,700,10.0,5,700,768,8.38,0.8057958120790899,0.8057958120790899,CRC_GSE146771_10X,13,6000,7,0,0.8878387135201437,0.8878387135201437,0.8825
geneformer,S1_within_dataset__seed2.parquet,S1_within_dataset,,50,3,700,10.0,5,700,768,8.38,0.8057958120790899,0.8057958120790899,HNSC_GSE103322,13,1176,8,0,0.6958150765928864,0.6958150765928864,0.7950680272108843
geneformer,S1_within_dataset__seed2.parquet,S1_within_dataset,,50,3,700,10.0,5,700,768,8.38,0.8057958120790899,0.8057958120790899,LIHC_GSE140228_10X,13,5999,9,0,0.7775473911578091,0.7775473911578091,0.7744624104017336
geneformer,S1_within_dataset__seed2.parquet,S1_within_dataset,,50,3,700,10.0,5,700,768,8.38,0.8057958120790899,0.8057958120790899,LIHC_GSE98638,13,960,3,0,0.7854472039368438,0.7854472039368438,0.7729166666666667
geneformer,S1_within_dataset__seed2.parquet,S1_within_dataset,,50,3,700,10.0,5,700,768,8.38,0.8057958120790899,0.8057958120790899,NSCLC_GSE127465,13,6000,12,0,0.8308129918199278,0.8308129918199278,0.8695
geneformer,S1_within_dataset__seed2.parquet,S1_within_dataset,,50,3,700,10.0,5,700,768,8.38,0.8057958120790899,0.8057958120790899,NSCLC_GSE131907,13,6007,10,0,0.7419206831303075,0.7419206831303075,0.7143332778425171
geneformer,S1_within_dataset__seed2.parquet,S1_within_dataset,,50,3,700,10.0,5,700,768,8.38,0.8057958120790899,0.8057958120790899,PAAD_GSE111672,13,453,7,0,0.7682145482282573,0.7682145482282573,0.8233995584988962
geneformer,S1_within_dataset__seed2.parquet,S1_within_dataset,,50,3,700,10.0,5,700,768,8.38,0.8057958120790899,0.8057958120790899,PAAD_GSE154778,13,2989,6,0,0.6769291576224488,0.6769291576224488,0.81197724991636
geneformer,S1_within_dataset__seed2.parquet,S1_within_dataset,,50,3,700,10.0,5,700,768,8.38,0.8057958120790899,0.8057958120790899,STAD_GSE134520,13,1308,6,0,0.6622275444561715,0.6622275444561715,0.7415902140672783
geneformer,S1_within_dataset__seed2.parquet,S1_within_dataset,,50,4,700,0.01,5,700,768,10.31,0.8183054454727753,0.8183054454727753,BRCA_GSE161529,13,6000,10,0,0.8217807306893639,0.8217807306893639,0.8175
geneformer,S1_within_dataset__seed2.parquet,S1_within_dataset,,50,4,700,0.01,5,700,768,10.31,0.8183054454727753,0.8183054454727753,BRCA_GSE176078,13,6000,9,0,0.7677188265309325,0.7677188265309325,0.7601666666666667
geneformer,S1_within_dataset__seed2.parquet,S1_within_dataset,,50,4,700,0.01,5,700,768,10.31,0.8183054454727753,0.8183054454727753,CHOL_GSE125449_aPD1aPDL1aCTLA4,13,887,8,0,0.7916173957189354,0.7916173957189354,0.6640360766629086
geneformer,S1_within_dataset__seed2.parquet,S1_within_dataset,,50,4,700,0.01,5,700,768,10.31,0.8183054454727753,0.8183054454727753,CRC_GSE108989,13,2184,3,0,0.8283841743976179,0.8283841743976179,0.842032967032967
geneformer,S1_within_dataset__seed2.parquet,S1_within_dataset,,50,4,700,0.01,5,700,768,10.31,0.8183054454727753,0.8183054454727753,CRC_GSE146771_10X,13,6000,7,0,0.9319978109443474,0.9319978109443474,0.937
geneformer,S1_within_dataset__seed2.parquet,S1_within_dataset,,50,4,700,0.01,5,700,768,10.31,0.8183054454727753,0.8183054454727753,HNSC_GSE103322,13,1176,8,0,0.8004682754789614,0.8004682754789614,0.8341836734693877
geneformer,S1_within_dataset__seed2.parquet,S1_within_dataset,,50,4,700,0.01,5,700,768,10.31,0.8183054454727753,0.8183054454727753,LIHC_GSE140228_10X,13,5999,9,0,0.8302297092192351,0.8302297092192351,0.8373062177029504
geneformer,S1_within_dataset__seed2.parquet,S1_within_dataset,,50,4,700,0.01,5,700,768,10.31,0.8183054454727753,0.8183054454727753,LIHC_GSE98638,13,960,3,0,0.8204492987118058,0.8204492987118058,0.8166666666666667
geneformer,S1_within_dataset__seed2.parquet,S1_within_dataset,,50,4,700,0.01,5,700,768,10.31,0.8183054454727753,0.8183054454727753,NSCLC_GSE127465,13,6000,12,0,0.8530352295806392,0.8530352295806392,0.8818333333333334
geneformer,S1_within_dataset__seed2.parquet,S1_within_dataset,,50,4,700,0.01,5,700,768,10.31,0.8183054454727753,0.8183054454727753,NSCLC_GSE131907,13,6007,10,0,0.7484033363010845,0.7484033363010845,0.7144997502913268
geneformer,S1_within_dataset__seed2.parquet,S1_within_dataset,,50,4,700,0.01,5,700,768,10.31,0.8183054454727753,0.8183054454727753,PAAD_GSE111672,13,453,7,0,0.6981320542575616,0.6981320542575616,0.8675496688741722
geneformer,S1_within_dataset__seed2.parquet,S1_within_dataset,,50,4,700,0.01,5,700,768,10.31,0.8183054454727753,0.8183054454727753,PAAD_GSE154778,13,2989,6,0,0.6298969479824873,0.6298969479824873,0.7878889260622282
geneformer,S1_within_dataset__seed2.parquet,S1_within_dataset,,50,4,700,0.01,5,700,768,10.31,0.8183054454727753,0.8183054454727753,STAD_GSE134520,13,1308,6,0,0.5899339360793926,0.5899339360793926,0.6093272171253823
geneformer,S1_within_dataset__seed2.parquet,S1_within_dataset,,100,0,1400,0.1,5,1400,768,16.68,0.8370815764720029,0.8370815764720029,BRCA_GSE161529,13,6000,10,0,0.8196176732292075,0.8196176732292075,0.8091666666666667
geneformer,S1_within_dataset__seed2.parquet,S1_within_dataset,,100,0,1400,0.1,5,1400,768,16.68,0.8370815764720029,0.8370815764720029,BRCA_GSE176078,13,6000,9,0,0.7736807347978489,0.7736807347978489,0.768
geneformer,S1_within_dataset__seed2.parquet,S1_within_dataset,,100,0,1400,0.1,5,1400,768,16.68,0.8370815764720029,0.8370815764720029,CHOL_GSE125449_aPD1aPDL1aCTLA4,13,887,8,0,0.7760593965977174,0.7760593965977174,0.6651634723788049
geneformer,S1_within_dataset__seed2.parquet,S1_within_dataset,,100,0,1400,0.1,5,1400,768,16.68,0.8370815764720029,0.8370815764720029,CRC_GSE108989,13,2184,3,0,0.8163625336082184,0.8163625336082184,0.8241758241758241
geneformer,S1_within_dataset__seed2.parquet,S1_within_dataset,,100,0,1400,0.1,5,1400,768,16.68,0.8370815764720029,0.8370815764720029,CRC_GSE146771_10X,13,6000,7,0,0.9114812228241558,0.9114812228241558,0.9245
geneformer,S1_within_dataset__seed2.parquet,S1_within_dataset,,100,0,1400,0.1,5,1400,768,16.68,0.8370815764720029,0.8370815764720029,HNSC_GSE103322,13,1176,8,0,0.8079499613538754,0.8079499613538754,0.8869047619047619
geneformer,S1_within_dataset__seed2.parquet,S1_within_dataset,,100,0,1400,0.1,5,1400,768,16.68,0.8370815764720029,0.8370815764720029,LIHC_GSE140228_10X,13,5999,9,0,0.8431404894498988,0.8431404894498988,0.8494749124854143
geneformer,S1_within_dataset__seed2.parquet,S1_within_dataset,,100,0,1400,0.1,5,1400,768,16.68,0.8370815764720029,0.8370815764720029,LIHC_GSE98638,13,960,3,0,0.7987701966348552,0.7987701966348552,0.7854166666666667
geneformer,S1_within_dataset__seed2.parquet,S1_within_dataset,,100,0,1400,0.1,5,1400,768,16.68,0.8370815764720029,0.8370815764720029,NSCLC_GSE127465,13,6000,12,0,0.8372551843322608,0.8372551843322608,0.8861666666666667
geneformer,S1_within_dataset__seed2.parquet,S1_within_dataset,,100,0,1400,0.1,5,1400,768,16.68,0.8370815764720029,0.8370815764720029,NSCLC_GSE131907,13,6007,10,0,0.7909998028206287,0.7909998028206287,0.7696021308473447
geneformer,S1_within_dataset__seed2.parquet,S1_within_dataset,,100,0,1400,0.1,5,1400,768,16.68,0.8370815764720029,0.8370815764720029,PAAD_GSE111672,13,453,7,0,0.6803711457267048,0.6803711457267048,0.7947019867549668
geneformer,S1_within_dataset__seed2.parquet,S1_within_dataset,,100,0,1400,0.1,5,1400,768,16.68,0.8370815764720029,0.8370815764720029,PAAD_GSE154778,13,2989,6,0,0.680498133916834,0.680498133916834,0.8327199732351958
geneformer,S1_within_dataset__seed2.parquet,S1_within_dataset,,100,0,1400,0.1,5,1400,768,16.68,0.8370815764720029,0.8370815764720029,STAD_GSE134520,13,1308,6,0,0.8210995999023059,0.8210995999023059,0.8302752293577982
geneformer,S1_within_dataset__seed2.parquet,S1_within_dataset,,100,1,1400,0.1,5,1400,768,14.96,0.831472026533722,0.831472026533722,BRCA_GSE161529,13,6000,10,0,0.8010021930727772,0.8010021930727772,0.7923333333333333
geneformer,S1_within_dataset__seed2.parquet,S1_within_dataset,,100,1,1400,0.1,5,1400,768,14.96,0.831472026533722,0.831472026533722,BRCA_GSE176078,13,6000,9,0,0.8118976774473611,0.8118976774473611,0.7945
geneformer,S1_within_dataset__seed2.parquet,S1_within_dataset,,100,1,1400,0.1,5,1400,768,14.96,0.831472026533722,0.831472026533722,CHOL_GSE125449_aPD1aPDL1aCTLA4,13,887,8,0,0.7694171914613639,0.7694171914613639,0.6347237880496054
geneformer,S1_within_dataset__seed2.parquet,S1_within_dataset,,100,1,1400,0.1,5,1400,768,14.96,0.831472026533722,0.831472026533722,CRC_GSE108989,13,2184,3,0,0.8116788052839764,0.8116788052839764,0.8177655677655677
geneformer,S1_within_dataset__seed2.parquet,S1_within_dataset,,100,1,1400,0.1,5,1400,768,14.96,0.831472026533722,0.831472026533722,CRC_GSE146771_10X,13,6000,7,0,0.9004171511918395,0.9004171511918395,0.8961666666666667
geneformer,S1_within_dataset__seed2.parquet,S1_within_dataset,,100,1,1400,0.1,5,1400,768,14.96,0.831472026533722,0.831472026533722,HNSC_GSE103322,13,1176,8,0,0.7538443925306686,0.7538443925306686,0.8656462585034014
geneformer,S1_within_dataset__seed2.parquet,S1_within_dataset,,100,1,1400,0.1,5,1400,768,14.96,0.831472026533722,0.831472026533722,LIHC_GSE140228_10X,13,5999,9,0,0.8509589878084527,0.8509589878084527,0.8564760793465578
geneformer,S1_within_dataset__seed2.parquet,S1_within_dataset,,100,1,1400,0.1,5,1400,768,14.96,0.831472026533722,0.831472026533722,LIHC_GSE98638,13,960,3,0,0.8327666176097644,0.8327666176097644,0.8260416666666667
geneformer,S1_within_dataset__seed2.parquet,S1_within_dataset,,100,1,1400,0.1,5,1400,768,14.96,0.831472026533722,0.831472026533722,NSCLC_GSE127465,13,6000,12,0,0.8505347828802439,0.8505347828802439,0.8775
geneformer,S1_within_dataset__seed2.parquet,S1_within_dataset,,100,1,1400,0.1,5,1400,768,14.96,0.831472026533722,0.831472026533722,NSCLC_GSE131907,13,6007,10,0,0.7793121314154041,0.7793121314154041,0.7542866655568503
geneformer,S1_within_dataset__seed2.parquet,S1_within_dataset,,100,1,1400,0.1,5,1400,768,14.96,0.831472026533722,0.831472026533722,PAAD_GSE111672,13,453,7,0,0.7760363605631186,0.7760363605631186,0.9050772626931567
geneformer,S1_within_dataset__seed2.parquet,S1_within_dataset,,100,1,1400,0.1,5,1400,768,14.96,0.831472026533722,0.831472026533722,PAAD_GSE154778,13,2989,6,0,0.692394365917679,0.692394365917679,0.8645031783205085
geneformer,S1_within_dataset__seed2.parquet,S1_within_dataset,,100,1,1400,0.1,5,1400,768,14.96,0.831472026533722,0.831472026533722,STAD_GSE134520,13,1308,6,0,0.6890111037237309,0.6890111037237309,0.7584097859327217
geneformer,S1_within_dataset__seed2.parquet,S1_within_dataset,,100,2,1400,0.01,5,1400,768,14.98,0.8217255690474309,0.8217255690474309,BRCA_GSE161529,13,6000,10,0,0.8162910303323475,0.8162910303323475,0.809
geneformer,S1_within_dataset__seed2.parquet,S1_within_dataset,,100,2,1400,0.01,5,1400,768,14.98,0.8217255690474309,0.8217255690474309,BRCA_GSE176078,13,6000,9,0,0.7980483925937291,0.7980483925937291,0.791
geneformer,S1_within_dataset__seed2.parquet,S1_within_dataset,,100,2,1400,0.01,5,1400,768,14.98,0.8217255690474309,0.8217255690474309,CHOL_GSE125449_aPD1aPDL1aCTLA4,13,887,8,0,0.8303196948678744,0.8303196948678744,0.7294250281848929
geneformer,S1_within_dataset__seed2.parquet,S1_within_dataset,,100,2,1400,0.01,5,1400,768,14.98,0.8217255690474309,0.8217255690474309,CRC_GSE108989,13,2184,3,0,0.7607547641416278,0.7607547641416278,0.7738095238095238
geneformer,S1_within_dataset__seed2.parquet,S1_within_dataset,,100,2,1400,0.01,5,1400,768,14.98,0.8217255690474309,0.8217255690474309,CRC_GSE146771_10X,13,6000,7,0,0.9232866021640731,0.9232866021640731,0.9263333333333333
geneformer,S1_within_dataset__seed2.parquet,S1_within_dataset,,100,2,1400,0.01,5,1400,768,14.98,0.8217255690474309,0.8217255690474309,HNSC_GSE103322,13,1176,8,0,0.8237507584927899,0.8237507584927899,0.8758503401360545
geneformer,S1_within_dataset__seed2.parquet,S1_within_dataset,,100,2,1400,0.01,5,1400,768,14.98,0.8217255690474309,0.8217255690474309,LIHC_GSE140228_10X,13,5999,9,0,0.8359553650771443,0.8359553650771443,0.8401400233372228
geneformer,S1_within_dataset__seed2.parquet,S1_within_dataset,,100,2,1400,0.01,5,1400,768,14.98,0.8217255690474309,0.8217255690474309,LIHC_GSE98638,13,960,3,0,0.7737413160396421,0.7737413160396421,0.76875
geneformer,S1_within_dataset__seed2.parquet,S1_within_dataset,,100,2,1400,0.01,5,1400,768,14.98,0.8217255690474309,0.8217255690474309,NSCLC_GSE127465,13,6000,12,0,0.8048586487507271,0.8048586487507271,0.7688333333333334
geneformer,S1_within_dataset__seed2.parquet,S1_within_dataset,,100,2,1400,0.01,5,1400,768,14.98,0.8217255690474309,0.8217255690474309,NSCLC_GSE131907,13,6007,10,0,0.7781801718841117,0.7781801718841117,0.7506242716830365
geneformer,S1_within_dataset__seed2.parquet,S1_within_dataset,,100,2,1400,0.01,5,1400,768,14.98,0.8217255690474309,0.8217255690474309,PAAD_GSE111672,13,453,7,0,0.7349810833424278,0.7349810833424278,0.8543046357615894
geneformer,S1_within_dataset__seed2.parquet,S1_within_dataset,,100,2,1400,0.01,5,1400,768,14.98,0.8217255690474309,0.8217255690474309,PAAD_GSE154778,13,2989,6,0,0.6857061945273445,0.6857061945273445,0.8852459016393442
geneformer,S1_within_dataset__seed2.parquet,S1_within_dataset,,100,2,1400,0.01,5,1400,768,14.98,0.8217255690474309,0.8217255690474309,STAD_GSE134520,13,1308,6,0,0.6194202833019056,0.6194202833019056,0.7255351681957186
geneformer,S1_within_dataset__seed2.parquet,S1_within_dataset,,100,3,1400,0.1,5,1400,768,15.92,0.8321989887179713,0.8321989887179713,BRCA_GSE161529,13,6000,10,0,0.8150945600892101,0.8150945600892101,0.811
geneformer,S1_within_dataset__seed2.parquet,S1_within_dataset,,100,3,1400,0.1,5,1400,768,15.92,0.8321989887179713,0.8321989887179713,BRCA_GSE176078,13,6000,9,0,0.7997162420444441,0.7997162420444441,0.7908333333333334
geneformer,S1_within_dataset__seed2.parquet,S1_within_dataset,,100,3,1400,0.1,5,1400,768,15.92,0.8321989887179713,0.8321989887179713,CHOL_GSE125449_aPD1aPDL1aCTLA4,13,887,8,0,0.8004088223024115,0.8004088223024115,0.6865839909808342
geneformer,S1_within_dataset__seed2.parquet,S1_within_dataset,,100,3,1400,0.1,5,1400,768,15.92,0.8321989887179713,0.8321989887179713,CRC_GSE108989,13,2184,3,0,0.7713381676969409,0.7713381676969409,0.7715201465201466
geneformer,S1_within_dataset__seed2.parquet,S1_within_dataset,,100,3,1400,0.1,5,1400,768,15.92,0.8321989887179713,0.8321989887179713,CRC_GSE146771_10X,13,6000,7,0,0.9182152680797849,0.9182152680797849,0.9153333333333333
geneformer,S1_within_dataset__seed2.parquet,S1_within_dataset,,100,3,1400,0.1,5,1400,768,15.92,0.8321989887179713,0.8321989887179713,HNSC_GSE103322,13,1176,8,0,0.7924321315921707,0.7924321315921707,0.8877551020408163
geneformer,S1_within_dataset__seed2.parquet,S1_within_dataset,,100,3,1400,0.1,5,1400,768,15.92,0.8321989887179713,0.8321989887179713,LIHC_GSE140228_10X,13,5999,9,0,0.8307225246764478,0.8307225246764478,0.8309718286381064
geneformer,S1_within_dataset__seed2.parquet,S1_within_dataset,,100,3,1400,0.1,5,1400,768,15.92,0.8321989887179713,0.8321989887179713,LIHC_GSE98638,13,960,3,0,0.7668018396671149,0.7668018396671149,0.7635416666666667
geneformer,S1_within_dataset__seed2.parquet,S1_within_dataset,,100,3,1400,0.1,5,1400,768,15.92,0.8321989887179713,0.8321989887179713,NSCLC_GSE127465,13,6000,12,0,0.8107993643741068,0.8107993643741068,0.8585
geneformer,S1_within_dataset__seed2.parquet,S1_within_dataset,,100,3,1400,0.1,5,1400,768,15.92,0.8321989887179713,0.8321989887179713,NSCLC_GSE131907,13,6007,10,0,0.801498181881588,0.801498181881588,0.779590477775928
geneformer,S1_within_dataset__seed2.parquet,S1_within_dataset,,100,3,1400,0.1,5,1400,768,15.92,0.8321989887179713,0.8321989887179713,PAAD_GSE111672,13,453,7,0,0.7466616903101944,0.7466616903101944,0.7328918322295805
geneformer,S1_within_dataset__seed2.parquet,S1_within_dataset,,100,3,1400,0.1,5,1400,768,15.92,0.8321989887179713,0.8321989887179713,PAAD_GSE154778,13,2989,6,0,0.6807315314862096,0.6807315314862096,0.8705252592840415
geneformer,S1_within_dataset__seed2.parquet,S1_within_dataset,,100,3,1400,0.1,5,1400,768,15.92,0.8321989887179713,0.8321989887179713,STAD_GSE134520,13,1308,6,0,0.7746469994501809,0.7746469994501809,0.7920489296636085
geneformer,S1_within_dataset__seed2.parquet,S1_within_dataset,,100,4,1400,0.1,5,1400,768,16.59,0.8302125293030237,0.8302125293030237,BRCA_GSE161529,13,6000,10,0,0.8238573279641258,0.8238573279641258,0.8116666666666666
geneformer,S1_within_dataset__seed2.parquet,S1_within_dataset,,100,4,1400,0.1,5,1400,768,16.59,0.8302125293030237,0.8302125293030237,BRCA_GSE176078,13,6000,9,0,0.7927184602603436,0.7927184602603436,0.7855
geneformer,S1_within_dataset__seed2.parquet,S1_within_dataset,,100,4,1400,0.1,5,1400,768,16.59,0.8302125293030237,0.8302125293030237,CHOL_GSE125449_aPD1aPDL1aCTLA4,13,887,8,0,0.6832957289628967,0.6832957289628967,0.5851183765501691
geneformer,S1_within_dataset__seed2.parquet,S1_within_dataset,,100,4,1400,0.1,5,1400,768,16.59,0.8302125293030237,0.8302125293030237,CRC_GSE108989,13,2184,3,0,0.7957509462680753,0.7957509462680753,0.8063186813186813
geneformer,S1_within_dataset__seed2.parquet,S1_within_dataset,,100,4,1400,0.1,5,1400,768,16.59,0.8302125293030237,0.8302125293030237,CRC_GSE146771_10X,13,6000,7,0,0.9053389462503452,0.9053389462503452,0.9088333333333334
geneformer,S1_within_dataset__seed2.parquet,S1_within_dataset,,100,4,1400,0.1,5,1400,768,16.59,0.8302125293030237,0.8302125293030237,HNSC_GSE103322,13,1176,8,0,0.7980336704354729,0.7980336704354729,0.8316326530612245
geneformer,S1_within_dataset__seed2.parquet,S1_within_dataset,,100,4,1400,0.1,5,1400,768,16.59,0.8302125293030237,0.8302125293030237,LIHC_GSE140228_10X,13,5999,9,0,0.8279356566312008,0.8279356566312008,0.8318053008834806
geneformer,S1_within_dataset__seed2.parquet,S1_within_dataset,,100,4,1400,0.1,5,1400,768,16.59,0.8302125293030237,0.8302125293030237,LIHC_GSE98638,13,960,3,0,0.7904192579838812,0.7904192579838812,0.79375
geneformer,S1_within_dataset__seed2.parquet,S1_within_dataset,,100,4,1400,0.1,5,1400,768,16.59,0.8302125293030237,0.8302125293030237,NSCLC_GSE127465,13,6000,12,0,0.8413202827531571,0.8413202827531571,0.864
geneformer,S1_within_dataset__seed2.parquet,S1_within_dataset,,100,4,1400,0.1,5,1400,768,16.59,0.8302125293030237,0.8302125293030237,NSCLC_GSE131907,13,6007,10,0,0.7769795800707042,0.7769795800707042,0.7521225237223239
geneformer,S1_within_dataset__seed2.parquet,S1_within_dataset,,100,4,1400,0.1,5,1400,768,16.59,0.8302125293030237,0.8302125293030237,PAAD_GSE111672,13,453,7,0,0.8029375515510794,0.8029375515510794,0.8763796909492274
geneformer,S1_within_dataset__seed2.parquet,S1_within_dataset,,100,4,1400,0.1,5,1400,768,16.59,0.8302125293030237,0.8302125293030237,PAAD_GSE154778,13,2989,6,0,0.7015209534800358,0.7015209534800358,0.8725326196052191
geneformer,S1_within_dataset__seed2.parquet,S1_within_dataset,,100,4,1400,0.1,5,1400,768,16.59,0.8302125293030237,0.8302125293030237,STAD_GSE134520,13,1308,6,0,0.7862724303509215,0.7862724303509215,0.7989296636085627
