representation,split_file,scheme,holdout_group,budget,seed,dataset,n_datasets_in_run,n_train_used,C_selected,inner_cv_folds_used,cv_selection_cells,n_dims_selected,seconds,pooled_macro_f1,pooled_macro_f1_all_test_classes,n_test,n_classes_learnable,n_classes_test_only,macro_f1,macro_f1_all_test_classes,accuracy
geneformer,S1_within_dataset__seed0.parquet,S1_within_dataset,,5,0,BRCA_GSE161529,13,70,10.0,5,70,768,6.2,0.7063773177747403,0.7063773177747403,6000,10,0,0.6698484371377684,0.6698484371377684,0.6743333333333333
geneformer,S1_within_dataset__seed0.parquet,S1_within_dataset,,5,0,BRCA_GSE176078,13,70,10.0,5,70,768,6.2,0.7063773177747403,0.7063773177747403,6000,9,0,0.668077843738441,0.668077843738441,0.6565
geneformer,S1_within_dataset__seed0.parquet,S1_within_dataset,,5,0,CHOL_GSE125449_aPD1aPDL1aCTLA4,13,70,10.0,5,70,768,6.2,0.7063773177747403,0.7063773177747403,887,8,0,0.7827817996021168,0.7827817996021168,0.6223224351747464
geneformer,S1_within_dataset__seed0.parquet,S1_within_dataset,,5,0,CRC_GSE108989,13,70,10.0,5,70,768,6.2,0.7063773177747403,0.7063773177747403,2184,3,0,0.4300019199950397,0.4300019199950397,0.4748168498168498
geneformer,S1_within_dataset__seed0.parquet,S1_within_dataset,,5,0,CRC_GSE146771_10X,13,70,10.0,5,70,768,6.2,0.7063773177747403,0.7063773177747403,6000,7,0,0.8495192132448552,0.8495192132448552,0.841
geneformer,S1_within_dataset__seed0.parquet,S1_within_dataset,,5,0,HNSC_GSE103322,13,70,10.0,5,70,768,6.2,0.7063773177747403,0.7063773177747403,1176,8,0,0.471965690268385,0.471965690268385,0.5731292517006803
geneformer,S1_within_dataset__seed0.parquet,S1_within_dataset,,5,0,LIHC_GSE140228_10X,13,70,10.0,5,70,768,6.2,0.7063773177747403,0.7063773177747403,5999,9,0,0.7319610202556273,0.7319610202556273,0.7691281880313385
geneformer,S1_within_dataset__seed0.parquet,S1_within_dataset,,5,0,LIHC_GSE98638,13,70,10.0,5,70,768,6.2,0.7063773177747403,0.7063773177747403,960,3,0,0.38793050219983355,0.38793050219983355,0.43125
geneformer,S1_within_dataset__seed0.parquet,S1_within_dataset,,5,0,NSCLC_GSE127465,13,70,10.0,5,70,768,6.2,0.7063773177747403,0.7063773177747403,6000,12,0,0.7584833219456871,0.7584833219456871,0.7658333333333334
geneformer,S1_within_dataset__seed0.parquet,S1_within_dataset,,5,0,NSCLC_GSE131907,13,70,10.0,5,70,768,6.2,0.7063773177747403,0.7063773177747403,6007,10,0,0.6707970805584417,0.6707970805584417,0.6502413850507741
geneformer,S1_within_dataset__seed0.parquet,S1_within_dataset,,5,0,PAAD_GSE111672,13,70,10.0,5,70,768,6.2,0.7063773177747403,0.7063773177747403,453,7,0,0.7188246543226484,0.7188246543226484,0.8587196467991169
geneformer,S1_within_dataset__seed0.parquet,S1_within_dataset,,5,0,PAAD_GSE154778,13,70,10.0,5,70,768,6.2,0.7063773177747403,0.7063773177747403,2989,6,0,0.5504030628297011,0.5504030628297011,0.8089662094345935
geneformer,S1_within_dataset__seed0.parquet,S1_within_dataset,,5,0,STAD_GSE134520,13,70,10.0,5,70,768,6.2,0.7063773177747403,0.7063773177747403,1308,6,0,0.5155054241996161,0.5155054241996161,0.6062691131498471
geneformer,S1_within_dataset__seed0.parquet,S1_within_dataset,,5,1,BRCA_GSE161529,13,70,10.0,5,70,768,3.23,0.6618528048528086,0.6618528048528086,6000,10,0,0.625374115994219,0.625374115994219,0.6141666666666666
geneformer,S1_within_dataset__seed0.parquet,S1_within_dataset,,5,1,BRCA_GSE176078,13,70,10.0,5,70,768,3.23,0.6618528048528086,0.6618528048528086,6000,9,0,0.6587996646851759,0.6587996646851759,0.6235
geneformer,S1_within_dataset__seed0.parquet,S1_within_dataset,,5,1,CHOL_GSE125449_aPD1aPDL1aCTLA4,13,70,10.0,5,70,768,3.23,0.6618528048528086,0.6618528048528086,887,8,0,0.7088974434133859,0.7088974434133859,0.5400225479143179
geneformer,S1_within_dataset__seed0.parquet,S1_within_dataset,,5,1,CRC_GSE108989,13,70,10.0,5,70,768,3.23,0.6618528048528086,0.6618528048528086,2184,3,0,0.5102779695505251,0.5102779695505251,0.5970695970695971
geneformer,S1_within_dataset__seed0.parquet,S1_within_dataset,,5,1,CRC_GSE146771_10X,13,70,10.0,5,70,768,3.23,0.6618528048528086,0.6618528048528086,6000,7,0,0.5709166674928261,0.5709166674928261,0.5631666666666667
geneformer,S1_within_dataset__seed0.parquet,S1_within_dataset,,5,1,HNSC_GSE103322,13,70,10.0,5,70,768,3.23,0.6618528048528086,0.6618528048528086,1176,8,0,0.5198042584829572,0.5198042584829572,0.5144557823129252
geneformer,S1_within_dataset__seed0.parquet,S1_within_dataset,,5,1,LIHC_GSE140228_10X,13,70,10.0,5,70,768,3.23,0.6618528048528086,0.6618528048528086,5999,9,0,0.7024308807128556,0.7024308807128556,0.6696116019336557
geneformer,S1_within_dataset__seed0.parquet,S1_within_dataset,,5,1,LIHC_GSE98638,13,70,10.0,5,70,768,3.23,0.6618528048528086,0.6618528048528086,960,3,0,0.5338464430427337,0.5338464430427337,0.6333333333333333
geneformer,S1_within_dataset__seed0.parquet,S1_within_dataset,,5,1,NSCLC_GSE127465,13,70,10.0,5,70,768,3.23,0.6618528048528086,0.6618528048528086,6000,12,0,0.7710291856021861,0.7710291856021861,0.7653333333333333
geneformer,S1_within_dataset__seed0.parquet,S1_within_dataset,,5,1,NSCLC_GSE131907,13,70,10.0,5,70,768,3.23,0.6618528048528086,0.6618528048528086,6007,10,0,0.6310019808769296,0.6310019808769296,0.597636091226902
geneformer,S1_within_dataset__seed0.parquet,S1_within_dataset,,5,1,PAAD_GSE111672,13,70,10.0,5,70,768,3.23,0.6618528048528086,0.6618528048528086,453,7,0,0.621623879174506,0.621623879174506,0.23841059602649006
geneformer,S1_within_dataset__seed0.parquet,S1_within_dataset,,5,1,PAAD_GSE154778,13,70,10.0,5,70,768,3.23,0.6618528048528086,0.6618528048528086,2989,6,0,0.5781676828122952,0.5781676828122952,0.45533623285379726
geneformer,S1_within_dataset__seed0.parquet,S1_within_dataset,,5,1,STAD_GSE134520,13,70,10.0,5,70,768,3.23,0.6618528048528086,0.6618528048528086,1308,6,0,0.603485696847745,0.603485696847745,0.6383792048929664
geneformer,S1_within_dataset__seed0.parquet,S1_within_dataset,,5,2,BRCA_GSE161529,13,70,10.0,5,70,768,3.42,0.7279358388659983,0.7279358388659983,6000,10,0,0.7123458342278509,0.7123458342278509,0.7238333333333333
geneformer,S1_within_dataset__seed0.parquet,S1_within_dataset,,5,2,BRCA_GSE176078,13,70,10.0,5,70,768,3.42,0.7279358388659983,0.7279358388659983,6000,9,0,0.6834682074202658,0.6834682074202658,0.6506666666666666
geneformer,S1_within_dataset__seed0.parquet,S1_within_dataset,,5,2,CHOL_GSE125449_aPD1aPDL1aCTLA4,13,70,10.0,5,70,768,3.42,0.7279358388659983,0.7279358388659983,887,8,0,0.722663038835911,0.722663038835911,0.5659526493799324
geneformer,S1_within_dataset__seed0.parquet,S1_within_dataset,,5,2,CRC_GSE108989,13,70,10.0,5,70,768,3.42,0.7279358388659983,0.7279358388659983,2184,3,0,0.8160261678697222,0.8160261678697222,0.8067765567765568
geneformer,S1_within_dataset__seed0.parquet,S1_within_dataset,,5,2,CRC_GSE146771_10X,13,70,10.0,5,70,768,3.42,0.7279358388659983,0.7279358388659983,6000,7,0,0.820922202274282,0.820922202274282,0.8011666666666667
geneformer,S1_within_dataset__seed0.parquet,S1_within_dataset,,5,2,HNSC_GSE103322,13,70,10.0,5,70,768,3.42,0.7279358388659983,0.7279358388659983,1176,8,0,0.44327933915412643,0.44327933915412643,0.3852040816326531
geneformer,S1_within_dataset__seed0.parquet,S1_within_dataset,,5,2,LIHC_GSE140228_10X,13,70,10.0,5,70,768,3.42,0.7279358388659983,0.7279358388659983,5999,9,0,0.7994798220534002,0.7994798220534002,0.8141356892815469
geneformer,S1_within_dataset__seed0.parquet,S1_within_dataset,,5,2,LIHC_GSE98638,13,70,10.0,5,70,768,3.42,0.7279358388659983,0.7279358388659983,960,3,0,0.7495998370883891,0.7495998370883891,0.7229166666666667
geneformer,S1_within_dataset__seed0.parquet,S1_within_dataset,,5,2,NSCLC_GSE127465,13,70,10.0,5,70,768,3.42,0.7279358388659983,0.7279358388659983,6000,12,0,0.7808481677670058,0.7808481677670058,0.8388333333333333
geneformer,S1_within_dataset__seed0.parquet,S1_within_dataset,,5,2,NSCLC_GSE131907,13,70,10.0,5,70,768,3.42,0.7279358388659983,0.7279358388659983,6007,10,0,0.6631582730503365,0.6631582730503365,0.620942234060263
geneformer,S1_within_dataset__seed0.parquet,S1_within_dataset,,5,2,PAAD_GSE111672,13,70,10.0,5,70,768,3.42,0.7279358388659983,0.7279358388659983,453,7,0,0.7011959839690932,0.7011959839690932,0.5408388520971302
geneformer,S1_within_dataset__seed0.parquet,S1_within_dataset,,5,2,PAAD_GSE154778,13,70,10.0,5,70,768,3.42,0.7279358388659983,0.7279358388659983,2989,6,0,0.5799238146964503,0.5799238146964503,0.6768149882903981
geneformer,S1_within_dataset__seed0.parquet,S1_within_dataset,,5,2,STAD_GSE134520,13,70,10.0,5,70,768,3.42,0.7279358388659983,0.7279358388659983,1308,6,0,0.5441164792646546,0.5441164792646546,0.6498470948012233
geneformer,S1_within_dataset__seed0.parquet,S1_within_dataset,,5,3,BRCA_GSE161529,13,70,10.0,5,70,768,3.2,0.6726011389725051,0.6726011389725051,6000,10,0,0.6104925685837299,0.6104925685837299,0.6165
geneformer,S1_within_dataset__seed0.parquet,S1_within_dataset,,5,3,BRCA_GSE176078,13,70,10.0,5,70,768,3.2,0.6726011389725051,0.6726011389725051,6000,9,0,0.6392969272582172,0.6392969272582172,0.6251666666666666
geneformer,S1_within_dataset__seed0.parquet,S1_within_dataset,,5,3,CHOL_GSE125449_aPD1aPDL1aCTLA4,13,70,10.0,5,70,768,3.2,0.6726011389725051,0.6726011389725051,887,8,0,0.7051969877796738,0.7051969877796738,0.6313416009019166
geneformer,S1_within_dataset__seed0.parquet,S1_within_dataset,,5,3,CRC_GSE108989,13,70,10.0,5,70,768,3.2,0.6726011389725051,0.6726011389725051,2184,3,0,0.5037046518986295,0.5037046518986295,0.5412087912087912
geneformer,S1_within_dataset__seed0.parquet,S1_within_dataset,,5,3,CRC_GSE146771_10X,13,70,10.0,5,70,768,3.2,0.6726011389725051,0.6726011389725051,6000,7,0,0.6656235446893454,0.6656235446893454,0.6243333333333333
geneformer,S1_within_dataset__seed0.parquet,S1_within_dataset,,5,3,HNSC_GSE103322,13,70,10.0,5,70,768,3.2,0.6726011389725051,0.6726011389725051,1176,8,0,0.5295590535935267,0.5295590535935267,0.391156462585034
geneformer,S1_within_dataset__seed0.parquet,S1_within_dataset,,5,3,LIHC_GSE140228_10X,13,70,10.0,5,70,768,3.2,0.6726011389725051,0.6726011389725051,5999,9,0,0.7226578578433865,0.7226578578433865,0.7206201033505584
geneformer,S1_within_dataset__seed0.parquet,S1_within_dataset,,5,3,LIHC_GSE98638,13,70,10.0,5,70,768,3.2,0.6726011389725051,0.6726011389725051,960,3,0,0.4554923022362349,0.4554923022362349,0.50625
geneformer,S1_within_dataset__seed0.parquet,S1_within_dataset,,5,3,NSCLC_GSE127465,13,70,10.0,5,70,768,3.2,0.6726011389725051,0.6726011389725051,6000,12,0,0.7054279761913448,0.7054279761913448,0.7226666666666667
geneformer,S1_within_dataset__seed0.parquet,S1_within_dataset,,5,3,NSCLC_GSE131907,13,70,10.0,5,70,768,3.2,0.6726011389725051,0.6726011389725051,6007,10,0,0.6397801385069866,0.6397801385069866,0.6171133677376395
geneformer,S1_within_dataset__seed0.parquet,S1_within_dataset,,5,3,PAAD_GSE111672,13,70,10.0,5,70,768,3.2,0.6726011389725051,0.6726011389725051,453,7,0,0.7663942737476043,0.7663942737476043,0.5894039735099338
geneformer,S1_within_dataset__seed0.parquet,S1_within_dataset,,5,3,PAAD_GSE154778,13,70,10.0,5,70,768,3.2,0.6726011389725051,0.6726011389725051,2989,6,0,0.6121258142432878,0.6121258142432878,0.7216460354633657
geneformer,S1_within_dataset__seed0.parquet,S1_within_dataset,,5,3,STAD_GSE134520,13,70,10.0,5,70,768,3.2,0.6726011389725051,0.6726011389725051,1308,6,0,0.5435055219770218,0.5435055219770218,0.5122324159021406
geneformer,S1_within_dataset__seed0.parquet,S1_within_dataset,,5,4,BRCA_GSE161529,13,70,0.1,5,70,768,3.48,0.7023746564422301,0.7023746564422301,6000,10,0,0.6293414592410452,0.6293414592410452,0.658
geneformer,S1_within_dataset__seed0.parquet,S1_within_dataset,,5,4,BRCA_GSE176078,13,70,0.1,5,70,768,3.48,0.7023746564422301,0.7023746564422301,6000,9,0,0.5829842479158874,0.5829842479158874,0.5958333333333333
geneformer,S1_within_dataset__seed0.parquet,S1_within_dataset,,5,4,CHOL_GSE125449_aPD1aPDL1aCTLA4,13,70,0.1,5,70,768,3.48,0.7023746564422301,0.7023746564422301,887,8,0,0.7453376342176542,0.7453376342176542,0.6200676437429538
geneformer,S1_within_dataset__seed0.parquet,S1_within_dataset,,5,4,CRC_GSE108989,13,70,0.1,5,70,768,3.48,0.7023746564422301,0.7023746564422301,2184,3,0,0.8001306797901077,0.8001306797901077,0.8090659340659341
geneformer,S1_within_dataset__seed0.parquet,S1_within_dataset,,5,4,CRC_GSE146771_10X,13,70,0.1,5,70,768,3.48,0.7023746564422301,0.7023746564422301,6000,7,0,0.5585281618370385,0.5585281618370385,0.5923333333333334
geneformer,S1_within_dataset__seed0.parquet,S1_within_dataset,,5,4,HNSC_GSE103322,13,70,0.1,5,70,768,3.48,0.7023746564422301,0.7023746564422301,1176,8,0,0.3147341227939836,0.3147341227939836,0.1556122448979592
geneformer,S1_within_dataset__seed0.parquet,S1_within_dataset,,5,4,LIHC_GSE140228_10X,13,70,0.1,5,70,768,3.48,0.7023746564422301,0.7023746564422301,5999,9,0,0.7834933935116002,0.7834933935116002,0.7861310218369728
geneformer,S1_within_dataset__seed0.parquet,S1_within_dataset,,5,4,LIHC_GSE98638,13,70,0.1,5,70,768,3.48,0.7023746564422301,0.7023746564422301,960,3,0,0.7284288369690554,0.7284288369690554,0.7270833333333333
geneformer,S1_within_dataset__seed0.parquet,S1_within_dataset,,5,4,NSCLC_GSE127465,13,70,0.1,5,70,768,3.48,0.7023746564422301,0.7023746564422301,6000,12,0,0.7253494372177385,0.7253494372177385,0.732
geneformer,S1_within_dataset__seed0.parquet,S1_within_dataset,,5,4,NSCLC_GSE131907,13,70,0.1,5,70,768,3.48,0.7023746564422301,0.7023746564422301,6007,10,0,0.7039968211105194,0.7039968211105194,0.6812052605293824
geneformer,S1_within_dataset__seed0.parquet,S1_within_dataset,,5,4,PAAD_GSE111672,13,70,0.1,5,70,768,3.48,0.7023746564422301,0.7023746564422301,453,7,0,0.7050882039644005,0.7050882039644005,0.8785871964679912
geneformer,S1_within_dataset__seed0.parquet,S1_within_dataset,,5,4,PAAD_GSE154778,13,70,0.1,5,70,768,3.48,0.7023746564422301,0.7023746564422301,2989,6,0,0.5941518653781767,0.5941518653781767,0.835061893609903
geneformer,S1_within_dataset__seed0.parquet,S1_within_dataset,,5,4,STAD_GSE134520,13,70,0.1,5,70,768,3.48,0.7023746564422301,0.7023746564422301,1308,6,0,0.5987427795284642,0.5987427795284642,0.591743119266055
geneformer,S1_within_dataset__seed0.parquet,S1_within_dataset,,10,0,BRCA_GSE161529,13,140,1.0,5,140,768,3.47,0.7350146979130903,0.7350146979130903,6000,10,0,0.7907173124337199,0.7907173124337199,0.7813333333333333
geneformer,S1_within_dataset__seed0.parquet,S1_within_dataset,,10,0,BRCA_GSE176078,13,140,1.0,5,140,768,3.47,0.7350146979130903,0.7350146979130903,6000,9,0,0.7563735293393355,0.7563735293393355,0.7351666666666666
geneformer,S1_within_dataset__seed0.parquet,S1_within_dataset,,10,0,CHOL_GSE125449_aPD1aPDL1aCTLA4,13,140,1.0,5,140,768,3.47,0.7350146979130903,0.7350146979130903,887,8,0,0.7440775504959196,0.7440775504959196,0.6324689966178129
geneformer,S1_within_dataset__seed0.parquet,S1_within_dataset,,10,0,CRC_GSE108989,13,140,1.0,5,140,768,3.47,0.7350146979130903,0.7350146979130903,2184,3,0,0.29494032551528054,0.29494032551528054,0.3250915750915751
geneformer,S1_within_dataset__seed0.parquet,S1_within_dataset,,10,0,CRC_GSE146771_10X,13,140,1.0,5,140,768,3.47,0.7350146979130903,0.7350146979130903,6000,7,0,0.7411897364440703,0.7411897364440703,0.698
geneformer,S1_within_dataset__seed0.parquet,S1_within_dataset,,10,0,HNSC_GSE103322,13,140,1.0,5,140,768,3.47,0.7350146979130903,0.7350146979130903,1176,8,0,0.41947253467742285,0.41947253467742285,0.5977891156462585
geneformer,S1_within_dataset__seed0.parquet,S1_within_dataset,,10,0,LIHC_GSE140228_10X,13,140,1.0,5,140,768,3.47,0.7350146979130903,0.7350146979130903,5999,9,0,0.7203654396868301,0.7203654396868301,0.7312885480913486
geneformer,S1_within_dataset__seed0.parquet,S1_within_dataset,,10,0,LIHC_GSE98638,13,140,1.0,5,140,768,3.47,0.7350146979130903,0.7350146979130903,960,3,0,0.22562585356507658,0.22562585356507658,0.26666666666666666
geneformer,S1_within_dataset__seed0.parquet,S1_within_dataset,,10,0,NSCLC_GSE127465,13,140,1.0,5,140,768,3.47,0.7350146979130903,0.7350146979130903,6000,12,0,0.7656861869368452,0.7656861869368452,0.8261666666666667
geneformer,S1_within_dataset__seed0.parquet,S1_within_dataset,,10,0,NSCLC_GSE131907,13,140,1.0,5,140,768,3.47,0.7350146979130903,0.7350146979130903,6007,10,0,0.7423523555542496,0.7423523555542496,0.7128350258032295
geneformer,S1_within_dataset__seed0.parquet,S1_within_dataset,,10,0,PAAD_GSE111672,13,140,1.0,5,140,768,3.47,0.7350146979130903,0.7350146979130903,453,7,0,0.7407064289130286,0.7407064289130286,0.8498896247240618
geneformer,S1_within_dataset__seed0.parquet,S1_within_dataset,,10,0,PAAD_GSE154778,13,140,1.0,5,140,768,3.47,0.7350146979130903,0.7350146979130903,2989,6,0,0.6758707504850584,0.6758707504850584,0.8681833389093342
geneformer,S1_within_dataset__seed0.parquet,S1_within_dataset,,10,0,STAD_GSE134520,13,140,1.0,5,140,768,3.47,0.7350146979130903,0.7350146979130903,1308,6,0,0.5652059515292384,0.5652059515292384,0.6850152905198776
geneformer,S1_within_dataset__seed0.parquet,S1_within_dataset,,10,1,BRCA_GSE161529,13,140,0.1,5,140,768,3.66,0.7637607389901337,0.7637607389901337,6000,10,0,0.7526423507969824,0.7526423507969824,0.7333333333333333
geneformer,S1_within_dataset__seed0.parquet,S1_within_dataset,,10,1,BRCA_GSE176078,13,140,0.1,5,140,768,3.66,0.7637607389901337,0.7637607389901337,6000,9,0,0.7728184083730647,0.7728184083730647,0.758
geneformer,S1_within_dataset__seed0.parquet,S1_within_dataset,,10,1,CHOL_GSE125449_aPD1aPDL1aCTLA4,13,140,0.1,5,140,768,3.66,0.7637607389901337,0.7637607389901337,887,8,0,0.7497522329236964,0.7497522329236964,0.6144306651634723
geneformer,S1_within_dataset__seed0.parquet,S1_within_dataset,,10,1,CRC_GSE108989,13,140,0.1,5,140,768,3.66,0.7637607389901337,0.7637607389901337,2184,3,0,0.7314512409602933,0.7314512409602933,0.73992673992674
geneformer,S1_within_dataset__seed0.parquet,S1_within_dataset,,10,1,CRC_GSE146771_10X,13,140,0.1,5,140,768,3.66,0.7637607389901337,0.7637607389901337,6000,7,0,0.9013583694015835,0.9013583694015835,0.8953333333333333
geneformer,S1_within_dataset__seed0.parquet,S1_within_dataset,,10,1,HNSC_GSE103322,13,140,0.1,5,140,768,3.66,0.7637607389901337,0.7637607389901337,1176,8,0,0.4890153138092956,0.4890153138092956,0.48639455782312924
geneformer,S1_within_dataset__seed0.parquet,S1_within_dataset,,10,1,LIHC_GSE140228_10X,13,140,0.1,5,140,768,3.66,0.7637607389901337,0.7637607389901337,5999,9,0,0.7542260071654747,0.7542260071654747,0.7646274379063177
geneformer,S1_within_dataset__seed0.parquet,S1_within_dataset,,10,1,LIHC_GSE98638,13,140,0.1,5,140,768,3.66,0.7637607389901337,0.7637607389901337,960,3,0,0.6986496509642652,0.6986496509642652,0.7072916666666667
geneformer,S1_within_dataset__seed0.parquet,S1_within_dataset,,10,1,NSCLC_GSE127465,13,140,0.1,5,140,768,3.66,0.7637607389901337,0.7637607389901337,6000,12,0,0.7696857256806764,0.7696857256806764,0.8031666666666667
geneformer,S1_within_dataset__seed0.parquet,S1_within_dataset,,10,1,NSCLC_GSE131907,13,140,0.1,5,140,768,3.66,0.7637607389901337,0.7637607389901337,6007,10,0,0.6933524514612293,0.6933524514612293,0.6632262360579324
geneformer,S1_within_dataset__seed0.parquet,S1_within_dataset,,10,1,PAAD_GSE111672,13,140,0.1,5,140,768,3.66,0.7637607389901337,0.7637607389901337,453,7,0,0.7608416331479305,0.7608416331479305,0.6622516556291391
geneformer,S1_within_dataset__seed0.parquet,S1_within_dataset,,10,1,PAAD_GSE154778,13,140,0.1,5,140,768,3.66,0.7637607389901337,0.7637607389901337,2989,6,0,0.6097931674298362,0.6097931674298362,0.8263633322181332
geneformer,S1_within_dataset__seed0.parquet,S1_within_dataset,,10,1,STAD_GSE134520,13,140,0.1,5,140,768,3.66,0.7637607389901337,0.7637607389901337,1308,6,0,0.7503020519223674,0.7503020519223674,0.7966360856269113
geneformer,S1_within_dataset__seed0.parquet,S1_within_dataset,,10,2,BRCA_GSE161529,13,140,1.0,5,140,768,3.61,0.762513231400198,0.762513231400198,6000,10,0,0.7205858506530014,0.7205858506530014,0.7168333333333333
geneformer,S1_within_dataset__seed0.parquet,S1_within_dataset,,10,2,BRCA_GSE176078,13,140,1.0,5,140,768,3.61,0.762513231400198,0.762513231400198,6000,9,0,0.6542229429224716,0.6542229429224716,0.6521666666666667
geneformer,S1_within_dataset__seed0.parquet,S1_within_dataset,,10,2,CHOL_GSE125449_aPD1aPDL1aCTLA4,13,140,1.0,5,140,768,3.61,0.762513231400198,0.762513231400198,887,8,0,0.8031131061002222,0.8031131061002222,0.713641488162345
geneformer,S1_within_dataset__seed0.parquet,S1_within_dataset,,10,2,CRC_GSE108989,13,140,1.0,5,140,768,3.61,0.762513231400198,0.762513231400198,2184,3,0,0.7073587504848562,0.7073587504848562,0.8058608058608059
geneformer,S1_within_dataset__seed0.parquet,S1_within_dataset,,10,2,CRC_GSE146771_10X,13,140,1.0,5,140,768,3.61,0.762513231400198,0.762513231400198,6000,7,0,0.8369922183992111,0.8369922183992111,0.842
geneformer,S1_within_dataset__seed0.parquet,S1_within_dataset,,10,2,HNSC_GSE103322,13,140,1.0,5,140,768,3.61,0.762513231400198,0.762513231400198,1176,8,0,0.6938877562062585,0.6938877562062585,0.7763605442176871
geneformer,S1_within_dataset__seed0.parquet,S1_within_dataset,,10,2,LIHC_GSE140228_10X,13,140,1.0,5,140,768,3.61,0.762513231400198,0.762513231400198,5999,9,0,0.8175003250447939,0.8175003250447939,0.8373062177029504
geneformer,S1_within_dataset__seed0.parquet,S1_within_dataset,,10,2,LIHC_GSE98638,13,140,1.0,5,140,768,3.61,0.762513231400198,0.762513231400198,960,3,0,0.7865456905833538,0.7865456905833538,0.7854166666666667
geneformer,S1_within_dataset__seed0.parquet,S1_within_dataset,,10,2,NSCLC_GSE127465,13,140,1.0,5,140,768,3.61,0.762513231400198,0.762513231400198,6000,12,0,0.7637645947574517,0.7637645947574517,0.7688333333333334
geneformer,S1_within_dataset__seed0.parquet,S1_within_dataset,,10,2,NSCLC_GSE131907,13,140,1.0,5,140,768,3.61,0.762513231400198,0.762513231400198,6007,10,0,0.7265375439269508,0.7265375439269508,0.6960213084734477
geneformer,S1_within_dataset__seed0.parquet,S1_within_dataset,,10,2,PAAD_GSE111672,13,140,1.0,5,140,768,3.61,0.762513231400198,0.762513231400198,453,7,0,0.7019378022010146,0.7019378022010146,0.8719646799116998
geneformer,S1_within_dataset__seed0.parquet,S1_within_dataset,,10,2,PAAD_GSE154778,13,140,1.0,5,140,768,3.61,0.762513231400198,0.762513231400198,2989,6,0,0.5886868809223681,0.5886868809223681,0.8584810973569755
geneformer,S1_within_dataset__seed0.parquet,S1_within_dataset,,10,2,STAD_GSE134520,13,140,1.0,5,140,768,3.61,0.762513231400198,0.762513231400198,1308,6,0,0.6027071485179225,0.6027071485179225,0.5932721712538226
geneformer,S1_within_dataset__seed0.parquet,S1_within_dataset,,10,3,BRCA_GSE161529,13,140,0.01,5,140,768,3.78,0.7065063894413377,0.7065063894413377,6000,10,0,0.6944908414759409,0.6944908414759409,0.6976666666666667
geneformer,S1_within_dataset__seed0.parquet,S1_within_dataset,,10,3,BRCA_GSE176078,13,140,0.01,5,140,768,3.78,0.7065063894413377,0.7065063894413377,6000,9,0,0.6548323154970129,0.6548323154970129,0.6298333333333334
geneformer,S1_within_dataset__seed0.parquet,S1_within_dataset,,10,3,CHOL_GSE125449_aPD1aPDL1aCTLA4,13,140,0.01,5,140,768,3.78,0.7065063894413377,0.7065063894413377,887,8,0,0.6468206486257726,0.6468206486257726,0.4915445321307779
geneformer,S1_within_dataset__seed0.parquet,S1_within_dataset,,10,3,CRC_GSE108989,13,140,0.01,5,140,768,3.78,0.7065063894413377,0.7065063894413377,2184,3,0,0.4500839007133264,0.4500839007133264,0.5160256410256411
geneformer,S1_within_dataset__seed0.parquet,S1_within_dataset,,10,3,CRC_GSE146771_10X,13,140,0.01,5,140,768,3.78,0.7065063894413377,0.7065063894413377,6000,7,0,0.6346615284058975,0.6346615284058975,0.6286666666666667
geneformer,S1_within_dataset__seed0.parquet,S1_within_dataset,,10,3,HNSC_GSE103322,13,140,0.01,5,140,768,3.78,0.7065063894413377,0.7065063894413377,1176,8,0,0.5954897720882317,0.5954897720882317,0.38605442176870747
geneformer,S1_within_dataset__seed0.parquet,S1_within_dataset,,10,3,LIHC_GSE140228_10X,13,140,0.01,5,140,768,3.78,0.7065063894413377,0.7065063894413377,5999,9,0,0.6872779515427878,0.6872779515427878,0.6839473245540924
geneformer,S1_within_dataset__seed0.parquet,S1_within_dataset,,10,3,LIHC_GSE98638,13,140,0.01,5,140,768,3.78,0.7065063894413377,0.7065063894413377,960,3,0,0.4382828586482546,0.4382828586482546,0.48125
geneformer,S1_within_dataset__seed0.parquet,S1_within_dataset,,10,3,NSCLC_GSE127465,13,140,0.01,5,140,768,3.78,0.7065063894413377,0.7065063894413377,6000,12,0,0.8181117598519343,0.8181117598519343,0.8216666666666667
geneformer,S1_within_dataset__seed0.parquet,S1_within_dataset,,10,3,NSCLC_GSE131907,13,140,0.01,5,140,768,3.78,0.7065063894413377,0.7065063894413377,6007,10,0,0.6925381147483922,0.6925381147483922,0.6608956217745963
geneformer,S1_within_dataset__seed0.parquet,S1_within_dataset,,10,3,PAAD_GSE111672,13,140,0.01,5,140,768,3.78,0.7065063894413377,0.7065063894413377,453,7,0,0.7194538845511093,0.7194538845511093,0.7748344370860927
geneformer,S1_within_dataset__seed0.parquet,S1_within_dataset,,10,3,PAAD_GSE154778,13,140,0.01,5,140,768,3.78,0.7065063894413377,0.7065063894413377,2989,6,0,0.647245105193315,0.647245105193315,0.8353964536634326
geneformer,S1_within_dataset__seed0.parquet,S1_within_dataset,,10,3,STAD_GSE134520,13,140,0.01,5,140,768,3.78,0.7065063894413377,0.7065063894413377,1308,6,0,0.6537927341826538,0.6537927341826538,0.7370030581039755
geneformer,S1_within_dataset__seed0.parquet,S1_within_dataset,,10,4,BRCA_GSE161529,13,140,100.0,5,140,768,3.64,0.749175014852816,0.749175014852816,6000,10,0,0.7238196692174085,0.7238196692174085,0.7193333333333334
geneformer,S1_within_dataset__seed0.parquet,S1_within_dataset,,10,4,BRCA_GSE176078,13,140,100.0,5,140,768,3.64,0.749175014852816,0.749175014852816,6000,9,0,0.71775759275221,0.71775759275221,0.7181666666666666
geneformer,S1_within_dataset__seed0.parquet,S1_within_dataset,,10,4,CHOL_GSE125449_aPD1aPDL1aCTLA4,13,140,100.0,5,140,768,3.64,0.749175014852816,0.749175014852816,887,8,0,0.6548868600746652,0.6548868600746652,0.5219842164599775
geneformer,S1_within_dataset__seed0.parquet,S1_within_dataset,,10,4,CRC_GSE108989,13,140,100.0,5,140,768,3.64,0.749175014852816,0.749175014852816,2184,3,0,0.6385643220837738,0.6385643220837738,0.6369047619047619
geneformer,S1_within_dataset__seed0.parquet,S1_within_dataset,,10,4,CRC_GSE146771_10X,13,140,100.0,5,140,768,3.64,0.749175014852816,0.749175014852816,6000,7,0,0.790071197180192,0.790071197180192,0.8713333333333333
geneformer,S1_within_dataset__seed0.parquet,S1_within_dataset,,10,4,HNSC_GSE103322,13,140,100.0,5,140,768,3.64,0.749175014852816,0.749175014852816,1176,8,0,0.7123013436910255,0.7123013436910255,0.7517006802721088
geneformer,S1_within_dataset__seed0.parquet,S1_within_dataset,,10,4,LIHC_GSE140228_10X,13,140,100.0,5,140,768,3.64,0.749175014852816,0.749175014852816,5999,9,0,0.75195819644606,0.75195819644606,0.7584597432905484
geneformer,S1_within_dataset__seed0.parquet,S1_within_dataset,,10,4,LIHC_GSE98638,13,140,100.0,5,140,768,3.64,0.749175014852816,0.749175014852816,960,3,0,0.6108891174313579,0.6108891174313579,0.6135416666666667
geneformer,S1_within_dataset__seed0.parquet,S1_within_dataset,,10,4,NSCLC_GSE127465,13,140,100.0,5,140,768,3.64,0.749175014852816,0.749175014852816,6000,12,0,0.8169633715219827,0.8169633715219827,0.816
geneformer,S1_within_dataset__seed0.parquet,S1_within_dataset,,10,4,NSCLC_GSE131907,13,140,100.0,5,140,768,3.64,0.749175014852816,0.749175014852816,6007,10,0,0.690202457522658,0.690202457522658,0.6623938738138838
geneformer,S1_within_dataset__seed0.parquet,S1_within_dataset,,10,4,PAAD_GSE111672,13,140,100.0,5,140,768,3.64,0.749175014852816,0.749175014852816,453,7,0,0.7810939601624778,0.7810939601624778,0.8432671081677704
geneformer,S1_within_dataset__seed0.parquet,S1_within_dataset,,10,4,PAAD_GSE154778,13,140,100.0,5,140,768,3.64,0.749175014852816,0.749175014852816,2989,6,0,0.6303706293529566,0.6303706293529566,0.8163265306122449
geneformer,S1_within_dataset__seed0.parquet,S1_within_dataset,,10,4,STAD_GSE134520,13,140,100.0,5,140,768,3.64,0.749175014852816,0.749175014852816,1308,6,0,0.5957550964248517,0.5957550964248517,0.6567278287461774
geneformer,S1_within_dataset__seed0.parquet,S1_within_dataset,,25,0,BRCA_GSE161529,13,350,0.1,5,350,768,5.33,0.79264755250924,0.79264755250924,6000,10,0,0.7503320454462589,0.7503320454462589,0.743
geneformer,S1_within_dataset__seed0.parquet,S1_within_dataset,,25,0,BRCA_GSE176078,13,350,0.1,5,350,768,5.33,0.79264755250924,0.79264755250924,6000,9,0,0.7329352462494211,0.7329352462494211,0.709
geneformer,S1_within_dataset__seed0.parquet,S1_within_dataset,,25,0,CHOL_GSE125449_aPD1aPDL1aCTLA4,13,350,0.1,5,350,768,5.33,0.79264755250924,0.79264755250924,887,8,0,0.7451162307805028,0.7451162307805028,0.6324689966178129
geneformer,S1_within_dataset__seed0.parquet,S1_within_dataset,,25,0,CRC_GSE108989,13,350,0.1,5,350,768,5.33,0.79264755250924,0.79264755250924,2184,3,0,0.8590658413519691,0.8590658413519691,0.8635531135531136
geneformer,S1_within_dataset__seed0.parquet,S1_within_dataset,,25,0,CRC_GSE146771_10X,13,350,0.1,5,350,768,5.33,0.79264755250924,0.79264755250924,6000,7,0,0.8966769496111112,0.8966769496111112,0.8948333333333334
geneformer,S1_within_dataset__seed0.parquet,S1_within_dataset,,25,0,HNSC_GSE103322,13,350,0.1,5,350,768,5.33,0.79264755250924,0.79264755250924,1176,8,0,0.6863571109744943,0.6863571109744943,0.7304421768707483
geneformer,S1_within_dataset__seed0.parquet,S1_within_dataset,,25,0,LIHC_GSE140228_10X,13,350,0.1,5,350,768,5.33,0.79264755250924,0.79264755250924,5999,9,0,0.7615872129028354,0.7615872129028354,0.7736289381563594
geneformer,S1_within_dataset__seed0.parquet,S1_within_dataset,,25,0,LIHC_GSE98638,13,350,0.1,5,350,768,5.33,0.79264755250924,0.79264755250924,960,3,0,0.8246947137428894,0.8246947137428894,0.815625
geneformer,S1_within_dataset__seed0.parquet,S1_within_dataset,,25,0,NSCLC_GSE127465,13,350,0.1,5,350,768,5.33,0.79264755250924,0.79264755250924,6000,12,0,0.8412591737285554,0.8412591737285554,0.8573333333333333
geneformer,S1_within_dataset__seed0.parquet,S1_within_dataset,,25,0,NSCLC_GSE131907,13,350,0.1,5,350,768,5.33,0.79264755250924,0.79264755250924,6007,10,0,0.7206259230378538,0.7206259230378538,0.6903612452139171
geneformer,S1_within_dataset__seed0.parquet,S1_within_dataset,,25,0,PAAD_GSE111672,13,350,0.1,5,350,768,5.33,0.79264755250924,0.79264755250924,453,7,0,0.7975772127032632,0.7975772127032632,0.8741721854304636
geneformer,S1_within_dataset__seed0.parquet,S1_within_dataset,,25,0,PAAD_GSE154778,13,350,0.1,5,350,768,5.33,0.79264755250924,0.79264755250924,2989,6,0,0.5946389818459855,0.5946389818459855,0.8307126129140181
geneformer,S1_within_dataset__seed0.parquet,S1_within_dataset,,25,0,STAD_GSE134520,13,350,0.1,5,350,768,5.33,0.79264755250924,0.79264755250924,1308,6,0,0.7202307177610643,0.7202307177610643,0.7262996941896025
geneformer,S1_within_dataset__seed0.parquet,S1_within_dataset,,25,1,BRCA_GSE161529,13,350,0.01,5,350,768,5.25,0.7726995502127801,0.7726995502127801,6000,10,0,0.7033565572767732,0.7033565572767732,0.7248333333333333
geneformer,S1_within_dataset__seed0.parquet,S1_within_dataset,,25,1,BRCA_GSE176078,13,350,0.01,5,350,768,5.25,0.7726995502127801,0.7726995502127801,6000,9,0,0.7151993317668229,0.7151993317668229,0.6895
geneformer,S1_within_dataset__seed0.parquet,S1_within_dataset,,25,1,CHOL_GSE125449_aPD1aPDL1aCTLA4,13,350,0.01,5,350,768,5.25,0.7726995502127801,0.7726995502127801,887,8,0,0.7749443253935262,0.7749443253935262,0.6662908680947013
geneformer,S1_within_dataset__seed0.parquet,S1_within_dataset,,25,1,CRC_GSE108989,13,350,0.01,5,350,768,5.25,0.7726995502127801,0.7726995502127801,2184,3,0,0.7629510615707625,0.7629510615707625,0.7678571428571429
geneformer,S1_within_dataset__seed0.parquet,S1_within_dataset,,25,1,CRC_GSE146771_10X,13,350,0.01,5,350,768,5.25,0.7726995502127801,0.7726995502127801,6000,7,0,0.8770729634499167,0.8770729634499167,0.8911666666666667
geneformer,S1_within_dataset__seed0.parquet,S1_within_dataset,,25,1,HNSC_GSE103322,13,350,0.01,5,350,768,5.25,0.7726995502127801,0.7726995502127801,1176,8,0,0.626365136757346,0.626365136757346,0.7789115646258503
geneformer,S1_within_dataset__seed0.parquet,S1_within_dataset,,25,1,LIHC_GSE140228_10X,13,350,0.01,5,350,768,5.25,0.7726995502127801,0.7726995502127801,5999,9,0,0.786450030583572,0.786450030583572,0.7951325220870145
geneformer,S1_within_dataset__seed0.parquet,S1_within_dataset,,25,1,LIHC_GSE98638,13,350,0.01,5,350,768,5.25,0.7726995502127801,0.7726995502127801,960,3,0,0.756327874737127,0.756327874737127,0.7520833333333333
geneformer,S1_within_dataset__seed0.parquet,S1_within_dataset,,25,1,NSCLC_GSE127465,13,350,0.01,5,350,768,5.25,0.7726995502127801,0.7726995502127801,6000,12,0,0.8185751628724316,0.8185751628724316,0.8211666666666667
geneformer,S1_within_dataset__seed0.parquet,S1_within_dataset,,25,1,NSCLC_GSE131907,13,350,0.01,5,350,768,5.25,0.7726995502127801,0.7726995502127801,6007,10,0,0.7184443583035711,0.7184443583035711,0.6901947727651073
geneformer,S1_within_dataset__seed0.parquet,S1_within_dataset,,25,1,PAAD_GSE111672,13,350,0.01,5,350,768,5.25,0.7726995502127801,0.7726995502127801,453,7,0,0.7488552786068313,0.7488552786068313,0.8830022075055187
geneformer,S1_within_dataset__seed0.parquet,S1_within_dataset,,25,1,PAAD_GSE154778,13,350,0.01,5,350,768,5.25,0.7726995502127801,0.7726995502127801,2989,6,0,0.6468395570524984,0.6468395570524984,0.827367012378722
geneformer,S1_within_dataset__seed0.parquet,S1_within_dataset,,25,1,STAD_GSE134520,13,350,0.01,5,350,768,5.25,0.7726995502127801,0.7726995502127801,1308,6,0,0.5915659004954755,0.5915659004954755,0.6429663608562691
geneformer,S1_within_dataset__seed0.parquet,S1_within_dataset,,25,2,BRCA_GSE161529,13,350,0.01,5,350,768,4.97,0.7956532762512522,0.7956532762512522,6000,10,0,0.754522413078376,0.754522413078376,0.7688333333333334
geneformer,S1_within_dataset__seed0.parquet,S1_within_dataset,,25,2,BRCA_GSE176078,13,350,0.01,5,350,768,4.97,0.7956532762512522,0.7956532762512522,6000,9,0,0.745428735237799,0.745428735237799,0.7255
geneformer,S1_within_dataset__seed0.parquet,S1_within_dataset,,25,2,CHOL_GSE125449_aPD1aPDL1aCTLA4,13,350,0.01,5,350,768,4.97,0.7956532762512522,0.7956532762512522,887,8,0,0.7332039374759324,0.7332039374759324,0.5817361894024803
geneformer,S1_within_dataset__seed0.parquet,S1_within_dataset,,25,2,CRC_GSE108989,13,350,0.01,5,350,768,4.97,0.7956532762512522,0.7956532762512522,2184,3,0,0.7737487507556646,0.7737487507556646,0.7866300366300366
geneformer,S1_within_dataset__seed0.parquet,S1_within_dataset,,25,2,CRC_GSE146771_10X,13,350,0.01,5,350,768,4.97,0.7956532762512522,0.7956532762512522,6000,7,0,0.9215355744622481,0.9215355744622481,0.9341666666666667
geneformer,S1_within_dataset__seed0.parquet,S1_within_dataset,,25,2,HNSC_GSE103322,13,350,0.01,5,350,768,4.97,0.7956532762512522,0.7956532762512522,1176,8,0,0.6766083306768215,0.6766083306768215,0.8384353741496599
geneformer,S1_within_dataset__seed0.parquet,S1_within_dataset,,25,2,LIHC_GSE140228_10X,13,350,0.01,5,350,768,4.97,0.7956532762512522,0.7956532762512522,5999,9,0,0.8308231989078002,0.8308231989078002,0.8458076346057676
geneformer,S1_within_dataset__seed0.parquet,S1_within_dataset,,25,2,LIHC_GSE98638,13,350,0.01,5,350,768,4.97,0.7956532762512522,0.7956532762512522,960,3,0,0.7597322483501916,0.7597322483501916,0.753125
geneformer,S1_within_dataset__seed0.parquet,S1_within_dataset,,25,2,NSCLC_GSE127465,13,350,0.01,5,350,768,4.97,0.7956532762512522,0.7956532762512522,6000,12,0,0.8473639294521619,0.8473639294521619,0.8498333333333333
geneformer,S1_within_dataset__seed0.parquet,S1_within_dataset,,25,2,NSCLC_GSE131907,13,350,0.01,5,350,768,4.97,0.7956532762512522,0.7956532762512522,6007,10,0,0.75183580681661,0.75183580681661,0.7188280339603795
geneformer,S1_within_dataset__seed0.parquet,S1_within_dataset,,25,2,PAAD_GSE111672,13,350,0.01,5,350,768,4.97,0.7956532762512522,0.7956532762512522,453,7,0,0.6880445840339245,0.6880445840339245,0.5540838852097131
geneformer,S1_within_dataset__seed0.parquet,S1_within_dataset,,25,2,PAAD_GSE154778,13,350,0.01,5,350,768,4.97,0.7956532762512522,0.7956532762512522,2989,6,0,0.6231329457537064,0.6231329457537064,0.7979257276681164
geneformer,S1_within_dataset__seed0.parquet,S1_within_dataset,,25,2,STAD_GSE134520,13,350,0.01,5,350,768,4.97,0.7956532762512522,0.7956532762512522,1308,6,0,0.6414305960922445,0.6414305960922445,0.7010703363914373
geneformer,S1_within_dataset__seed0.parquet,S1_within_dataset,,25,3,BRCA_GSE161529,13,350,0.01,5,350,768,4.81,0.7973139880649356,0.7973139880649356,6000,10,0,0.7485880927904346,0.7485880927904346,0.744
geneformer,S1_within_dataset__seed0.parquet,S1_within_dataset,,25,3,BRCA_GSE176078,13,350,0.01,5,350,768,4.81,0.7973139880649356,0.7973139880649356,6000,9,0,0.7546593152257216,0.7546593152257216,0.7321666666666666
geneformer,S1_within_dataset__seed0.parquet,S1_within_dataset,,25,3,CHOL_GSE125449_aPD1aPDL1aCTLA4,13,350,0.01,5,350,768,4.81,0.7973139880649356,0.7973139880649356,887,8,0,0.7180346164875744,0.7180346164875744,0.5862457722660653
geneformer,S1_within_dataset__seed0.parquet,S1_within_dataset,,25,3,CRC_GSE108989,13,350,0.01,5,350,768,4.81,0.7973139880649356,0.7973139880649356,2184,3,0,0.8064647922713242,0.8064647922713242,0.8072344322344323
geneformer,S1_within_dataset__seed0.parquet,S1_within_dataset,,25,3,CRC_GSE146771_10X,13,350,0.01,5,350,768,4.81,0.7973139880649356,0.7973139880649356,6000,7,0,0.9142464436266653,0.9142464436266653,0.9125
geneformer,S1_within_dataset__seed0.parquet,S1_within_dataset,,25,3,HNSC_GSE103322,13,350,0.01,5,350,768,4.81,0.7973139880649356,0.7973139880649356,1176,8,0,0.6496988323584652,0.6496988323584652,0.6607142857142857
geneformer,S1_within_dataset__seed0.parquet,S1_within_dataset,,25,3,LIHC_GSE140228_10X,13,350,0.01,5,350,768,4.81,0.7973139880649356,0.7973139880649356,5999,9,0,0.8263979272646365,0.8263979272646365,0.8461410235039173
geneformer,S1_within_dataset__seed0.parquet,S1_within_dataset,,25,3,LIHC_GSE98638,13,350,0.01,5,350,768,4.81,0.7973139880649356,0.7973139880649356,960,3,0,0.7674532242556076,0.7674532242556076,0.7635416666666667
geneformer,S1_within_dataset__seed0.parquet,S1_within_dataset,,25,3,NSCLC_GSE127465,13,350,0.01,5,350,768,4.81,0.7973139880649356,0.7973139880649356,6000,12,0,0.8473678074768927,0.8473678074768927,0.8691666666666666
geneformer,S1_within_dataset__seed0.parquet,S1_within_dataset,,25,3,NSCLC_GSE131907,13,350,0.01,5,350,768,4.81,0.7973139880649356,0.7973139880649356,6007,10,0,0.7122367482967212,0.7122367482967212,0.6886965207258199
geneformer,S1_within_dataset__seed0.parquet,S1_within_dataset,,25,3,PAAD_GSE111672,13,350,0.01,5,350,768,4.81,0.7973139880649356,0.7973139880649356,453,7,0,0.7532309575852313,0.7532309575852313,0.8388520971302428
geneformer,S1_within_dataset__seed0.parquet,S1_within_dataset,,25,3,PAAD_GSE154778,13,350,0.01,5,350,768,4.81,0.7973139880649356,0.7973139880649356,2989,6,0,0.6033610032785602,0.6033610032785602,0.8330545332887254
geneformer,S1_within_dataset__seed0.parquet,S1_within_dataset,,25,3,STAD_GSE134520,13,350,0.01,5,350,768,4.81,0.7973139880649356,0.7973139880649356,1308,6,0,0.602221291352919,0.602221291352919,0.6100917431192661
geneformer,S1_within_dataset__seed0.parquet,S1_within_dataset,,25,4,BRCA_GSE161529,13,350,0.01,5,350,768,4.2,0.7886052599345901,0.7886052599345901,6000,10,0,0.7680538681218184,0.7680538681218184,0.7678333333333334
geneformer,S1_within_dataset__seed0.parquet,S1_within_dataset,,25,4,BRCA_GSE176078,13,350,0.01,5,350,768,4.2,0.7886052599345901,0.7886052599345901,6000,9,0,0.7187039625807233,0.7187039625807233,0.6946666666666667
geneformer,S1_within_dataset__seed0.parquet,S1_within_dataset,,25,4,CHOL_GSE125449_aPD1aPDL1aCTLA4,13,350,0.01,5,350,768,4.2,0.7886052599345901,0.7886052599345901,887,8,0,0.7294481521691718,0.7294481521691718,0.5896279594137542
geneformer,S1_within_dataset__seed0.parquet,S1_within_dataset,,25,4,CRC_GSE108989,13,350,0.01,5,350,768,4.2,0.7886052599345901,0.7886052599345901,2184,3,0,0.8599049623609534,0.8599049623609534,0.8685897435897436
geneformer,S1_within_dataset__seed0.parquet,S1_within_dataset,,25,4,CRC_GSE146771_10X,13,350,0.01,5,350,768,4.2,0.7886052599345901,0.7886052599345901,6000,7,0,0.9146892354143054,0.9146892354143054,0.9111666666666667
geneformer,S1_within_dataset__seed0.parquet,S1_within_dataset,,25,4,HNSC_GSE103322,13,350,0.01,5,350,768,4.2,0.7886052599345901,0.7886052599345901,1176,8,0,0.6322817007204733,0.6322817007204733,0.6224489795918368
geneformer,S1_within_dataset__seed0.parquet,S1_within_dataset,,25,4,LIHC_GSE140228_10X,13,350,0.01,5,350,768,4.2,0.7886052599345901,0.7886052599345901,5999,9,0,0.8065365118979675,0.8065365118979675,0.816136022670445
geneformer,S1_within_dataset__seed0.parquet,S1_within_dataset,,25,4,LIHC_GSE98638,13,350,0.01,5,350,768,4.2,0.7886052599345901,0.7886052599345901,960,3,0,0.8165283453399614,0.8165283453399614,0.8072916666666666
geneformer,S1_within_dataset__seed0.parquet,S1_within_dataset,,25,4,NSCLC_GSE127465,13,350,0.01,5,350,768,4.2,0.7886052599345901,0.7886052599345901,6000,12,0,0.807472654354681,0.807472654354681,0.8028333333333333
geneformer,S1_within_dataset__seed0.parquet,S1_within_dataset,,25,4,NSCLC_GSE131907,13,350,0.01,5,350,768,4.2,0.7886052599345901,0.7886052599345901,6007,10,0,0.7462965894082346,0.7462965894082346,0.7186615615115698
geneformer,S1_within_dataset__seed0.parquet,S1_within_dataset,,25,4,PAAD_GSE111672,13,350,0.01,5,350,768,4.2,0.7886052599345901,0.7886052599345901,453,7,0,0.7953769552909229,0.7953769552909229,0.7108167770419426
geneformer,S1_within_dataset__seed0.parquet,S1_within_dataset,,25,4,PAAD_GSE154778,13,350,0.01,5,350,768,4.2,0.7886052599345901,0.7886052599345901,2989,6,0,0.6757051060022435,0.6757051060022435,0.8474406155904985
geneformer,S1_within_dataset__seed0.parquet,S1_within_dataset,,25,4,STAD_GSE134520,13,350,0.01,5,350,768,4.2,0.7886052599345901,0.7886052599345901,1308,6,0,0.7188672023295717,0.7188672023295717,0.7652905198776758
geneformer,S1_within_dataset__seed0.parquet,S1_within_dataset,,50,0,BRCA_GSE161529,13,700,0.01,5,700,768,5.39,0.8059237678937051,0.8059237678937051,6000,10,0,0.8053856467390821,0.8053856467390821,0.7911666666666667
geneformer,S1_within_dataset__seed0.parquet,S1_within_dataset,,50,0,BRCA_GSE176078,13,700,0.01,5,700,768,5.39,0.8059237678937051,0.8059237678937051,6000,9,0,0.7420592934056818,0.7420592934056818,0.721
geneformer,S1_within_dataset__seed0.parquet,S1_within_dataset,,50,0,CHOL_GSE125449_aPD1aPDL1aCTLA4,13,700,0.01,5,700,768,5.39,0.8059237678937051,0.8059237678937051,887,8,0,0.7381092521945244,0.7381092521945244,0.616685456595265
geneformer,S1_within_dataset__seed0.parquet,S1_within_dataset,,50,0,CRC_GSE108989,13,700,0.01,5,700,768,5.39,0.8059237678937051,0.8059237678937051,2184,3,0,0.8157706785644067,0.8157706785644067,0.8191391941391941
geneformer,S1_within_dataset__seed0.parquet,S1_within_dataset,,50,0,CRC_GSE146771_10X,13,700,0.01,5,700,768,5.39,0.8059237678937051,0.8059237678937051,6000,7,0,0.8977566883487055,0.8977566883487055,0.8975
geneformer,S1_within_dataset__seed0.parquet,S1_within_dataset,,50,0,HNSC_GSE103322,13,700,0.01,5,700,768,5.39,0.8059237678937051,0.8059237678937051,1176,8,0,0.7534639852813019,0.7534639852813019,0.8035714285714286
geneformer,S1_within_dataset__seed0.parquet,S1_within_dataset,,50,0,LIHC_GSE140228_10X,13,700,0.01,5,700,768,5.39,0.8059237678937051,0.8059237678937051,5999,9,0,0.8319107506747517,0.8319107506747517,0.8418069678279714
geneformer,S1_within_dataset__seed0.parquet,S1_within_dataset,,50,0,LIHC_GSE98638,13,700,0.01,5,700,768,5.39,0.8059237678937051,0.8059237678937051,960,3,0,0.7909297641948845,0.7909297641948845,0.778125
geneformer,S1_within_dataset__seed0.parquet,S1_within_dataset,,50,0,NSCLC_GSE127465,13,700,0.01,5,700,768,5.39,0.8059237678937051,0.8059237678937051,6000,12,0,0.8527447521834094,0.8527447521834094,0.8696666666666667
geneformer,S1_within_dataset__seed0.parquet,S1_within_dataset,,50,0,NSCLC_GSE131907,13,700,0.01,5,700,768,5.39,0.8059237678937051,0.8059237678937051,6007,10,0,0.7536388043074971,0.7536388043074971,0.7229898451806226
geneformer,S1_within_dataset__seed0.parquet,S1_within_dataset,,50,0,PAAD_GSE111672,13,700,0.01,5,700,768,5.39,0.8059237678937051,0.8059237678937051,453,7,0,0.828962025509931,0.828962025509931,0.9028697571743929
geneformer,S1_within_dataset__seed0.parquet,S1_within_dataset,,50,0,PAAD_GSE154778,13,700,0.01,5,700,768,5.39,0.8059237678937051,0.8059237678937051,2989,6,0,0.6822761199260446,0.6822761199260446,0.8093007694881231
geneformer,S1_within_dataset__seed0.parquet,S1_within_dataset,,50,0,STAD_GSE134520,13,700,0.01,5,700,768,5.39,0.8059237678937051,0.8059237678937051,1308,6,0,0.732734390030419,0.732734390030419,0.7469418960244648
geneformer,S1_within_dataset__seed0.parquet,S1_within_dataset,,50,1,BRCA_GSE161529,13,700,0.01,5,700,768,6.36,0.8217068822320509,0.8217068822320509,6000,10,0,0.7815680742382158,0.7815680742382158,0.7665
geneformer,S1_within_dataset__seed0.parquet,S1_within_dataset,,50,1,BRCA_GSE176078,13,700,0.01,5,700,768,6.36,0.8217068822320509,0.8217068822320509,6000,9,0,0.7688635082473425,0.7688635082473425,0.751
geneformer,S1_within_dataset__seed0.parquet,S1_within_dataset,,50,1,CHOL_GSE125449_aPD1aPDL1aCTLA4,13,700,0.01,5,700,768,6.36,0.8217068822320509,0.8217068822320509,887,8,0,0.8005134225625993,0.8005134225625993,0.677564825253664
geneformer,S1_within_dataset__seed0.parquet,S1_within_dataset,,50,1,CRC_GSE108989,13,700,0.01,5,700,768,6.36,0.8217068822320509,0.8217068822320509,2184,3,0,0.7833302313270035,0.7833302313270035,0.7953296703296703
geneformer,S1_within_dataset__seed0.parquet,S1_within_dataset,,50,1,CRC_GSE146771_10X,13,700,0.01,5,700,768,6.36,0.8217068822320509,0.8217068822320509,6000,7,0,0.9268024964644955,0.9268024964644955,0.9333333333333333
geneformer,S1_within_dataset__seed0.parquet,S1_within_dataset,,50,1,HNSC_GSE103322,13,700,0.01,5,700,768,6.36,0.8217068822320509,0.8217068822320509,1176,8,0,0.7606872131536906,0.7606872131536906,0.8903061224489796
geneformer,S1_within_dataset__seed0.parquet,S1_within_dataset,,50,1,LIHC_GSE140228_10X,13,700,0.01,5,700,768,6.36,0.8217068822320509,0.8217068822320509,5999,9,0,0.8457529403535813,0.8457529403535813,0.8536422737122854
geneformer,S1_within_dataset__seed0.parquet,S1_within_dataset,,50,1,LIHC_GSE98638,13,700,0.01,5,700,768,6.36,0.8217068822320509,0.8217068822320509,960,3,0,0.787844424813506,0.787844424813506,0.7729166666666667
geneformer,S1_within_dataset__seed0.parquet,S1_within_dataset,,50,1,NSCLC_GSE127465,13,700,0.01,5,700,768,6.36,0.8217068822320509,0.8217068822320509,6000,12,0,0.8624713036423182,0.8624713036423182,0.9006666666666666
geneformer,S1_within_dataset__seed0.parquet,S1_within_dataset,,50,1,NSCLC_GSE131907,13,700,0.01,5,700,768,6.36,0.8217068822320509,0.8217068822320509,6007,10,0,0.7664674987742588,0.7664674987742588,0.7343099716996837
geneformer,S1_within_dataset__seed0.parquet,S1_within_dataset,,50,1,PAAD_GSE111672,13,700,0.01,5,700,768,6.36,0.8217068822320509,0.8217068822320509,453,7,0,0.7510435333547255,0.7510435333547255,0.869757174392936
geneformer,S1_within_dataset__seed0.parquet,S1_within_dataset,,50,1,PAAD_GSE154778,13,700,0.01,5,700,768,6.36,0.8217068822320509,0.8217068822320509,2989,6,0,0.6608023290400057,0.6608023290400057,0.8283706925393108
geneformer,S1_within_dataset__seed0.parquet,S1_within_dataset,,50,1,STAD_GSE134520,13,700,0.01,5,700,768,6.36,0.8217068822320509,0.8217068822320509,1308,6,0,0.7018975922086949,0.7018975922086949,0.7408256880733946
geneformer,S1_within_dataset__seed0.parquet,S1_within_dataset,,50,2,BRCA_GSE161529,13,700,0.1,5,700,768,6.06,0.8168102661386802,0.8168102661386802,6000,10,0,0.8091969558994604,0.8091969558994604,0.8005
geneformer,S1_within_dataset__seed0.parquet,S1_within_dataset,,50,2,BRCA_GSE176078,13,700,0.1,5,700,768,6.06,0.8168102661386802,0.8168102661386802,6000,9,0,0.7775912402150322,0.7775912402150322,0.7661666666666667
geneformer,S1_within_dataset__seed0.parquet,S1_within_dataset,,50,2,CHOL_GSE125449_aPD1aPDL1aCTLA4,13,700,0.1,5,700,768,6.06,0.8168102661386802,0.8168102661386802,887,8,0,0.7798136172022401,0.7798136172022401,0.6708004509582863
geneformer,S1_within_dataset__seed0.parquet,S1_within_dataset,,50,2,CRC_GSE108989,13,700,0.1,5,700,768,6.06,0.8168102661386802,0.8168102661386802,2184,3,0,0.7323433615044634,0.7323433615044634,0.7445054945054945
geneformer,S1_within_dataset__seed0.parquet,S1_within_dataset,,50,2,CRC_GSE146771_10X,13,700,0.1,5,700,768,6.06,0.8168102661386802,0.8168102661386802,6000,7,0,0.8746676298529515,0.8746676298529515,0.8928333333333334
geneformer,S1_within_dataset__seed0.parquet,S1_within_dataset,,50,2,HNSC_GSE103322,13,700,0.1,5,700,768,6.06,0.8168102661386802,0.8168102661386802,1176,8,0,0.7223246951344724,0.7223246951344724,0.7831632653061225
geneformer,S1_within_dataset__seed0.parquet,S1_within_dataset,,50,2,LIHC_GSE140228_10X,13,700,0.1,5,700,768,6.06,0.8168102661386802,0.8168102661386802,5999,9,0,0.8083521246550291,0.8083521246550291,0.8199699949991666
geneformer,S1_within_dataset__seed0.parquet,S1_within_dataset,,50,2,LIHC_GSE98638,13,700,0.1,5,700,768,6.06,0.8168102661386802,0.8168102661386802,960,3,0,0.7630799782111716,0.7630799782111716,0.75625
geneformer,S1_within_dataset__seed0.parquet,S1_within_dataset,,50,2,NSCLC_GSE127465,13,700,0.1,5,700,768,6.06,0.8168102661386802,0.8168102661386802,6000,12,0,0.8361559943092806,0.8361559943092806,0.8678333333333333
geneformer,S1_within_dataset__seed0.parquet,S1_within_dataset,,50,2,NSCLC_GSE131907,13,700,0.1,5,700,768,6.06,0.8168102661386802,0.8168102661386802,6007,10,0,0.7892630373050252,0.7892630373050252,0.7654403196271017
geneformer,S1_within_dataset__seed0.parquet,S1_within_dataset,,50,2,PAAD_GSE111672,13,700,0.1,5,700,768,6.06,0.8168102661386802,0.8168102661386802,453,7,0,0.7562473327808783,0.7562473327808783,0.8763796909492274
geneformer,S1_within_dataset__seed0.parquet,S1_within_dataset,,50,2,PAAD_GSE154778,13,700,0.1,5,700,768,6.06,0.8168102661386802,0.8168102661386802,2989,6,0,0.7283705872063727,0.7283705872063727,0.876881900301104
geneformer,S1_within_dataset__seed0.parquet,S1_within_dataset,,50,2,STAD_GSE134520,13,700,0.1,5,700,768,6.06,0.8168102661386802,0.8168102661386802,1308,6,0,0.7181022218324781,0.7181022218324781,0.7828746177370031
geneformer,S1_within_dataset__seed0.parquet,S1_within_dataset,,50,3,BRCA_GSE161529,13,700,0.01,5,700,768,5.91,0.8195243933043298,0.8195243933043298,6000,10,0,0.8060453480461558,0.8060453480461558,0.7976666666666666
geneformer,S1_within_dataset__seed0.parquet,S1_within_dataset,,50,3,BRCA_GSE176078,13,700,0.01,5,700,768,5.91,0.8195243933043298,0.8195243933043298,6000,9,0,0.7720236701697194,0.7720236701697194,0.7618333333333334
geneformer,S1_within_dataset__seed0.parquet,S1_within_dataset,,50,3,CHOL_GSE125449_aPD1aPDL1aCTLA4,13,700,0.01,5,700,768,5.91,0.8195243933043298,0.8195243933043298,887,8,0,0.780594636257105,0.780594636257105,0.6459977452085682
geneformer,S1_within_dataset__seed0.parquet,S1_within_dataset,,50,3,CRC_GSE108989,13,700,0.01,5,700,768,5.91,0.8195243933043298,0.8195243933043298,2184,3,0,0.7917993147885564,0.7917993147885564,0.8063186813186813
geneformer,S1_within_dataset__seed0.parquet,S1_within_dataset,,50,3,CRC_GSE146771_10X,13,700,0.01,5,700,768,5.91,0.8195243933043298,0.8195243933043298,6000,7,0,0.9139212196290804,0.9139212196290804,0.9073333333333333
geneformer,S1_within_dataset__seed0.parquet,S1_within_dataset,,50,3,HNSC_GSE103322,13,700,0.01,5,700,768,5.91,0.8195243933043298,0.8195243933043298,1176,8,0,0.736756620343482,0.736756620343482,0.8154761904761905
geneformer,S1_within_dataset__seed0.parquet,S1_within_dataset,,50,3,LIHC_GSE140228_10X,13,700,0.01,5,700,768,5.91,0.8195243933043298,0.8195243933043298,5999,9,0,0.83308522728679,0.83308522728679,0.8526421070178363
geneformer,S1_within_dataset__seed0.parquet,S1_within_dataset,,50,3,LIHC_GSE98638,13,700,0.01,5,700,768,5.91,0.8195243933043298,0.8195243933043298,960,3,0,0.774526170693418,0.774526170693418,0.7770833333333333
geneformer,S1_within_dataset__seed0.parquet,S1_within_dataset,,50,3,NSCLC_GSE127465,13,700,0.01,5,700,768,5.91,0.8195243933043298,0.8195243933043298,6000,12,0,0.8616994321441672,0.8616994321441672,0.8718333333333333
geneformer,S1_within_dataset__seed0.parquet,S1_within_dataset,,50,3,NSCLC_GSE131907,13,700,0.01,5,700,768,5.91,0.8195243933043298,0.8195243933043298,6007,10,0,0.7717301983712257,0.7717301983712257,0.7446312635258865
geneformer,S1_within_dataset__seed0.parquet,S1_within_dataset,,50,3,PAAD_GSE111672,13,700,0.01,5,700,768,5.91,0.8195243933043298,0.8195243933043298,453,7,0,0.8109805035205494,0.8109805035205494,0.891832229580574
geneformer,S1_within_dataset__seed0.parquet,S1_within_dataset,,50,3,PAAD_GSE154778,13,700,0.01,5,700,768,5.91,0.8195243933043298,0.8195243933043298,2989,6,0,0.6920976565659398,0.6920976565659398,0.8701906992305118
geneformer,S1_within_dataset__seed0.parquet,S1_within_dataset,,50,3,STAD_GSE134520,13,700,0.01,5,700,768,5.91,0.8195243933043298,0.8195243933043298,1308,6,0,0.6359696809606787,0.6359696809606787,0.746177370030581
geneformer,S1_within_dataset__seed0.parquet,S1_within_dataset,,50,4,BRCA_GSE161529,13,700,0.01,5,700,768,6.18,0.8133469041321996,0.8133469041321996,6000,10,0,0.8053688130741234,0.8053688130741234,0.7996666666666666
geneformer,S1_within_dataset__seed0.parquet,S1_within_dataset,,50,4,BRCA_GSE176078,13,700,0.01,5,700,768,6.18,0.8133469041321996,0.8133469041321996,6000,9,0,0.7434454318320637,0.7434454318320637,0.7303333333333333
geneformer,S1_within_dataset__seed0.parquet,S1_within_dataset,,50,4,CHOL_GSE125449_aPD1aPDL1aCTLA4,13,700,0.01,5,700,768,6.18,0.8133469041321996,0.8133469041321996,887,8,0,0.74189156957963,0.74189156957963,0.6189402480270575
geneformer,S1_within_dataset__seed0.parquet,S1_within_dataset,,50,4,CRC_GSE108989,13,700,0.01,5,700,768,6.18,0.8133469041321996,0.8133469041321996,2184,3,0,0.8855408779472974,0.8855408779472974,0.8891941391941391
geneformer,S1_within_dataset__seed0.parquet,S1_within_dataset,,50,4,CRC_GSE146771_10X,13,700,0.01,5,700,768,6.18,0.8133469041321996,0.8133469041321996,6000,7,0,0.9190030971992432,0.9190030971992432,0.918
geneformer,S1_within_dataset__seed0.parquet,S1_within_dataset,,50,4,HNSC_GSE103322,13,700,0.01,5,700,768,6.18,0.8133469041321996,0.8133469041321996,1176,8,0,0.7815483811747628,0.7815483811747628,0.8392857142857143
geneformer,S1_within_dataset__seed0.parquet,S1_within_dataset,,50,4,LIHC_GSE140228_10X,13,700,0.01,5,700,768,6.18,0.8133469041321996,0.8133469041321996,5999,9,0,0.8299985406087572,0.8299985406087572,0.8439739956659443
geneformer,S1_within_dataset__seed0.parquet,S1_within_dataset,,50,4,LIHC_GSE98638,13,700,0.01,5,700,768,6.18,0.8133469041321996,0.8133469041321996,960,3,0,0.8494448664118512,0.8494448664118512,0.8375
geneformer,S1_within_dataset__seed0.parquet,S1_within_dataset,,50,4,NSCLC_GSE127465,13,700,0.01,5,700,768,6.18,0.8133469041321996,0.8133469041321996,6000,12,0,0.8524965499127664,0.8524965499127664,0.854
geneformer,S1_within_dataset__seed0.parquet,S1_within_dataset,,50,4,NSCLC_GSE131907,13,700,0.01,5,700,768,6.18,0.8133469041321996,0.8133469041321996,6007,10,0,0.7585614624313,0.7585614624313,0.7294822706842018
geneformer,S1_within_dataset__seed0.parquet,S1_within_dataset,,50,4,PAAD_GSE111672,13,700,0.01,5,700,768,6.18,0.8133469041321996,0.8133469041321996,453,7,0,0.7791625106528415,0.7791625106528415,0.7880794701986755
geneformer,S1_within_dataset__seed0.parquet,S1_within_dataset,,50,4,PAAD_GSE154778,13,700,0.01,5,700,768,6.18,0.8133469041321996,0.8133469041321996,2989,6,0,0.6987686393869477,0.6987686393869477,0.8260287721646036
geneformer,S1_within_dataset__seed0.parquet,S1_within_dataset,,50,4,STAD_GSE134520,13,700,0.01,5,700,768,6.18,0.8133469041321996,0.8133469041321996,1308,6,0,0.6292589860473127,0.6292589860473127,0.6620795107033639
geneformer,S1_within_dataset__seed0.parquet,S1_within_dataset,,100,0,BRCA_GSE161529,13,1400,0.01,5,1400,768,8.91,0.8339366320588463,0.8339366320588463,6000,10,0,0.8329213528262551,0.8329213528262551,0.8218333333333333
geneformer,S1_within_dataset__seed0.parquet,S1_within_dataset,,100,0,BRCA_GSE176078,13,1400,0.01,5,1400,768,8.91,0.8339366320588463,0.8339366320588463,6000,9,0,0.7864159561393259,0.7864159561393259,0.767
geneformer,S1_within_dataset__seed0.parquet,S1_within_dataset,,100,0,CHOL_GSE125449_aPD1aPDL1aCTLA4,13,1400,0.01,5,1400,768,8.91,0.8339366320588463,0.8339366320588463,887,8,0,0.7649649233271112,0.7649649233271112,0.636978579481398
geneformer,S1_within_dataset__seed0.parquet,S1_within_dataset,,100,0,CRC_GSE108989,13,1400,0.01,5,1400,768,8.91,0.8339366320588463,0.8339366320588463,2184,3,0,0.8082480295191701,0.8082480295191701,0.820054945054945
geneformer,S1_within_dataset__seed0.parquet,S1_within_dataset,,100,0,CRC_GSE146771_10X,13,1400,0.01,5,1400,768,8.91,0.8339366320588463,0.8339366320588463,6000,7,0,0.925702286167491,0.925702286167491,0.9351666666666667
geneformer,S1_within_dataset__seed0.parquet,S1_within_dataset,,100,0,HNSC_GSE103322,13,1400,0.01,5,1400,768,8.91,0.8339366320588463,0.8339366320588463,1176,8,0,0.8156530717449824,0.8156530717449824,0.9124149659863946
geneformer,S1_within_dataset__seed0.parquet,S1_within_dataset,,100,0,LIHC_GSE140228_10X,13,1400,0.01,5,1400,768,8.91,0.8339366320588463,0.8339366320588463,5999,9,0,0.8539564126883871,0.8539564126883871,0.8686447741290215
geneformer,S1_within_dataset__seed0.parquet,S1_within_dataset,,100,0,LIHC_GSE98638,13,1400,0.01,5,1400,768,8.91,0.8339366320588463,0.8339366320588463,960,3,0,0.7999923797354205,0.7999923797354205,0.7947916666666667
geneformer,S1_within_dataset__seed0.parquet,S1_within_dataset,,100,0,NSCLC_GSE127465,13,1400,0.01,5,1400,768,8.91,0.8339366320588463,0.8339366320588463,6000,12,0,0.8543457982669511,0.8543457982669511,0.8945
geneformer,S1_within_dataset__seed0.parquet,S1_within_dataset,,100,0,NSCLC_GSE131907,13,1400,0.01,5,1400,768,8.91,0.8339366320588463,0.8339366320588463,6007,10,0,0.7710533829475107,0.7710533829475107,0.7437989012818379
geneformer,S1_within_dataset__seed0.parquet,S1_within_dataset,,100,0,PAAD_GSE111672,13,1400,0.01,5,1400,768,8.91,0.8339366320588463,0.8339366320588463,453,7,0,0.7228679089026915,0.7228679089026915,0.8719646799116998
geneformer,S1_within_dataset__seed0.parquet,S1_within_dataset,,100,0,PAAD_GSE154778,13,1400,0.01,5,1400,768,8.91,0.8339366320588463,0.8339366320588463,2989,6,0,0.6979867407518806,0.6979867407518806,0.8347273335563734
geneformer,S1_within_dataset__seed0.parquet,S1_within_dataset,,100,0,STAD_GSE134520,13,1400,0.01,5,1400,768,8.91,0.8339366320588463,0.8339366320588463,1308,6,0,0.7658546701412529,0.7658546701412529,0.7912844036697247
geneformer,S1_within_dataset__seed0.parquet,S1_within_dataset,,100,1,BRCA_GSE161529,13,1400,0.01,5,1400,768,9.01,0.8271743328624083,0.8271743328624083,6000,10,0,0.8185779930365932,0.8185779930365932,0.806
geneformer,S1_within_dataset__seed0.parquet,S1_within_dataset,,100,1,BRCA_GSE176078,13,1400,0.01,5,1400,768,9.01,0.8271743328624083,0.8271743328624083,6000,9,0,0.8057140364746517,0.8057140364746517,0.7898333333333334
geneformer,S1_within_dataset__seed0.parquet,S1_within_dataset,,100,1,CHOL_GSE125449_aPD1aPDL1aCTLA4,13,1400,0.01,5,1400,768,9.01,0.8271743328624083,0.8271743328624083,887,8,0,0.7184056896794688,0.7184056896794688,0.5783540022547914
geneformer,S1_within_dataset__seed0.parquet,S1_within_dataset,,100,1,CRC_GSE108989,13,1400,0.01,5,1400,768,9.01,0.8271743328624083,0.8271743328624083,2184,3,0,0.8461481660257512,0.8461481660257512,0.8571428571428571
geneformer,S1_within_dataset__seed0.parquet,S1_within_dataset,,100,1,CRC_GSE146771_10X,13,1400,0.01,5,1400,768,9.01,0.8271743328624083,0.8271743328624083,6000,7,0,0.9213571040774772,0.9213571040774772,0.9261666666666667
geneformer,S1_within_dataset__seed0.parquet,S1_within_dataset,,100,1,HNSC_GSE103322,13,1400,0.01,5,1400,768,9.01,0.8271743328624083,0.8271743328624083,1176,8,0,0.8646127089117379,0.8646127089117379,0.8979591836734694
geneformer,S1_within_dataset__seed0.parquet,S1_within_dataset,,100,1,LIHC_GSE140228_10X,13,1400,0.01,5,1400,768,9.01,0.8271743328624083,0.8271743328624083,5999,9,0,0.8533897372530244,0.8533897372530244,0.8578096349391565
geneformer,S1_within_dataset__seed0.parquet,S1_within_dataset,,100,1,LIHC_GSE98638,13,1400,0.01,5,1400,768,9.01,0.8271743328624083,0.8271743328624083,960,3,0,0.8316793275620724,0.8316793275620724,0.8239583333333333
geneformer,S1_within_dataset__seed0.parquet,S1_within_dataset,,100,1,NSCLC_GSE127465,13,1400,0.01,5,1400,768,9.01,0.8271743328624083,0.8271743328624083,6000,12,0,0.8594106092810955,0.8594106092810955,0.8651666666666666
geneformer,S1_within_dataset__seed0.parquet,S1_within_dataset,,100,1,NSCLC_GSE131907,13,1400,0.01,5,1400,768,9.01,0.8271743328624083,0.8271743328624083,6007,10,0,0.7532931536314711,0.7532931536314711,0.7244880972199101
geneformer,S1_within_dataset__seed0.parquet,S1_within_dataset,,100,1,PAAD_GSE111672,13,1400,0.01,5,1400,768,9.01,0.8271743328624083,0.8271743328624083,453,7,0,0.794153116782103,0.794153116782103,0.8807947019867549
geneformer,S1_within_dataset__seed0.parquet,S1_within_dataset,,100,1,PAAD_GSE154778,13,1400,0.01,5,1400,768,9.01,0.8271743328624083,0.8271743328624083,2989,6,0,0.719201830459912,0.719201830459912,0.8708598193375711
geneformer,S1_within_dataset__seed0.parquet,S1_within_dataset,,100,1,STAD_GSE134520,13,1400,0.01,5,1400,768,9.01,0.8271743328624083,0.8271743328624083,1308,6,0,0.6199961298613191,0.6199961298613191,0.6819571865443425
geneformer,S1_within_dataset__seed0.parquet,S1_within_dataset,,100,2,BRCA_GSE161529,13,1400,0.01,5,1400,768,9.42,0.8194703753471652,0.8194703753471652,6000,10,0,0.821308698285938,0.821308698285938,0.8141666666666667
geneformer,S1_within_dataset__seed0.parquet,S1_within_dataset,,100,2,BRCA_GSE176078,13,1400,0.01,5,1400,768,9.42,0.8194703753471652,0.8194703753471652,6000,9,0,0.7726917269508812,0.7726917269508812,0.762
geneformer,S1_within_dataset__seed0.parquet,S1_within_dataset,,100,2,CHOL_GSE125449_aPD1aPDL1aCTLA4,13,1400,0.01,5,1400,768,9.42,0.8194703753471652,0.8194703753471652,887,8,0,0.7981263501167082,0.7981263501167082,0.7215332581736189
geneformer,S1_within_dataset__seed0.parquet,S1_within_dataset,,100,2,CRC_GSE108989,13,1400,0.01,5,1400,768,9.42,0.8194703753471652,0.8194703753471652,2184,3,0,0.8060029861592963,0.8060029861592963,0.8209706959706959
geneformer,S1_within_dataset__seed0.parquet,S1_within_dataset,,100,2,CRC_GSE146771_10X,13,1400,0.01,5,1400,768,9.42,0.8194703753471652,0.8194703753471652,6000,7,0,0.9254818802638555,0.9254818802638555,0.9308333333333333
geneformer,S1_within_dataset__seed0.parquet,S1_within_dataset,,100,2,HNSC_GSE103322,13,1400,0.01,5,1400,768,9.42,0.8194703753471652,0.8194703753471652,1176,8,0,0.8084624109278651,0.8084624109278651,0.8690476190476191
geneformer,S1_within_dataset__seed0.parquet,S1_within_dataset,,100,2,LIHC_GSE140228_10X,13,1400,0.01,5,1400,768,9.42,0.8194703753471652,0.8194703753471652,5999,9,0,0.8469469466325141,0.8469469466325141,0.8548091348558093
geneformer,S1_within_dataset__seed0.parquet,S1_within_dataset,,100,2,LIHC_GSE98638,13,1400,0.01,5,1400,768,9.42,0.8194703753471652,0.8194703753471652,960,3,0,0.7679499721717503,0.7679499721717503,0.7677083333333333
geneformer,S1_within_dataset__seed0.parquet,S1_within_dataset,,100,2,NSCLC_GSE127465,13,1400,0.01,5,1400,768,9.42,0.8194703753471652,0.8194703753471652,6000,12,0,0.7982929724116065,0.7982929724116065,0.7536666666666667
geneformer,S1_within_dataset__seed0.parquet,S1_within_dataset,,100,2,NSCLC_GSE131907,13,1400,0.01,5,1400,768,9.42,0.8194703753471652,0.8194703753471652,6007,10,0,0.784801609840524,0.784801609840524,0.7561178624937572
geneformer,S1_within_dataset__seed0.parquet,S1_within_dataset,,100,2,PAAD_GSE111672,13,1400,0.01,5,1400,768,9.42,0.8194703753471652,0.8194703753471652,453,7,0,0.7711792124650027,0.7711792124650027,0.8520971302428256
geneformer,S1_within_dataset__seed0.parquet,S1_within_dataset,,100,2,PAAD_GSE154778,13,1400,0.01,5,1400,768,9.42,0.8194703753471652,0.8194703753471652,2989,6,0,0.7245477881054722,0.7245477881054722,0.8959518233522917
geneformer,S1_within_dataset__seed0.parquet,S1_within_dataset,,100,2,STAD_GSE134520,13,1400,0.01,5,1400,768,9.42,0.8194703753471652,0.8194703753471652,1308,6,0,0.6218047400286236,0.6218047400286236,0.7438837920489296
geneformer,S1_within_dataset__seed0.parquet,S1_within_dataset,,100,3,BRCA_GSE161529,13,1400,0.01,5,1400,768,9.05,0.8311119644844576,0.8311119644844576,6000,10,0,0.7909129861052645,0.7909129861052645,0.7905
geneformer,S1_within_dataset__seed0.parquet,S1_within_dataset,,100,3,BRCA_GSE176078,13,1400,0.01,5,1400,768,9.05,0.8311119644844576,0.8311119644844576,6000,9,0,0.8018078705786357,0.8018078705786357,0.7895
geneformer,S1_within_dataset__seed0.parquet,S1_within_dataset,,100,3,CHOL_GSE125449_aPD1aPDL1aCTLA4,13,1400,0.01,5,1400,768,9.05,0.8311119644844576,0.8311119644844576,887,8,0,0.7511353196347251,0.7511353196347251,0.6099210822998873
geneformer,S1_within_dataset__seed0.parquet,S1_within_dataset,,100,3,CRC_GSE108989,13,1400,0.01,5,1400,768,9.05,0.8311119644844576,0.8311119644844576,2184,3,0,0.8496530127977344,0.8496530127977344,0.8594322344322345
geneformer,S1_within_dataset__seed0.parquet,S1_within_dataset,,100,3,CRC_GSE146771_10X,13,1400,0.01,5,1400,768,9.05,0.8311119644844576,0.8311119644844576,6000,7,0,0.9202763204856341,0.9202763204856341,0.931
geneformer,S1_within_dataset__seed0.parquet,S1_within_dataset,,100,3,HNSC_GSE103322,13,1400,0.01,5,1400,768,9.05,0.8311119644844576,0.8311119644844576,1176,8,0,0.7861024831774385,0.7861024831774385,0.8971088435374149
geneformer,S1_within_dataset__seed0.parquet,S1_within_dataset,,100,3,LIHC_GSE140228_10X,13,1400,0.01,5,1400,768,9.05,0.8311119644844576,0.8311119644844576,5999,9,0,0.861590320223047,0.861590320223047,0.8706451075179197
geneformer,S1_within_dataset__seed0.parquet,S1_within_dataset,,100,3,LIHC_GSE98638,13,1400,0.01,5,1400,768,9.05,0.8311119644844576,0.8311119644844576,960,3,0,0.839294260662239,0.839294260662239,0.8364583333333333
geneformer,S1_within_dataset__seed0.parquet,S1_within_dataset,,100,3,NSCLC_GSE127465,13,1400,0.01,5,1400,768,9.05,0.8311119644844576,0.8311119644844576,6000,12,0,0.8467600559602628,0.8467600559602628,0.8628333333333333
geneformer,S1_within_dataset__seed0.parquet,S1_within_dataset,,100,3,NSCLC_GSE131907,13,1400,0.01,5,1400,768,9.05,0.8311119644844576,0.8311119644844576,6007,10,0,0.7679232167533987,0.7679232167533987,0.7419677043449309
geneformer,S1_within_dataset__seed0.parquet,S1_within_dataset,,100,3,PAAD_GSE111672,13,1400,0.01,5,1400,768,9.05,0.8311119644844576,0.8311119644844576,453,7,0,0.8376645226035032,0.8376645226035032,0.8984547461368654
geneformer,S1_within_dataset__seed0.parquet,S1_within_dataset,,100,3,PAAD_GSE154778,13,1400,0.01,5,1400,768,9.05,0.8311119644844576,0.8311119644844576,2989,6,0,0.6796818627897173,0.6796818627897173,0.8608230177316828
geneformer,S1_within_dataset__seed0.parquet,S1_within_dataset,,100,3,STAD_GSE134520,13,1400,0.01,5,1400,768,9.05,0.8311119644844576,0.8311119644844576,1308,6,0,0.7424761482328037,0.7424761482328037,0.768348623853211
geneformer,S1_within_dataset__seed0.parquet,S1_within_dataset,,100,4,BRCA_GSE161529,13,1400,0.1,5,1400,768,9.45,0.8309494407002458,0.8309494407002458,6000,10,0,0.8111094847096251,0.8111094847096251,0.8056666666666666
geneformer,S1_within_dataset__seed0.parquet,S1_within_dataset,,100,4,BRCA_GSE176078,13,1400,0.1,5,1400,768,9.45,0.8309494407002458,0.8309494407002458,6000,9,0,0.8061238181744262,0.8061238181744262,0.7965
geneformer,S1_within_dataset__seed0.parquet,S1_within_dataset,,100,4,CHOL_GSE125449_aPD1aPDL1aCTLA4,13,1400,0.1,5,1400,768,9.45,0.8309494407002458,0.8309494407002458,887,8,0,0.7854946728593166,0.7854946728593166,0.7012401352874859
geneformer,S1_within_dataset__seed0.parquet,S1_within_dataset,,100,4,CRC_GSE108989,13,1400,0.1,5,1400,768,9.45,0.8309494407002458,0.8309494407002458,2184,3,0,0.8003693954937928,0.8003693954937928,0.809981684981685
geneformer,S1_within_dataset__seed0.parquet,S1_within_dataset,,100,4,CRC_GSE146771_10X,13,1400,0.1,5,1400,768,9.45,0.8309494407002458,0.8309494407002458,6000,7,0,0.9072989839843543,0.9072989839843543,0.9055
geneformer,S1_within_dataset__seed0.parquet,S1_within_dataset,,100,4,HNSC_GSE103322,13,1400,0.1,5,1400,768,9.45,0.8309494407002458,0.8309494407002458,1176,8,0,0.7544884188568068,0.7544884188568068,0.8231292517006803
geneformer,S1_within_dataset__seed0.parquet,S1_within_dataset,,100,4,LIHC_GSE140228_10X,13,1400,0.1,5,1400,768,9.45,0.8309494407002458,0.8309494407002458,5999,9,0,0.8275670104035782,0.8275670104035782,0.846474412402067
geneformer,S1_within_dataset__seed0.parquet,S1_within_dataset,,100,4,LIHC_GSE98638,13,1400,0.1,5,1400,768,9.45,0.8309494407002458,0.8309494407002458,960,3,0,0.77606196180305,0.77606196180305,0.76875
geneformer,S1_within_dataset__seed0.parquet,S1_within_dataset,,100,4,NSCLC_GSE127465,13,1400,0.1,5,1400,768,9.45,0.8309494407002458,0.8309494407002458,6000,12,0,0.8424796121135257,0.8424796121135257,0.8673333333333333
geneformer,S1_within_dataset__seed0.parquet,S1_within_dataset,,100,4,NSCLC_GSE131907,13,1400,0.1,5,1400,768,9.45,0.8309494407002458,0.8309494407002458,6007,10,0,0.7603949932784699,0.7603949932784699,0.7418012318961212
geneformer,S1_within_dataset__seed0.parquet,S1_within_dataset,,100,4,PAAD_GSE111672,13,1400,0.1,5,1400,768,9.45,0.8309494407002458,0.8309494407002458,453,7,0,0.7925813668182146,0.7925813668182146,0.8609271523178808
geneformer,S1_within_dataset__seed0.parquet,S1_within_dataset,,100,4,PAAD_GSE154778,13,1400,0.1,5,1400,768,9.45,0.8309494407002458,0.8309494407002458,2989,6,0,0.7130678561953117,0.7130678561953117,0.8564737370357979
geneformer,S1_within_dataset__seed0.parquet,S1_within_dataset,,100,4,STAD_GSE134520,13,1400,0.1,5,1400,768,9.45,0.8309494407002458,0.8309494407002458,1308,6,0,0.7631644989969816,0.7631644989969816,0.8004587155963303
geneformer,S1_within_dataset__seed0.parquet,S1_within_dataset,,all,0,BRCA_GSE161529,13,137881,0.1,5,19999,768,378.47,0.9073023216229509,0.9073023216229509,6000,10,0,0.8977895553649393,0.8977895553649393,0.897
geneformer,S1_within_dataset__seed0.parquet,S1_within_dataset,,all,0,BRCA_GSE176078,13,137881,0.1,5,19999,768,378.47,0.9073023216229509,0.9073023216229509,6000,9,0,0.8668494525503717,0.8668494525503717,0.8698333333333333
geneformer,S1_within_dataset__seed0.parquet,S1_within_dataset,,all,0,CHOL_GSE125449_aPD1aPDL1aCTLA4,13,137881,0.1,5,19999,768,378.47,0.9073023216229509,0.9073023216229509,887,8,0,0.8845999870726622,0.8845999870726622,0.8342728297632469
geneformer,S1_within_dataset__seed0.parquet,S1_within_dataset,,all,0,CRC_GSE108989,13,137881,0.1,5,19999,768,378.47,0.9073023216229509,0.9073023216229509,2184,3,0,0.9066863298754942,0.9066863298754942,0.913003663003663
geneformer,S1_within_dataset__seed0.parquet,S1_within_dataset,,all,0,CRC_GSE146771_10X,13,137881,0.1,5,19999,768,378.47,0.9073023216229509,0.9073023216229509,6000,7,0,0.9423650517042633,0.9423650517042633,0.9566666666666667
geneformer,S1_within_dataset__seed0.parquet,S1_within_dataset,,all,0,HNSC_GSE103322,13,137881,0.1,5,19999,768,378.47,0.9073023216229509,0.9073023216229509,1176,8,0,0.8930174616173794,0.8930174616173794,0.9438775510204082
geneformer,S1_within_dataset__seed0.parquet,S1_within_dataset,,all,0,LIHC_GSE140228_10X,13,137881,0.1,5,19999,768,378.47,0.9073023216229509,0.9073023216229509,5999,9,0,0.908455910398857,0.908455910398857,0.9026504417402901
geneformer,S1_within_dataset__seed0.parquet,S1_within_dataset,,all,0,LIHC_GSE98638,13,137881,0.1,5,19999,768,378.47,0.9073023216229509,0.9073023216229509,960,3,0,0.8805286452569168,0.8805286452569168,0.8791666666666667
geneformer,S1_within_dataset__seed0.parquet,S1_within_dataset,,all,0,NSCLC_GSE127465,13,137881,0.1,5,19999,768,378.47,0.9073023216229509,0.9073023216229509,6000,12,0,0.8796017627464899,0.8796017627464899,0.9101666666666667
geneformer,S1_within_dataset__seed0.parquet,S1_within_dataset,,all,0,NSCLC_GSE131907,13,137881,0.1,5,19999,768,378.47,0.9073023216229509,0.9073023216229509,6007,10,0,0.8488205373510466,0.8488205373510466,0.8410188113867155
geneformer,S1_within_dataset__seed0.parquet,S1_within_dataset,,all,0,PAAD_GSE111672,13,137881,0.1,5,19999,768,378.47,0.9073023216229509,0.9073023216229509,453,7,0,0.8872726383980186,0.8872726383980186,0.9359823399558499
geneformer,S1_within_dataset__seed0.parquet,S1_within_dataset,,all,0,PAAD_GSE154778,13,137881,0.1,5,19999,768,378.47,0.9073023216229509,0.9073023216229509,2989,6,0,0.8136803540642363,0.8136803540642363,0.9401137504182001
geneformer,S1_within_dataset__seed0.parquet,S1_within_dataset,,all,0,STAD_GSE134520,13,137881,0.1,5,19999,768,378.47,0.9073023216229509,0.9073023216229509,1308,6,0,0.9222155658943336,0.9222155658943336,0.9457186544342507
geneformer,S1_within_dataset__seed0.parquet,S1_within_dataset,,all,1,BRCA_GSE161529,13,137881,0.1,5,19999,768,341.93,0.9073023216229509,0.9073023216229509,6000,10,0,0.8977895553649393,0.8977895553649393,0.897
geneformer,S1_within_dataset__seed0.parquet,S1_within_dataset,,all,1,BRCA_GSE176078,13,137881,0.1,5,19999,768,341.93,0.9073023216229509,0.9073023216229509,6000,9,0,0.8668494525503717,0.8668494525503717,0.8698333333333333
geneformer,S1_within_dataset__seed0.parquet,S1_within_dataset,,all,1,CHOL_GSE125449_aPD1aPDL1aCTLA4,13,137881,0.1,5,19999,768,341.93,0.9073023216229509,0.9073023216229509,887,8,0,0.8845999870726622,0.8845999870726622,0.8342728297632469
geneformer,S1_within_dataset__seed0.parquet,S1_within_dataset,,all,1,CRC_GSE108989,13,137881,0.1,5,19999,768,341.93,0.9073023216229509,0.9073023216229509,2184,3,0,0.9066863298754942,0.9066863298754942,0.913003663003663
geneformer,S1_within_dataset__seed0.parquet,S1_within_dataset,,all,1,CRC_GSE146771_10X,13,137881,0.1,5,19999,768,341.93,0.9073023216229509,0.9073023216229509,6000,7,0,0.9423650517042633,0.9423650517042633,0.9566666666666667
geneformer,S1_within_dataset__seed0.parquet,S1_within_dataset,,all,1,HNSC_GSE103322,13,137881,0.1,5,19999,768,341.93,0.9073023216229509,0.9073023216229509,1176,8,0,0.8930174616173794,0.8930174616173794,0.9438775510204082
geneformer,S1_within_dataset__seed0.parquet,S1_within_dataset,,all,1,LIHC_GSE140228_10X,13,137881,0.1,5,19999,768,341.93,0.9073023216229509,0.9073023216229509,5999,9,0,0.908455910398857,0.908455910398857,0.9026504417402901
geneformer,S1_within_dataset__seed0.parquet,S1_within_dataset,,all,1,LIHC_GSE98638,13,137881,0.1,5,19999,768,341.93,0.9073023216229509,0.9073023216229509,960,3,0,0.8805286452569168,0.8805286452569168,0.8791666666666667
geneformer,S1_within_dataset__seed0.parquet,S1_within_dataset,,all,1,NSCLC_GSE127465,13,137881,0.1,5,19999,768,341.93,0.9073023216229509,0.9073023216229509,6000,12,0,0.8796017627464899,0.8796017627464899,0.9101666666666667
geneformer,S1_within_dataset__seed0.parquet,S1_within_dataset,,all,1,NSCLC_GSE131907,13,137881,0.1,5,19999,768,341.93,0.9073023216229509,0.9073023216229509,6007,10,0,0.8488205373510466,0.8488205373510466,0.8410188113867155
geneformer,S1_within_dataset__seed0.parquet,S1_within_dataset,,all,1,PAAD_GSE111672,13,137881,0.1,5,19999,768,341.93,0.9073023216229509,0.9073023216229509,453,7,0,0.8872726383980186,0.8872726383980186,0.9359823399558499
geneformer,S1_within_dataset__seed0.parquet,S1_within_dataset,,all,1,PAAD_GSE154778,13,137881,0.1,5,19999,768,341.93,0.9073023216229509,0.9073023216229509,2989,6,0,0.8136803540642363,0.8136803540642363,0.9401137504182001
geneformer,S1_within_dataset__seed0.parquet,S1_within_dataset,,all,1,STAD_GSE134520,13,137881,0.1,5,19999,768,341.93,0.9073023216229509,0.9073023216229509,1308,6,0,0.9222155658943336,0.9222155658943336,0.9457186544342507
geneformer,S1_within_dataset__seed0.parquet,S1_within_dataset,,all,2,BRCA_GSE161529,13,137881,0.1,5,19999,768,340.95,0.9073023216229509,0.9073023216229509,6000,10,0,0.8977895553649393,0.8977895553649393,0.897
geneformer,S1_within_dataset__seed0.parquet,S1_within_dataset,,all,2,BRCA_GSE176078,13,137881,0.1,5,19999,768,340.95,0.9073023216229509,0.9073023216229509,6000,9,0,0.8668494525503717,0.8668494525503717,0.8698333333333333
geneformer,S1_within_dataset__seed0.parquet,S1_within_dataset,,all,2,CHOL_GSE125449_aPD1aPDL1aCTLA4,13,137881,0.1,5,19999,768,340.95,0.9073023216229509,0.9073023216229509,887,8,0,0.8845999870726622,0.8845999870726622,0.8342728297632469
geneformer,S1_within_dataset__seed0.parquet,S1_within_dataset,,all,2,CRC_GSE108989,13,137881,0.1,5,19999,768,340.95,0.9073023216229509,0.9073023216229509,2184,3,0,0.9066863298754942,0.9066863298754942,0.913003663003663
geneformer,S1_within_dataset__seed0.parquet,S1_within_dataset,,all,2,CRC_GSE146771_10X,13,137881,0.1,5,19999,768,340.95,0.9073023216229509,0.9073023216229509,6000,7,0,0.9423650517042633,0.9423650517042633,0.9566666666666667
geneformer,S1_within_dataset__seed0.parquet,S1_within_dataset,,all,2,HNSC_GSE103322,13,137881,0.1,5,19999,768,340.95,0.9073023216229509,0.9073023216229509,1176,8,0,0.8930174616173794,0.8930174616173794,0.9438775510204082
geneformer,S1_within_dataset__seed0.parquet,S1_within_dataset,,all,2,LIHC_GSE140228_10X,13,137881,0.1,5,19999,768,340.95,0.9073023216229509,0.9073023216229509,5999,9,0,0.908455910398857,0.908455910398857,0.9026504417402901
geneformer,S1_within_dataset__seed0.parquet,S1_within_dataset,,all,2,LIHC_GSE98638,13,137881,0.1,5,19999,768,340.95,0.9073023216229509,0.9073023216229509,960,3,0,0.8805286452569168,0.8805286452569168,0.8791666666666667
geneformer,S1_within_dataset__seed0.parquet,S1_within_dataset,,all,2,NSCLC_GSE127465,13,137881,0.1,5,19999,768,340.95,0.9073023216229509,0.9073023216229509,6000,12,0,0.8796017627464899,0.8796017627464899,0.9101666666666667
geneformer,S1_within_dataset__seed0.parquet,S1_within_dataset,,all,2,NSCLC_GSE131907,13,137881,0.1,5,19999,768,340.95,0.9073023216229509,0.9073023216229509,6007,10,0,0.8488205373510466,0.8488205373510466,0.8410188113867155
geneformer,S1_within_dataset__seed0.parquet,S1_within_dataset,,all,2,PAAD_GSE111672,13,137881,0.1,5,19999,768,340.95,0.9073023216229509,0.9073023216229509,453,7,0,0.8872726383980186,0.8872726383980186,0.9359823399558499
geneformer,S1_within_dataset__seed0.parquet,S1_within_dataset,,all,2,PAAD_GSE154778,13,137881,0.1,5,19999,768,340.95,0.9073023216229509,0.9073023216229509,2989,6,0,0.8136803540642363,0.8136803540642363,0.9401137504182001
geneformer,S1_within_dataset__seed0.parquet,S1_within_dataset,,all,2,STAD_GSE134520,13,137881,0.1,5,19999,768,340.95,0.9073023216229509,0.9073023216229509,1308,6,0,0.9222155658943336,0.9222155658943336,0.9457186544342507
geneformer,S1_within_dataset__seed0.parquet,S1_within_dataset,,all,3,BRCA_GSE161529,13,137881,0.1,5,19999,768,380.59,0.9073023216229509,0.9073023216229509,6000,10,0,0.8977895553649393,0.8977895553649393,0.897
geneformer,S1_within_dataset__seed0.parquet,S1_within_dataset,,all,3,BRCA_GSE176078,13,137881,0.1,5,19999,768,380.59,0.9073023216229509,0.9073023216229509,6000,9,0,0.8668494525503717,0.8668494525503717,0.8698333333333333
geneformer,S1_within_dataset__seed0.parquet,S1_within_dataset,,all,3,CHOL_GSE125449_aPD1aPDL1aCTLA4,13,137881,0.1,5,19999,768,380.59,0.9073023216229509,0.9073023216229509,887,8,0,0.8845999870726622,0.8845999870726622,0.8342728297632469
geneformer,S1_within_dataset__seed0.parquet,S1_within_dataset,,all,3,CRC_GSE108989,13,137881,0.1,5,19999,768,380.59,0.9073023216229509,0.9073023216229509,2184,3,0,0.9066863298754942,0.9066863298754942,0.913003663003663
geneformer,S1_within_dataset__seed0.parquet,S1_within_dataset,,all,3,CRC_GSE146771_10X,13,137881,0.1,5,19999,768,380.59,0.9073023216229509,0.9073023216229509,6000,7,0,0.9423650517042633,0.9423650517042633,0.9566666666666667
geneformer,S1_within_dataset__seed0.parquet,S1_within_dataset,,all,3,HNSC_GSE103322,13,137881,0.1,5,19999,768,380.59,0.9073023216229509,0.9073023216229509,1176,8,0,0.8930174616173794,0.8930174616173794,0.9438775510204082
geneformer,S1_within_dataset__seed0.parquet,S1_within_dataset,,all,3,LIHC_GSE140228_10X,13,137881,0.1,5,19999,768,380.59,0.9073023216229509,0.9073023216229509,5999,9,0,0.908455910398857,0.908455910398857,0.9026504417402901
geneformer,S1_within_dataset__seed0.parquet,S1_within_dataset,,all,3,LIHC_GSE98638,13,137881,0.1,5,19999,768,380.59,0.9073023216229509,0.9073023216229509,960,3,0,0.8805286452569168,0.8805286452569168,0.8791666666666667
geneformer,S1_within_dataset__seed0.parquet,S1_within_dataset,,all,3,NSCLC_GSE127465,13,137881,0.1,5,19999,768,380.59,0.9073023216229509,0.9073023216229509,6000,12,0,0.8796017627464899,0.8796017627464899,0.9101666666666667
geneformer,S1_within_dataset__seed0.parquet,S1_within_dataset,,all,3,NSCLC_GSE131907,13,137881,0.1,5,19999,768,380.59,0.9073023216229509,0.9073023216229509,6007,10,0,0.8488205373510466,0.8488205373510466,0.8410188113867155
geneformer,S1_within_dataset__seed0.parquet,S1_within_dataset,,all,3,PAAD_GSE111672,13,137881,0.1,5,19999,768,380.59,0.9073023216229509,0.9073023216229509,453,7,0,0.8872726383980186,0.8872726383980186,0.9359823399558499
geneformer,S1_within_dataset__seed0.parquet,S1_within_dataset,,all,3,PAAD_GSE154778,13,137881,0.1,5,19999,768,380.59,0.9073023216229509,0.9073023216229509,2989,6,0,0.8136803540642363,0.8136803540642363,0.9401137504182001
geneformer,S1_within_dataset__seed0.parquet,S1_within_dataset,,all,3,STAD_GSE134520,13,137881,0.1,5,19999,768,380.59,0.9073023216229509,0.9073023216229509,1308,6,0,0.9222155658943336,0.9222155658943336,0.9457186544342507
