contrast,metric,n_datasets,delta_mean,delta_median,ci95_lo,ci95_hi,cohens_dz,wilcoxon_stat,p_raw,ttest_p,n_datasets_favouring_a,n_runs_a,n_runs_b,datasets,scheme,budget,hypothesis,p_fdr,significant_fdr_005,negligible_effect,verdict
scgpt - hvg_pca,macro_f1,13,-0.01693982491667843,0.010145027158676267,-0.06112426133498083,0.020136266094881998,-0.21814256151390943,44.0,0.946044921875,0.4468152372046566,8,25,25,BRCA_GSE161529;BRCA_GSE176078;CHOL_GSE125449_aPD1aPDL1aCTLA4;CRC_GSE108989;CRC_GSE146771_10X;HNSC_GSE103322;LIHC_GSE140228_10X;LIHC_GSE98638;NSCLC_GSE127465;NSCLC_GSE131907;PAAD_GSE111672;PAAD_GSE154778;STAD_GSE134520,S1_within_dataset,10,H1,0.9548864632009346,False,True,no detectable difference
scgpt - scvi,macro_f1,13,-0.023642302855244636,0.005874044391693811,-0.0660134125409264,0.011790968418915035,-0.3146896929722991,41.0,0.786865234375,0.278687135188372,8,25,25,BRCA_GSE161529;BRCA_GSE176078;CHOL_GSE125449_aPD1aPDL1aCTLA4;CRC_GSE108989;CRC_GSE146771_10X;HNSC_GSE103322;LIHC_GSE140228_10X;LIHC_GSE98638;NSCLC_GSE127465;NSCLC_GSE131907;PAAD_GSE111672;PAAD_GSE154778;STAD_GSE134520,S1_within_dataset,10,H1,0.8671576052295918,False,False,no detectable difference
scgpt - harmony,macro_f1,13,0.06837680298992382,0.10292202911487691,0.01955836163185169,0.1106363389267301,0.7864450858652318,13.0,0.021484375,0.015019740853903304,10,25,25,BRCA_GSE161529;BRCA_GSE176078;CHOL_GSE125449_aPD1aPDL1aCTLA4;CRC_GSE108989;CRC_GSE146771_10X;HNSC_GSE103322;LIHC_GSE140228_10X;LIHC_GSE98638;NSCLC_GSE127465;NSCLC_GSE131907;PAAD_GSE111672;PAAD_GSE154778;STAD_GSE134520,S1_within_dataset,10,H1,0.04735331632653061,True,False,scFM better
geneformer - hvg_pca,macro_f1,13,-0.009415357784010592,0.009064019832909831,-0.043098231498420035,0.022794210774272492,-0.14914165149364164,41.0,0.786865234375,0.6005887886937248,8,25,25,BRCA_GSE161529;BRCA_GSE176078;CHOL_GSE125449_aPD1aPDL1aCTLA4;CRC_GSE108989;CRC_GSE146771_10X;HNSC_GSE103322;LIHC_GSE140228_10X;LIHC_GSE98638;NSCLC_GSE127465;NSCLC_GSE131907;PAAD_GSE111672;PAAD_GSE154778;STAD_GSE134520,S1_within_dataset,10,H1,0.8671576052295918,False,True,no detectable difference
geneformer - scvi,macro_f1,13,-0.016117835722576798,-0.008202770295670403,-0.04494905984841512,0.01118009240014724,-0.30044101491037417,33.0,0.414306640625,0.29998122283042444,6,25,25,BRCA_GSE161529;BRCA_GSE176078;CHOL_GSE125449_aPD1aPDL1aCTLA4;CRC_GSE108989;CRC_GSE146771_10X;HNSC_GSE103322;LIHC_GSE140228_10X;LIHC_GSE98638;NSCLC_GSE127465;NSCLC_GSE131907;PAAD_GSE111672;PAAD_GSE154778;STAD_GSE134520,S1_within_dataset,10,H1,0.5811054180194806,False,True,no detectable difference
geneformer - harmony,macro_f1,13,0.07590127012259167,0.0865252097409328,0.03533835075883933,0.11286917807663888,1.025794106169021,8.0,0.006103515625,0.003043808012159656,10,25,25,BRCA_GSE161529;BRCA_GSE176078;CHOL_GSE125449_aPD1aPDL1aCTLA4;CRC_GSE108989;CRC_GSE146771_10X;HNSC_GSE103322;LIHC_GSE140228_10X;LIHC_GSE98638;NSCLC_GSE127465;NSCLC_GSE131907;PAAD_GSE111672;PAAD_GSE154778;STAD_GSE134520,S1_within_dataset,10,H1,0.017346833881578948,True,False,scFM better
scgpt - hvg_pca,macro_f1,13,-0.006180928855005618,0.0031310753182427487,-0.024825159021796574,0.009597386075722986,-0.1869024564630479,45.0,1.0,0.5131553097119953,7,25,25,BRCA_GSE161529;BRCA_GSE176078;CHOL_GSE125449_aPD1aPDL1aCTLA4;CRC_GSE108989;CRC_GSE146771_10X;HNSC_GSE103322;LIHC_GSE140228_10X;LIHC_GSE98638;NSCLC_GSE127465;NSCLC_GSE131907;PAAD_GSE111672;PAAD_GSE154778;STAD_GSE134520,S1_within_dataset,100,H1,1.0,False,True,no detectable difference
scgpt - scvi,macro_f1,13,0.011032660956876281,0.016367282000101957,-0.0058850392493917094,0.026707374724377623,0.3579711578989673,28.0,0.243896484375,0.221126829935314,9,25,25,BRCA_GSE161529;BRCA_GSE176078;CHOL_GSE125449_aPD1aPDL1aCTLA4;CRC_GSE108989;CRC_GSE146771_10X;HNSC_GSE103322;LIHC_GSE140228_10X;LIHC_GSE98638;NSCLC_GSE127465;NSCLC_GSE131907;PAAD_GSE111672;PAAD_GSE154778;STAD_GSE134520,S1_within_dataset,100,H1,0.3873650045955882,False,True,no detectable difference
scgpt - harmony,macro_f1,13,0.07457959215258365,0.07700167061895435,0.0496063666948791,0.09918816143874484,1.5805966911879656,1.0,0.00048828125,9.929971695956711e-05,12,25,25,BRCA_GSE161529;BRCA_GSE176078;CHOL_GSE125449_aPD1aPDL1aCTLA4;CRC_GSE108989;CRC_GSE146771_10X;HNSC_GSE103322;LIHC_GSE140228_10X;LIHC_GSE98638;NSCLC_GSE127465;NSCLC_GSE131907;PAAD_GSE111672;PAAD_GSE154778;STAD_GSE134520,S1_within_dataset,100,H1,0.002197265625,True,False,scFM better
geneformer - hvg_pca,macro_f1,13,0.001410857435643449,0.005457039653415929,-0.014937466785460457,0.01846052728667084,0.04356666835619804,44.0,0.946044921875,0.8777923328259348,7,25,25,BRCA_GSE161529;BRCA_GSE176078;CHOL_GSE125449_aPD1aPDL1aCTLA4;CRC_GSE108989;CRC_GSE146771_10X;HNSC_GSE103322;LIHC_GSE140228_10X;LIHC_GSE98638;NSCLC_GSE127465;NSCLC_GSE131907;PAAD_GSE111672;PAAD_GSE154778;STAD_GSE134520,S1_within_dataset,100,H1,0.9548864632009346,False,True,no detectable difference
geneformer - scvi,macro_f1,13,0.018624447247525346,0.012254634084396088,0.0030500878859104374,0.03598374475911662,0.5839812743567233,16.0,0.039794921875,0.0569779658407099,10,25,25,BRCA_GSE161529;BRCA_GSE176078;CHOL_GSE125449_aPD1aPDL1aCTLA4;CRC_GSE108989;CRC_GSE146771_10X;HNSC_GSE103322;LIHC_GSE140228_10X;LIHC_GSE98638;NSCLC_GSE127465;NSCLC_GSE131907;PAAD_GSE111672;PAAD_GSE154778;STAD_GSE134520,S1_within_dataset,100,H1,0.08109153891509434,False,True,no detectable difference
geneformer - harmony,macro_f1,13,0.08217137844323273,0.06587734895207265,0.05856094899955964,0.10690661358541656,1.77973127703299,0.0,0.000244140625,3.318442108395851e-05,13,25,25,BRCA_GSE161529;BRCA_GSE176078;CHOL_GSE125449_aPD1aPDL1aCTLA4;CRC_GSE108989;CRC_GSE146771_10X;HNSC_GSE103322;LIHC_GSE140228_10X;LIHC_GSE98638;NSCLC_GSE127465;NSCLC_GSE131907;PAAD_GSE111672;PAAD_GSE154778;STAD_GSE134520,S1_within_dataset,100,H1,0.0017578124999999998,True,False,scFM better
scgpt - hvg_pca,macro_f1,13,-0.016212620475473456,0.0029924488419071915,-0.039684599834961705,0.004649571995895856,-0.38110573576711626,40.0,0.7353515625,0.19453332782416163,8,25,25,BRCA_GSE161529;BRCA_GSE176078;CHOL_GSE125449_aPD1aPDL1aCTLA4;CRC_GSE108989;CRC_GSE146771_10X;HNSC_GSE103322;LIHC_GSE140228_10X;LIHC_GSE98638;NSCLC_GSE127465;NSCLC_GSE131907;PAAD_GSE111672;PAAD_GSE154778;STAD_GSE134520,S1_within_dataset,25,H1,0.8359786184210526,False,True,no detectable difference
scgpt - scvi,macro_f1,13,-0.0019174944156611447,0.014800056414916551,-0.021535764106871257,0.015646489392432433,-0.0540593188105406,44.0,0.946044921875,0.8487216444132837,8,25,25,BRCA_GSE161529;BRCA_GSE176078;CHOL_GSE125449_aPD1aPDL1aCTLA4;CRC_GSE108989;CRC_GSE146771_10X;HNSC_GSE103322;LIHC_GSE140228_10X;LIHC_GSE98638;NSCLC_GSE127465;NSCLC_GSE131907;PAAD_GSE111672;PAAD_GSE154778;STAD_GSE134520,S1_within_dataset,25,H1,0.9548864632009346,False,True,no detectable difference
scgpt - harmony,macro_f1,13,0.06754125166245183,0.07338547395863582,0.04083510813284566,0.09299363730064535,1.3593942258359253,3.0,0.001220703125,0.00036510141378324606,12,25,25,BRCA_GSE161529;BRCA_GSE176078;CHOL_GSE125449_aPD1aPDL1aCTLA4;CRC_GSE108989;CRC_GSE146771_10X;HNSC_GSE103322;LIHC_GSE140228_10X;LIHC_GSE98638;NSCLC_GSE127465;NSCLC_GSE131907;PAAD_GSE111672;PAAD_GSE154778;STAD_GSE134520,S1_within_dataset,25,H1,0.0042527721774193545,True,False,scFM better
geneformer - hvg_pca,macro_f1,13,-0.009727696689248274,-0.008664434088203943,-0.03286372239871314,0.010855434298323492,-0.23103179208414257,38.0,0.635498046875,0.4211167456679148,6,25,25,BRCA_GSE161529;BRCA_GSE176078;CHOL_GSE125449_aPD1aPDL1aCTLA4;CRC_GSE108989;CRC_GSE146771_10X;HNSC_GSE103322;LIHC_GSE140228_10X;LIHC_GSE98638;NSCLC_GSE127465;NSCLC_GSE131907;PAAD_GSE111672;PAAD_GSE154778;STAD_GSE134520,S1_within_dataset,25,H1,0.7460194463315217,False,True,no detectable difference
geneformer - scvi,macro_f1,13,0.00456742937056404,0.012054453529155906,-0.01746357118684382,0.024835425502348865,0.1112681114942031,36.0,0.541748046875,0.6953374071431,7,25,25,BRCA_GSE161529;BRCA_GSE176078;CHOL_GSE125449_aPD1aPDL1aCTLA4;CRC_GSE108989;CRC_GSE146771_10X;HNSC_GSE103322;LIHC_GSE140228_10X;LIHC_GSE98638;NSCLC_GSE127465;NSCLC_GSE131907;PAAD_GSE111672;PAAD_GSE154778;STAD_GSE134520,S1_within_dataset,25,H1,0.6803347565406976,False,True,no detectable difference
geneformer - harmony,macro_f1,13,0.07402617544867701,0.06731869809205338,0.04801144623019356,0.09896381686005658,1.5111523274461793,1.0,0.00048828125,0.00014801257488361027,12,25,25,BRCA_GSE161529;BRCA_GSE176078;CHOL_GSE125449_aPD1aPDL1aCTLA4;CRC_GSE108989;CRC_GSE146771_10X;HNSC_GSE103322;LIHC_GSE140228_10X;LIHC_GSE98638;NSCLC_GSE127465;NSCLC_GSE131907;PAAD_GSE111672;PAAD_GSE154778;STAD_GSE134520,S1_within_dataset,25,H1,0.002197265625,True,False,scFM better
scgpt - hvg_pca,macro_f1,13,-0.05935302104964128,-0.015688852066984893,-0.11542943495278597,-0.010414069292784371,-0.5887751361088227,20.0,0.080322265625,0.05525309060718758,3,25,25,BRCA_GSE161529;BRCA_GSE176078;CHOL_GSE125449_aPD1aPDL1aCTLA4;CRC_GSE108989;CRC_GSE146771_10X;HNSC_GSE103322;LIHC_GSE140228_10X;LIHC_GSE98638;NSCLC_GSE127465;NSCLC_GSE131907;PAAD_GSE111672;PAAD_GSE154778;STAD_GSE134520,S1_within_dataset,5,H1,0.1495655980603448,False,False,no detectable difference
scgpt - scvi,macro_f1,13,-0.052048198407627456,-0.003720583661826371,-0.10848195017872993,-0.003542172915779141,-0.5186221323873077,30.0,0.305419921875,0.08608045969849881,5,25,25,BRCA_GSE161529;BRCA_GSE176078;CHOL_GSE125449_aPD1aPDL1aCTLA4;CRC_GSE108989;CRC_GSE146771_10X;HNSC_GSE103322;LIHC_GSE140228_10X;LIHC_GSE98638;NSCLC_GSE127465;NSCLC_GSE131907;PAAD_GSE111672;PAAD_GSE154778;STAD_GSE134520,S1_within_dataset,5,H1,0.4581298828125,False,False,no detectable difference
scgpt - harmony,macro_f1,13,0.05459947422093787,0.10505574221229308,-0.01595779851126236,0.11600789056738162,0.4301794340659026,29.0,0.2734375,0.14685511651842412,10,25,25,BRCA_GSE161529;BRCA_GSE176078;CHOL_GSE125449_aPD1aPDL1aCTLA4;CRC_GSE108989;CRC_GSE146771_10X;HNSC_GSE103322;LIHC_GSE140228_10X;LIHC_GSE98638;NSCLC_GSE127465;NSCLC_GSE131907;PAAD_GSE111672;PAAD_GSE154778;STAD_GSE134520,S1_within_dataset,5,H1,0.421875,False,False,no detectable difference
geneformer - hvg_pca,macro_f1,13,-0.023755094231529685,-0.0012014733494142282,-0.06182401530624499,0.00972539173750934,-0.3461695828868445,37.0,0.587890625,0.23578734725559192,6,25,25,BRCA_GSE161529;BRCA_GSE176078;CHOL_GSE125449_aPD1aPDL1aCTLA4;CRC_GSE108989;CRC_GSE146771_10X;HNSC_GSE103322;LIHC_GSE140228_10X;LIHC_GSE98638;NSCLC_GSE127465;NSCLC_GSE131907;PAAD_GSE111672;PAAD_GSE154778;STAD_GSE134520,S1_within_dataset,5,H1,0.7215021306818182,False,False,no detectable difference
geneformer - scvi,macro_f1,13,-0.01645027158951585,0.012486354458873361,-0.05353979741921823,0.013548705502957451,-0.2572546165671876,38.0,0.635498046875,0.3719243093198652,7,25,25,BRCA_GSE161529;BRCA_GSE176078;CHOL_GSE125449_aPD1aPDL1aCTLA4;CRC_GSE108989;CRC_GSE146771_10X;HNSC_GSE103322;LIHC_GSE140228_10X;LIHC_GSE98638;NSCLC_GSE127465;NSCLC_GSE131907;PAAD_GSE111672;PAAD_GSE154778;STAD_GSE134520,S1_within_dataset,5,H1,0.7460194463315217,False,True,no detectable difference
geneformer - harmony,macro_f1,13,0.09019740103904948,0.1048769133347468,0.035286801357212974,0.13648932571702793,0.93495111170023,11.0,0.013427734375,0.005559771488304368,10,25,25,BRCA_GSE161529;BRCA_GSE176078;CHOL_GSE125449_aPD1aPDL1aCTLA4;CRC_GSE108989;CRC_GSE146771_10X;HNSC_GSE103322;LIHC_GSE140228_10X;LIHC_GSE98638;NSCLC_GSE127465;NSCLC_GSE131907;PAAD_GSE111672;PAAD_GSE154778;STAD_GSE134520,S1_within_dataset,5,H1,0.031525985054347824,True,False,scFM better
scgpt - hvg_pca,macro_f1,13,-0.01194386457248857,0.001477159040656928,-0.032371914980836844,0.006704603912059176,-0.3172983815694199,35.0,0.497314453125,0.2749170819799382,7,25,25,BRCA_GSE161529;BRCA_GSE176078;CHOL_GSE125449_aPD1aPDL1aCTLA4;CRC_GSE108989;CRC_GSE146771_10X;HNSC_GSE103322;LIHC_GSE140228_10X;LIHC_GSE98638;NSCLC_GSE127465;NSCLC_GSE131907;PAAD_GSE111672;PAAD_GSE154778;STAD_GSE134520,S1_within_dataset,50,H1,0.6471079631024097,False,True,no detectable difference
scgpt - scvi,macro_f1,13,0.003043345630876484,0.018572113834935622,-0.013917499604342274,0.019446863007041078,0.09618487415193662,42.0,0.83935546875,0.7347475932380821,8,25,25,BRCA_GSE161529;BRCA_GSE176078;CHOL_GSE125449_aPD1aPDL1aCTLA4;CRC_GSE108989;CRC_GSE146771_10X;HNSC_GSE103322;LIHC_GSE140228_10X;LIHC_GSE98638;NSCLC_GSE127465;NSCLC_GSE131907;PAAD_GSE111672;PAAD_GSE154778;STAD_GSE134520,S1_within_dataset,50,H1,0.8716383713942308,False,True,no detectable difference
scgpt - harmony,macro_f1,13,0.0696366386806561,0.07460231875665058,0.04322532393305619,0.09664263729047136,1.3652096184516653,1.0,0.00048828125,0.00035241591997713936,12,25,25,BRCA_GSE161529;BRCA_GSE176078;CHOL_GSE125449_aPD1aPDL1aCTLA4;CRC_GSE108989;CRC_GSE146771_10X;HNSC_GSE103322;LIHC_GSE140228_10X;LIHC_GSE98638;NSCLC_GSE127465;NSCLC_GSE131907;PAAD_GSE111672;PAAD_GSE154778;STAD_GSE134520,S1_within_dataset,50,H1,0.002197265625,True,False,scFM better
geneformer - hvg_pca,macro_f1,13,-0.0031739170624499003,-0.004476993078806779,-0.019108640555905606,0.013501307914816916,-0.10059860421608127,38.0,0.635498046875,0.7231271070875639,5,25,25,BRCA_GSE161529;BRCA_GSE176078;CHOL_GSE125449_aPD1aPDL1aCTLA4;CRC_GSE108989;CRC_GSE146771_10X;HNSC_GSE103322;LIHC_GSE140228_10X;LIHC_GSE98638;NSCLC_GSE127465;NSCLC_GSE131907;PAAD_GSE111672;PAAD_GSE154778;STAD_GSE134520,S1_within_dataset,50,H1,0.7460194463315217,False,True,no detectable difference
geneformer - scvi,macro_f1,13,0.011813293140915154,0.00589404388333159,-0.003546073038270477,0.028184117211968465,0.384972700726601,28.0,0.243896484375,0.19035658118557808,7,25,25,BRCA_GSE161529;BRCA_GSE176078;CHOL_GSE125449_aPD1aPDL1aCTLA4;CRC_GSE108989;CRC_GSE146771_10X;HNSC_GSE103322;LIHC_GSE140228_10X;LIHC_GSE98638;NSCLC_GSE127465;NSCLC_GSE131907;PAAD_GSE111672;PAAD_GSE154778;STAD_GSE134520,S1_within_dataset,50,H1,0.3873650045955882,False,True,no detectable difference
geneformer - harmony,macro_f1,13,0.07840658619069478,0.06675863960972406,0.05585238117103209,0.10236814535681901,1.7427913756907407,0.0,0.000244140625,4.0448775446845024e-05,13,25,25,BRCA_GSE161529;BRCA_GSE176078;CHOL_GSE125449_aPD1aPDL1aCTLA4;CRC_GSE108989;CRC_GSE146771_10X;HNSC_GSE103322;LIHC_GSE140228_10X;LIHC_GSE98638;NSCLC_GSE127465;NSCLC_GSE131907;PAAD_GSE111672;PAAD_GSE154778;STAD_GSE134520,S1_within_dataset,50,H1,0.0017578124999999998,True,False,scFM better
scgpt - hvg_pca,macro_f1,13,0.05159210960106526,0.05371871760958824,0.03922075972239822,0.06310157615968905,2.2397133842093906,0.0,0.000244140625,3.4151467796385215e-06,13,25,25,BRCA_GSE161529;BRCA_GSE176078;CHOL_GSE125449_aPD1aPDL1aCTLA4;CRC_GSE108989;CRC_GSE146771_10X;HNSC_GSE103322;LIHC_GSE140228_10X;LIHC_GSE98638;NSCLC_GSE127465;NSCLC_GSE131907;PAAD_GSE111672;PAAD_GSE154778;STAD_GSE134520,S1_within_dataset,all,H1,0.0017578124999999998,True,False,scFM better
scgpt - scvi,macro_f1,13,0.09223745578181594,0.08018647200261508,0.07627270756108777,0.11144885270881558,2.7162077234081012,0.0,0.000244140625,4.485275988612679e-07,13,25,10,BRCA_GSE161529;BRCA_GSE176078;CHOL_GSE125449_aPD1aPDL1aCTLA4;CRC_GSE108989;CRC_GSE146771_10X;HNSC_GSE103322;LIHC_GSE140228_10X;LIHC_GSE98638;NSCLC_GSE127465;NSCLC_GSE131907;PAAD_GSE111672;PAAD_GSE154778;STAD_GSE134520,S1_within_dataset,all,H1,0.0017578124999999998,True,False,scFM better
scgpt - harmony,macro_f1,13,0.13718096904076937,0.12561530768676632,0.10926032809217609,0.1689672560941257,2.400313486827921,0.0,0.000244140625,1.6661306837522818e-06,13,25,10,BRCA_GSE161529;BRCA_GSE176078;CHOL_GSE125449_aPD1aPDL1aCTLA4;CRC_GSE108989;CRC_GSE146771_10X;HNSC_GSE103322;LIHC_GSE140228_10X;LIHC_GSE98638;NSCLC_GSE127465;NSCLC_GSE131907;PAAD_GSE111672;PAAD_GSE154778;STAD_GSE134520,S1_within_dataset,all,H1,0.0017578124999999998,True,False,scFM better
geneformer - hvg_pca,macro_f1,13,0.05133610528546405,0.04799448448618426,0.04003367672530886,0.06321965797518955,2.2941835147873584,0.0,0.000244140625,2.6663528321744274e-06,13,25,25,BRCA_GSE161529;BRCA_GSE176078;CHOL_GSE125449_aPD1aPDL1aCTLA4;CRC_GSE108989;CRC_GSE146771_10X;HNSC_GSE103322;LIHC_GSE140228_10X;LIHC_GSE98638;NSCLC_GSE127465;NSCLC_GSE131907;PAAD_GSE111672;PAAD_GSE154778;STAD_GSE134520,S1_within_dataset,all,H1,0.0017578124999999998,True,False,scFM better
geneformer - scvi,macro_f1,13,0.09198145146621473,0.07490400687753174,0.07118323037843838,0.11484980129139198,2.1946110053163728,0.0,0.000244140625,4.205694906795676e-06,13,25,10,BRCA_GSE161529;BRCA_GSE176078;CHOL_GSE125449_aPD1aPDL1aCTLA4;CRC_GSE108989;CRC_GSE146771_10X;HNSC_GSE103322;LIHC_GSE140228_10X;LIHC_GSE98638;NSCLC_GSE127465;NSCLC_GSE131907;PAAD_GSE111672;PAAD_GSE154778;STAD_GSE134520,S1_within_dataset,all,H1,0.0017578124999999998,True,False,scFM better
geneformer - harmony,macro_f1,13,0.13692496472516819,0.12186978312974561,0.10788813137123286,0.1706319112443371,2.238196968728324,0.0,0.000244140625,3.4389716712613663e-06,13,25,10,BRCA_GSE161529;BRCA_GSE176078;CHOL_GSE125449_aPD1aPDL1aCTLA4;CRC_GSE108989;CRC_GSE146771_10X;HNSC_GSE103322;LIHC_GSE140228_10X;LIHC_GSE98638;NSCLC_GSE127465;NSCLC_GSE131907;PAAD_GSE111672;PAAD_GSE154778;STAD_GSE134520,S1_within_dataset,all,H1,0.0017578124999999998,True,False,scFM better
scgpt - hvg_pca,macro_f1,13,-0.027805186077327175,0.0011462545629201681,-0.07468191120051995,0.014095852028910954,-0.32382047876949754,42.0,0.83935546875,0.2656635352435669,8,25,25,BRCA_GSE161529;BRCA_GSE176078;CHOL_GSE125449_aPD1aPDL1aCTLA4;CRC_GSE108989;CRC_GSE146771_10X;HNSC_GSE103322;LIHC_GSE140228_10X;LIHC_GSE98638;NSCLC_GSE127465;NSCLC_GSE131907;PAAD_GSE111672;PAAD_GSE154778;STAD_GSE134520,S2_leave_donor_out,10,H2,0.8716383713942308,False,False,no detectable difference
scgpt - scvi,macro_f1,13,-0.03715289719968455,0.006185798315930469,-0.08378168036632379,0.00500979019631245,-0.4351437592133585,42.0,0.83935546875,0.14264304900691147,7,25,25,BRCA_GSE161529;BRCA_GSE176078;CHOL_GSE125449_aPD1aPDL1aCTLA4;CRC_GSE108989;CRC_GSE146771_10X;HNSC_GSE103322;LIHC_GSE140228_10X;LIHC_GSE98638;NSCLC_GSE127465;NSCLC_GSE131907;PAAD_GSE111672;PAAD_GSE154778;STAD_GSE134520,S2_leave_donor_out,10,H2,0.8716383713942308,False,False,no detectable difference
scgpt - harmony,macro_f1,13,0.05449176686484089,0.08496285533384784,0.007245163197743409,0.09756788730405509,0.6343973486632254,14.0,0.026611328125,0.041128004460399825,9,25,25,BRCA_GSE161529;BRCA_GSE176078;CHOL_GSE125449_aPD1aPDL1aCTLA4;CRC_GSE108989;CRC_GSE146771_10X;HNSC_GSE103322;LIHC_GSE140228_10X;LIHC_GSE98638;NSCLC_GSE127465;NSCLC_GSE131907;PAAD_GSE111672;PAAD_GSE154778;STAD_GSE134520,S2_leave_donor_out,10,H2,0.05748046875,False,False,no detectable difference
geneformer - hvg_pca,macro_f1,13,-0.016814127946366313,-0.007320486740477694,-0.052686479886599656,0.017759446956378874,-0.2489150459420182,35.0,0.497314453125,0.3871169712587637,5,25,25,BRCA_GSE161529;BRCA_GSE176078;CHOL_GSE125449_aPD1aPDL1aCTLA4;CRC_GSE108989;CRC_GSE146771_10X;HNSC_GSE103322;LIHC_GSE140228_10X;LIHC_GSE98638;NSCLC_GSE127465;NSCLC_GSE131907;PAAD_GSE111672;PAAD_GSE154778;STAD_GSE134520,S2_leave_donor_out,10,H2,0.6471079631024097,False,True,no detectable difference
geneformer - scvi,macro_f1,13,-0.026161839068723696,0.0008375386425674147,-0.060059267576015866,0.005371984649566892,-0.415493595578898,34.0,0.454833984375,0.1599482652334072,7,25,25,BRCA_GSE161529;BRCA_GSE176078;CHOL_GSE125449_aPD1aPDL1aCTLA4;CRC_GSE108989;CRC_GSE146771_10X;HNSC_GSE103322;LIHC_GSE140228_10X;LIHC_GSE98638;NSCLC_GSE127465;NSCLC_GSE131907;PAAD_GSE111672;PAAD_GSE154778;STAD_GSE134520,S2_leave_donor_out,10,H2,0.6297701322115384,False,False,no detectable difference
geneformer - harmony,macro_f1,13,0.06548282499580174,0.06432958210837658,0.026577521446461083,0.10345641637376335,0.8913939347923611,8.0,0.006103515625,0.007437270252949069,10,25,25,BRCA_GSE161529;BRCA_GSE176078;CHOL_GSE125449_aPD1aPDL1aCTLA4;CRC_GSE108989;CRC_GSE146771_10X;HNSC_GSE103322;LIHC_GSE140228_10X;LIHC_GSE98638;NSCLC_GSE127465;NSCLC_GSE131907;PAAD_GSE111672;PAAD_GSE154778;STAD_GSE134520,S2_leave_donor_out,10,H2,0.017346833881578948,True,False,scFM better
scgpt - hvg_pca,macro_f1,13,-0.02011573812292948,-0.01423787002898913,-0.044245324785067736,0.0025308271491527325,-0.4518263015746008,27.0,0.21630859375,0.12924700408122108,6,25,25,BRCA_GSE161529;BRCA_GSE176078;CHOL_GSE125449_aPD1aPDL1aCTLA4;CRC_GSE108989;CRC_GSE146771_10X;HNSC_GSE103322;LIHC_GSE140228_10X;LIHC_GSE98638;NSCLC_GSE127465;NSCLC_GSE131907;PAAD_GSE111672;PAAD_GSE154778;STAD_GSE134520,S2_leave_donor_out,100,H2,0.3594050480769231,False,False,no detectable difference
scgpt - scvi,macro_f1,13,-0.006211738394464274,0.005786868045694615,-0.022227851706768678,0.008231920929558621,-0.2136659156350035,41.0,0.786865234375,0.45597224335311604,7,25,25,BRCA_GSE161529;BRCA_GSE176078;CHOL_GSE125449_aPD1aPDL1aCTLA4;CRC_GSE108989;CRC_GSE146771_10X;HNSC_GSE103322;LIHC_GSE140228_10X;LIHC_GSE98638;NSCLC_GSE127465;NSCLC_GSE131907;PAAD_GSE111672;PAAD_GSE154778;STAD_GSE134520,S2_leave_donor_out,100,H2,0.8671576052295918,False,True,no detectable difference
scgpt - harmony,macro_f1,13,0.04114329096687046,0.03948924674401255,0.0184968054601481,0.06475170234598793,0.9349751133448503,8.0,0.006103515625,0.005558881809545564,11,25,25,BRCA_GSE161529;BRCA_GSE176078;CHOL_GSE125449_aPD1aPDL1aCTLA4;CRC_GSE108989;CRC_GSE146771_10X;HNSC_GSE103322;LIHC_GSE140228_10X;LIHC_GSE98638;NSCLC_GSE127465;NSCLC_GSE131907;PAAD_GSE111672;PAAD_GSE154778;STAD_GSE134520,S2_leave_donor_out,100,H2,0.017346833881578948,True,False,scFM better
geneformer - hvg_pca,macro_f1,13,-0.0012700724903433795,-0.007544450761245769,-0.01864177136779195,0.0171747394976459,-0.0372391061261644,42.0,0.83935546875,0.8954166835101895,6,25,25,BRCA_GSE161529;BRCA_GSE176078;CHOL_GSE125449_aPD1aPDL1aCTLA4;CRC_GSE108989;CRC_GSE146771_10X;HNSC_GSE103322;LIHC_GSE140228_10X;LIHC_GSE98638;NSCLC_GSE127465;NSCLC_GSE131907;PAAD_GSE111672;PAAD_GSE154778;STAD_GSE134520,S2_leave_donor_out,100,H2,0.8716383713942308,False,True,no detectable difference
geneformer - scvi,macro_f1,13,0.012633927238121827,0.011163135741448227,-0.0007455961289413107,0.026526379260241956,0.48133657646702804,24.0,0.146484375,0.10823692244726957,8,25,25,BRCA_GSE161529;BRCA_GSE176078;CHOL_GSE125449_aPD1aPDL1aCTLA4;CRC_GSE108989;CRC_GSE146771_10X;HNSC_GSE103322;LIHC_GSE140228_10X;LIHC_GSE98638;NSCLC_GSE127465;NSCLC_GSE131907;PAAD_GSE111672;PAAD_GSE154778;STAD_GSE134520,S2_leave_donor_out,100,H2,0.2551663306451613,False,True,no detectable difference
geneformer - harmony,macro_f1,13,0.059988956599456564,0.0664393205868612,0.04041994597380625,0.08076243133657264,1.5537292124529039,1.0,0.00048828125,0.0001157607779269433,12,25,25,BRCA_GSE161529;BRCA_GSE176078;CHOL_GSE125449_aPD1aPDL1aCTLA4;CRC_GSE108989;CRC_GSE146771_10X;HNSC_GSE103322;LIHC_GSE140228_10X;LIHC_GSE98638;NSCLC_GSE127465;NSCLC_GSE131907;PAAD_GSE111672;PAAD_GSE154778;STAD_GSE134520,S2_leave_donor_out,100,H2,0.002197265625,True,False,scFM better
scgpt - hvg_pca,macro_f1,13,-0.026927675054037373,-0.0005841595791559184,-0.05600827317637201,-0.0007214635499417047,-0.5063481839096965,29.0,0.2734375,0.09287398579743619,6,25,25,BRCA_GSE161529;BRCA_GSE176078;CHOL_GSE125449_aPD1aPDL1aCTLA4;CRC_GSE108989;CRC_GSE146771_10X;HNSC_GSE103322;LIHC_GSE140228_10X;LIHC_GSE98638;NSCLC_GSE127465;NSCLC_GSE131907;PAAD_GSE111672;PAAD_GSE154778;STAD_GSE134520,S2_leave_donor_out,25,H2,0.421875,False,False,no detectable difference
scgpt - scvi,macro_f1,13,-0.01798941196721315,-0.00023718374646375384,-0.03937135744667674,0.0005964716144960502,-0.4724651744227797,32.0,0.375732421875,0.11420938689088354,6,25,25,BRCA_GSE161529;BRCA_GSE176078;CHOL_GSE125449_aPD1aPDL1aCTLA4;CRC_GSE108989;CRC_GSE146771_10X;HNSC_GSE103322;LIHC_GSE140228_10X;LIHC_GSE98638;NSCLC_GSE127465;NSCLC_GSE131907;PAAD_GSE111672;PAAD_GSE154778;STAD_GSE134520,S2_leave_donor_out,25,H2,0.548366237331081,False,True,no detectable difference
scgpt - harmony,macro_f1,13,0.04543352937890122,0.05779233262027639,0.01789369679504606,0.0719633580910373,0.8865310149673834,9.0,0.008056640625,0.007683232440625008,10,25,25,BRCA_GSE161529;BRCA_GSE176078;CHOL_GSE125449_aPD1aPDL1aCTLA4;CRC_GSE108989;CRC_GSE146771_10X;HNSC_GSE103322;LIHC_GSE140228_10X;LIHC_GSE98638;NSCLC_GSE127465;NSCLC_GSE131907;PAAD_GSE111672;PAAD_GSE154778;STAD_GSE134520,S2_leave_donor_out,25,H2,0.021752929687500002,True,False,scFM better
geneformer - hvg_pca,macro_f1,13,-0.005520503432279782,-0.007344655486949958,-0.02220445680452066,0.011046814440559745,-0.1724209289396645,36.0,0.541748046875,0.5457868617961152,5,25,25,BRCA_GSE161529;BRCA_GSE176078;CHOL_GSE125449_aPD1aPDL1aCTLA4;CRC_GSE108989;CRC_GSE146771_10X;HNSC_GSE103322;LIHC_GSE140228_10X;LIHC_GSE98638;NSCLC_GSE127465;NSCLC_GSE131907;PAAD_GSE111672;PAAD_GSE154778;STAD_GSE134520,S2_leave_donor_out,25,H2,0.6803347565406976,False,True,no detectable difference
geneformer - scvi,macro_f1,13,0.003417759654544443,0.004791378178408134,-0.01095630474158187,0.016933390062825935,0.12662296473311505,38.0,0.635498046875,0.6561509940121142,8,25,25,BRCA_GSE161529;BRCA_GSE176078;CHOL_GSE125449_aPD1aPDL1aCTLA4;CRC_GSE108989;CRC_GSE146771_10X;HNSC_GSE103322;LIHC_GSE140228_10X;LIHC_GSE98638;NSCLC_GSE127465;NSCLC_GSE131907;PAAD_GSE111672;PAAD_GSE154778;STAD_GSE134520,S2_leave_donor_out,25,H2,0.7460194463315217,False,True,no detectable difference
geneformer - harmony,macro_f1,13,0.06684070100065881,0.0647367752257223,0.046845003303235044,0.08824503063572259,1.6656641761973805,1.0,0.00048828125,6.163206171006803e-05,12,25,25,BRCA_GSE161529;BRCA_GSE176078;CHOL_GSE125449_aPD1aPDL1aCTLA4;CRC_GSE108989;CRC_GSE146771_10X;HNSC_GSE103322;LIHC_GSE140228_10X;LIHC_GSE98638;NSCLC_GSE127465;NSCLC_GSE131907;PAAD_GSE111672;PAAD_GSE154778;STAD_GSE134520,S2_leave_donor_out,25,H2,0.002197265625,True,False,scFM better
scgpt - hvg_pca,macro_f1,13,-0.04785796177830836,-0.015360560759266173,-0.09955087988299192,0.0019343924885792177,-0.4915399144018664,28.0,0.243896484375,0.10171370496091608,5,25,25,BRCA_GSE161529;BRCA_GSE176078;CHOL_GSE125449_aPD1aPDL1aCTLA4;CRC_GSE108989;CRC_GSE146771_10X;HNSC_GSE103322;LIHC_GSE140228_10X;LIHC_GSE98638;NSCLC_GSE127465;NSCLC_GSE131907;PAAD_GSE111672;PAAD_GSE154778;STAD_GSE134520,S2_leave_donor_out,5,H2,0.3873650045955882,False,False,no detectable difference
scgpt - scvi,macro_f1,13,-0.04590274837210143,-0.008098483915581545,-0.09219113758823382,-0.0028414296847122733,-0.5410923114000298,27.0,0.21630859375,0.07480562133530991,5,25,25,BRCA_GSE161529;BRCA_GSE176078;CHOL_GSE125449_aPD1aPDL1aCTLA4;CRC_GSE108989;CRC_GSE146771_10X;HNSC_GSE103322;LIHC_GSE140228_10X;LIHC_GSE98638;NSCLC_GSE127465;NSCLC_GSE131907;PAAD_GSE111672;PAAD_GSE154778;STAD_GSE134520,S2_leave_donor_out,5,H2,0.3594050480769231,False,False,no detectable difference
scgpt - harmony,macro_f1,13,0.06053127758603043,0.07785673738020282,0.008888688972017058,0.10818259171167285,0.6353041349716172,16.0,0.039794921875,0.04088553672985714,9,25,25,BRCA_GSE161529;BRCA_GSE176078;CHOL_GSE125449_aPD1aPDL1aCTLA4;CRC_GSE108989;CRC_GSE146771_10X;HNSC_GSE103322;LIHC_GSE140228_10X;LIHC_GSE98638;NSCLC_GSE127465;NSCLC_GSE131907;PAAD_GSE111672;PAAD_GSE154778;STAD_GSE134520,S2_leave_donor_out,5,H2,0.08109153891509434,False,False,no detectable difference
geneformer - hvg_pca,macro_f1,13,-0.022694006635847086,0.0027695420283077032,-0.07141299879564213,0.018248735411405335,-0.2650287819909843,36.0,0.541748046875,0.35814201027266196,7,25,25,BRCA_GSE161529;BRCA_GSE176078;CHOL_GSE125449_aPD1aPDL1aCTLA4;CRC_GSE108989;CRC_GSE146771_10X;HNSC_GSE103322;LIHC_GSE140228_10X;LIHC_GSE98638;NSCLC_GSE127465;NSCLC_GSE131907;PAAD_GSE111672;PAAD_GSE154778;STAD_GSE134520,S2_leave_donor_out,5,H2,0.6803347565406976,False,False,no detectable difference
geneformer - scvi,macro_f1,13,-0.020738793229640166,-0.01788505490358705,-0.0661442916732268,0.015724584614442417,-0.26480997568207404,37.0,0.587890625,0.35852489989445957,6,25,25,BRCA_GSE161529;BRCA_GSE176078;CHOL_GSE125449_aPD1aPDL1aCTLA4;CRC_GSE108989;CRC_GSE146771_10X;HNSC_GSE103322;LIHC_GSE140228_10X;LIHC_GSE98638;NSCLC_GSE127465;NSCLC_GSE131907;PAAD_GSE111672;PAAD_GSE154778;STAD_GSE134520,S2_leave_donor_out,5,H2,0.7215021306818182,False,False,no detectable difference
geneformer - harmony,macro_f1,13,0.0856952327284917,0.0959868401677767,0.03105595134071696,0.13177828308311812,0.8865023817790441,10.0,0.010498046875,0.00768470470386476,12,25,25,BRCA_GSE161529;BRCA_GSE176078;CHOL_GSE125449_aPD1aPDL1aCTLA4;CRC_GSE108989;CRC_GSE146771_10X;HNSC_GSE103322;LIHC_GSE140228_10X;LIHC_GSE98638;NSCLC_GSE127465;NSCLC_GSE131907;PAAD_GSE111672;PAAD_GSE154778;STAD_GSE134520,S2_leave_donor_out,5,H2,0.026994977678571428,True,False,scFM better
scgpt - hvg_pca,macro_f1,13,-0.03008632787252489,-0.013858098963530185,-0.05522337821939153,-0.0063882818820078045,-0.6420154531443504,17.0,0.0478515625,0.039132957478952096,3,25,25,BRCA_GSE161529;BRCA_GSE176078;CHOL_GSE125449_aPD1aPDL1aCTLA4;CRC_GSE108989;CRC_GSE146771_10X;HNSC_GSE103322;LIHC_GSE140228_10X;LIHC_GSE98638;NSCLC_GSE127465;NSCLC_GSE131907;PAAD_GSE111672;PAAD_GSE154778;STAD_GSE134520,S2_leave_donor_out,50,H2,0.09396306818181817,False,False,no detectable difference
scgpt - scvi,macro_f1,13,-0.013295658185919797,-0.002298112141668418,-0.03229369039047901,0.003857108524105977,-0.38289173579096697,35.0,0.497314453125,0.19259490793802989,6,25,25,BRCA_GSE161529;BRCA_GSE176078;CHOL_GSE125449_aPD1aPDL1aCTLA4;CRC_GSE108989;CRC_GSE146771_10X;HNSC_GSE103322;LIHC_GSE140228_10X;LIHC_GSE98638;NSCLC_GSE127465;NSCLC_GSE131907;PAAD_GSE111672;PAAD_GSE154778;STAD_GSE134520,S2_leave_donor_out,50,H2,0.6471079631024097,False,True,no detectable difference
scgpt - harmony,macro_f1,13,0.03977946677347221,0.04551890275744819,0.01583641101359393,0.06288885161984518,0.895581454742857,9.0,0.008056640625,0.007231839848266468,11,25,25,BRCA_GSE161529;BRCA_GSE176078;CHOL_GSE125449_aPD1aPDL1aCTLA4;CRC_GSE108989;CRC_GSE146771_10X;HNSC_GSE103322;LIHC_GSE140228_10X;LIHC_GSE98638;NSCLC_GSE127465;NSCLC_GSE131907;PAAD_GSE111672;PAAD_GSE154778;STAD_GSE134520,S2_leave_donor_out,50,H2,0.021752929687500002,True,False,scFM better
geneformer - hvg_pca,macro_f1,13,-0.009315231512592819,-0.020295234644936322,-0.026010809208251724,0.009309495131888354,-0.2722342686038224,30.0,0.305419921875,0.34569529692319617,4,25,25,BRCA_GSE161529;BRCA_GSE176078;CHOL_GSE125449_aPD1aPDL1aCTLA4;CRC_GSE108989;CRC_GSE146771_10X;HNSC_GSE103322;LIHC_GSE140228_10X;LIHC_GSE98638;NSCLC_GSE127465;NSCLC_GSE131907;PAAD_GSE111672;PAAD_GSE154778;STAD_GSE134520,S2_leave_donor_out,50,H2,0.4581298828125,False,True,no detectable difference
geneformer - scvi,macro_f1,13,0.007475438174012272,0.006449617101385474,-0.0055229229255091255,0.02090088202808931,0.29108571283498197,32.0,0.375732421875,0.3146148070014019,8,25,25,BRCA_GSE161529;BRCA_GSE176078;CHOL_GSE125449_aPD1aPDL1aCTLA4;CRC_GSE108989;CRC_GSE146771_10X;HNSC_GSE103322;LIHC_GSE140228_10X;LIHC_GSE98638;NSCLC_GSE127465;NSCLC_GSE131907;PAAD_GSE111672;PAAD_GSE154778;STAD_GSE134520,S2_leave_donor_out,50,H2,0.548366237331081,False,True,no detectable difference
geneformer - harmony,macro_f1,13,0.06055056313340428,0.058450064721491835,0.041217369956715634,0.08213027064889306,1.5333403522470448,0.0,0.000244140625,0.00013016523472836783,13,25,25,BRCA_GSE161529;BRCA_GSE176078;CHOL_GSE125449_aPD1aPDL1aCTLA4;CRC_GSE108989;CRC_GSE146771_10X;HNSC_GSE103322;LIHC_GSE140228_10X;LIHC_GSE98638;NSCLC_GSE127465;NSCLC_GSE131907;PAAD_GSE111672;PAAD_GSE154778;STAD_GSE134520,S2_leave_donor_out,50,H2,0.0017578124999999998,True,False,scFM better
scgpt - hvg_pca,macro_f1,13,0.027657061252381158,0.046377039331838676,0.00599255577460746,0.04653036346518269,0.7014923501675204,19.0,0.068115234375,0.02645502901486977,10,25,25,BRCA_GSE161529;BRCA_GSE176078;CHOL_GSE125449_aPD1aPDL1aCTLA4;CRC_GSE108989;CRC_GSE146771_10X;HNSC_GSE103322;LIHC_GSE140228_10X;LIHC_GSE98638;NSCLC_GSE127465;NSCLC_GSE131907;PAAD_GSE111672;PAAD_GSE154778;STAD_GSE134520,S2_leave_donor_out,all,H2,0.12906044407894737,False,False,no detectable difference
scgpt - scvi,macro_f1,13,0.06829355117835975,0.0721439928981521,0.04650064511440732,0.08961251531416563,1.6539603698602938,1.0,0.00048828125,6.576082512704709e-05,12,25,10,BRCA_GSE161529;BRCA_GSE176078;CHOL_GSE125449_aPD1aPDL1aCTLA4;CRC_GSE108989;CRC_GSE146771_10X;HNSC_GSE103322;LIHC_GSE140228_10X;LIHC_GSE98638;NSCLC_GSE127465;NSCLC_GSE131907;PAAD_GSE111672;PAAD_GSE154778;STAD_GSE134520,S2_leave_donor_out,all,H2,0.002197265625,True,False,scFM better
scgpt - harmony,macro_f1,13,0.10425201074562909,0.09548608011425741,0.07761721956859412,0.13461832070991175,1.9009663883646206,0.0,0.000244140625,1.7621068318617676e-05,13,25,10,BRCA_GSE161529;BRCA_GSE176078;CHOL_GSE125449_aPD1aPDL1aCTLA4;CRC_GSE108989;CRC_GSE146771_10X;HNSC_GSE103322;LIHC_GSE140228_10X;LIHC_GSE98638;NSCLC_GSE127465;NSCLC_GSE131907;PAAD_GSE111672;PAAD_GSE154778;STAD_GSE134520,S2_leave_donor_out,all,H2,0.0017578124999999998,True,False,scFM better
geneformer - hvg_pca,macro_f1,13,0.04171201639618939,0.040410375520629094,0.026591072964257605,0.05641846693313668,1.4715583643950723,1.0,0.00048828125,0.0001865737300635243,12,25,25,BRCA_GSE161529;BRCA_GSE176078;CHOL_GSE125449_aPD1aPDL1aCTLA4;CRC_GSE108989;CRC_GSE146771_10X;HNSC_GSE103322;LIHC_GSE140228_10X;LIHC_GSE98638;NSCLC_GSE127465;NSCLC_GSE131907;PAAD_GSE111672;PAAD_GSE154778;STAD_GSE134520,S2_leave_donor_out,all,H2,0.002197265625,True,False,scFM better
geneformer - scvi,macro_f1,13,0.08234850632216797,0.0674122719862944,0.056283555612761715,0.1123252425069301,1.535568546315365,0.0,0.000244140625,0.00012850281813105656,13,25,10,BRCA_GSE161529;BRCA_GSE176078;CHOL_GSE125449_aPD1aPDL1aCTLA4;CRC_GSE108989;CRC_GSE146771_10X;HNSC_GSE103322;LIHC_GSE140228_10X;LIHC_GSE98638;NSCLC_GSE127465;NSCLC_GSE131907;PAAD_GSE111672;PAAD_GSE154778;STAD_GSE134520,S2_leave_donor_out,all,H2,0.0017578124999999998,True,False,scFM better
geneformer - harmony,macro_f1,13,0.11830696588943732,0.09139947530885084,0.08797722426199525,0.1527183707380041,1.9020903415929629,0.0,0.000244140625,1.752002708272907e-05,13,25,10,BRCA_GSE161529;BRCA_GSE176078;CHOL_GSE125449_aPD1aPDL1aCTLA4;CRC_GSE108989;CRC_GSE146771_10X;HNSC_GSE103322;LIHC_GSE140228_10X;LIHC_GSE98638;NSCLC_GSE127465;NSCLC_GSE131907;PAAD_GSE111672;PAAD_GSE154778;STAD_GSE134520,S2_leave_donor_out,all,H2,0.0017578124999999998,True,False,scFM better
scgpt - hvg_pca,macro_f1,13,-0.04463471752821169,-0.0007563533127221689,-0.09140770846156727,-0.0027037181363961113,-0.5231912171033015,33.0,0.414306640625,0.08366923777537734,6,100,100,BRCA_GSE161529;BRCA_GSE176078;CHOL_GSE125449_aPD1aPDL1aCTLA4;CRC_GSE108989;CRC_GSE146771_10X;HNSC_GSE103322;LIHC_GSE140228_10X;LIHC_GSE98638;NSCLC_GSE127465;NSCLC_GSE131907;PAAD_GSE111672;PAAD_GSE154778;STAD_GSE134520,S3_leave_dataset_out,10,H2,0.5811054180194806,False,False,no detectable difference
scgpt - scvi,macro_f1,13,-0.049915903780351274,-0.021297829992836137,-0.08865776959627446,-0.015073285482163053,-0.7178623096870345,13.0,0.021484375,0.023732588376766315,4,100,100,BRCA_GSE161529;BRCA_GSE176078;CHOL_GSE125449_aPD1aPDL1aCTLA4;CRC_GSE108989;CRC_GSE146771_10X;HNSC_GSE103322;LIHC_GSE140228_10X;LIHC_GSE98638;NSCLC_GSE127465;NSCLC_GSE131907;PAAD_GSE111672;PAAD_GSE154778;STAD_GSE134520,S3_leave_dataset_out,10,H2,0.04735331632653061,True,False,classical better
scgpt - harmony,macro_f1,13,0.002839594632365601,0.044261812378761145,-0.04975237023434496,0.05237269670316162,0.029147883165708485,42.0,0.83935546875,0.9180373101875559,8,100,100,BRCA_GSE161529;BRCA_GSE176078;CHOL_GSE125449_aPD1aPDL1aCTLA4;CRC_GSE108989;CRC_GSE146771_10X;HNSC_GSE103322;LIHC_GSE140228_10X;LIHC_GSE98638;NSCLC_GSE127465;NSCLC_GSE131907;PAAD_GSE111672;PAAD_GSE154778;STAD_GSE134520,S3_leave_dataset_out,10,H2,0.8716383713942308,False,True,no detectable difference
geneformer - hvg_pca,macro_f1,13,-0.06404197081396554,-0.021669338401880456,-0.10789282808716803,-0.02199744128233529,-0.7788750121152362,15.0,0.03271484375,0.01579992103049617,4,100,100,BRCA_GSE161529;BRCA_GSE176078;CHOL_GSE125449_aPD1aPDL1aCTLA4;CRC_GSE108989;CRC_GSE146771_10X;HNSC_GSE103322;LIHC_GSE140228_10X;LIHC_GSE98638;NSCLC_GSE127465;NSCLC_GSE131907;PAAD_GSE111672;PAAD_GSE154778;STAD_GSE134520,S3_leave_dataset_out,10,H2,0.06927849264705882,False,False,no detectable difference
geneformer - scvi,macro_f1,13,-0.06932315706610512,-0.04528932794851259,-0.10534629992682136,-0.03615726669193583,-1.0516595164370086,2.0,0.000732421875,0.0025677745150291574,1,100,100,BRCA_GSE161529;BRCA_GSE176078;CHOL_GSE125449_aPD1aPDL1aCTLA4;CRC_GSE108989;CRC_GSE146771_10X;HNSC_GSE103322;LIHC_GSE140228_10X;LIHC_GSE98638;NSCLC_GSE127465;NSCLC_GSE131907;PAAD_GSE111672;PAAD_GSE154778;STAD_GSE134520,S3_leave_dataset_out,10,H2,0.002825055803571429,True,False,classical better
geneformer - harmony,macro_f1,13,-0.01656765865338824,-0.02000532186700077,-0.05965870672431814,0.026757270505816753,-0.19933010334518061,35.0,0.497314453125,0.4860882846433351,6,100,100,BRCA_GSE161529;BRCA_GSE176078;CHOL_GSE125449_aPD1aPDL1aCTLA4;CRC_GSE108989;CRC_GSE146771_10X;HNSC_GSE103322;LIHC_GSE140228_10X;LIHC_GSE98638;NSCLC_GSE127465;NSCLC_GSE131907;PAAD_GSE111672;PAAD_GSE154778;STAD_GSE134520,S3_leave_dataset_out,10,H2,0.6471079631024097,False,True,no detectable difference
scgpt - hvg_pca,macro_f1,13,-0.07062127020552743,-0.03135561072723414,-0.11860224471424825,-0.028491499343818307,-0.8140060246169595,5.0,0.00244140625,0.01248882189054217,2,25,25,BRCA_GSE161529;BRCA_GSE176078;CHOL_GSE125449_aPD1aPDL1aCTLA4;CRC_GSE108989;CRC_GSE146771_10X;HNSC_GSE103322;LIHC_GSE140228_10X;LIHC_GSE98638;NSCLC_GSE127465;NSCLC_GSE131907;PAAD_GSE111672;PAAD_GSE154778;STAD_GSE134520,S3_leave_dataset_out,100,H2,0.007755055147058823,True,False,classical better
scgpt - scvi,macro_f1,13,-0.06315570181814431,-0.03121274652775685,-0.1040886149148855,-0.028357485494880437,-0.8862446944599703,4.0,0.001708984375,0.007697967287336108,2,25,25,BRCA_GSE161529;BRCA_GSE176078;CHOL_GSE125449_aPD1aPDL1aCTLA4;CRC_GSE108989;CRC_GSE146771_10X;HNSC_GSE103322;LIHC_GSE140228_10X;LIHC_GSE98638;NSCLC_GSE127465;NSCLC_GSE131907;PAAD_GSE111672;PAAD_GSE154778;STAD_GSE134520,S3_leave_dataset_out,100,H2,0.005593039772727272,True,False,classical better
scgpt - harmony,macro_f1,13,-0.040709710585505696,-0.016726811637865713,-0.08792358092641095,0.004897066690937833,-0.4570387646778376,26.0,0.19091796875,0.12529335244195924,5,25,25,BRCA_GSE161529;BRCA_GSE176078;CHOL_GSE125449_aPD1aPDL1aCTLA4;CRC_GSE108989;CRC_GSE146771_10X;HNSC_GSE103322;LIHC_GSE140228_10X;LIHC_GSE98638;NSCLC_GSE127465;NSCLC_GSE131907;PAAD_GSE111672;PAAD_GSE154778;STAD_GSE134520,S3_leave_dataset_out,100,H2,0.3272879464285714,False,False,no detectable difference
geneformer - hvg_pca,macro_f1,13,-0.09961521289684695,-0.0795505055737219,-0.14567209821609653,-0.05658244790547399,-1.1636649975692712,0.0,0.000244140625,0.0012414549989782158,0,25,25,BRCA_GSE161529;BRCA_GSE176078;CHOL_GSE125449_aPD1aPDL1aCTLA4;CRC_GSE108989;CRC_GSE146771_10X;HNSC_GSE103322;LIHC_GSE140228_10X;LIHC_GSE98638;NSCLC_GSE127465;NSCLC_GSE131907;PAAD_GSE111672;PAAD_GSE154778;STAD_GSE134520,S3_leave_dataset_out,100,H2,0.0017578124999999998,True,False,classical better
geneformer - scvi,macro_f1,13,-0.09214964450946382,-0.08804665782568033,-0.13467470271260285,-0.05371295986448386,-1.1830908597492031,2.0,0.000732421875,0.0010964076897044966,1,25,25,BRCA_GSE161529;BRCA_GSE176078;CHOL_GSE125449_aPD1aPDL1aCTLA4;CRC_GSE108989;CRC_GSE146771_10X;HNSC_GSE103322;LIHC_GSE140228_10X;LIHC_GSE98638;NSCLC_GSE127465;NSCLC_GSE131907;PAAD_GSE111672;PAAD_GSE154778;STAD_GSE134520,S3_leave_dataset_out,100,H2,0.002825055803571429,True,False,classical better
geneformer - harmony,macro_f1,13,-0.06970365327682522,-0.056155616284297105,-0.1135975375868829,-0.02656628577596374,-0.8334926276629082,11.0,0.013427734375,0.010960257620277738,2,25,25,BRCA_GSE161529;BRCA_GSE176078;CHOL_GSE125449_aPD1aPDL1aCTLA4;CRC_GSE108989;CRC_GSE146771_10X;HNSC_GSE103322;LIHC_GSE140228_10X;LIHC_GSE98638;NSCLC_GSE127465;NSCLC_GSE131907;PAAD_GSE111672;PAAD_GSE154778;STAD_GSE134520,S3_leave_dataset_out,100,H2,0.031525985054347824,True,False,classical better
scgpt - hvg_pca,macro_f1,13,-0.051075923867498735,-0.022172715216723926,-0.09280159766890787,-0.0133872047545165,-0.6654268274494758,19.0,0.068115234375,0.03356571287050449,5,100,100,BRCA_GSE161529;BRCA_GSE176078;CHOL_GSE125449_aPD1aPDL1aCTLA4;CRC_GSE108989;CRC_GSE146771_10X;HNSC_GSE103322;LIHC_GSE140228_10X;LIHC_GSE98638;NSCLC_GSE127465;NSCLC_GSE131907;PAAD_GSE111672;PAAD_GSE154778;STAD_GSE134520,S3_leave_dataset_out,25,H2,0.12906044407894737,False,False,no detectable difference
scgpt - scvi,macro_f1,13,-0.053666627633935586,-0.028492128425874452,-0.08879888933559409,-0.022551938018032576,-0.8587663959482317,6.0,0.00341796875,0.009252935396738667,2,100,100,BRCA_GSE161529;BRCA_GSE176078;CHOL_GSE125449_aPD1aPDL1aCTLA4;CRC_GSE108989;CRC_GSE146771_10X;HNSC_GSE103322;LIHC_GSE140228_10X;LIHC_GSE98638;NSCLC_GSE127465;NSCLC_GSE131907;PAAD_GSE111672;PAAD_GSE154778;STAD_GSE134520,S3_leave_dataset_out,25,H2,0.010546875,True,False,classical better
scgpt - harmony,macro_f1,13,-0.012208428063640168,0.014252091034282377,-0.05550744415539682,0.029828868484191185,-0.14993162877169225,42.0,0.83935546875,0.598683679409876,7,100,100,BRCA_GSE161529;BRCA_GSE176078;CHOL_GSE125449_aPD1aPDL1aCTLA4;CRC_GSE108989;CRC_GSE146771_10X;HNSC_GSE103322;LIHC_GSE140228_10X;LIHC_GSE98638;NSCLC_GSE127465;NSCLC_GSE131907;PAAD_GSE111672;PAAD_GSE154778;STAD_GSE134520,S3_leave_dataset_out,25,H2,0.8716383713942308,False,True,no detectable difference
geneformer - hvg_pca,macro_f1,13,-0.07625455481757831,-0.051624475053688945,-0.11748134203908303,-0.036866748005026366,-0.9857770382298645,4.0,0.001708984375,0.003965393855368552,1,100,100,BRCA_GSE161529;BRCA_GSE176078;CHOL_GSE125449_aPD1aPDL1aCTLA4;CRC_GSE108989;CRC_GSE146771_10X;HNSC_GSE103322;LIHC_GSE140228_10X;LIHC_GSE98638;NSCLC_GSE127465;NSCLC_GSE131907;PAAD_GSE111672;PAAD_GSE154778;STAD_GSE134520,S3_leave_dataset_out,25,H2,0.005593039772727272,True,False,classical better
geneformer - scvi,macro_f1,13,-0.07884525858401516,-0.06773409020997234,-0.11641356309170521,-0.04563533861019512,-1.1612396653460135,1.0,0.00048828125,0.0012609129229667188,1,100,100,BRCA_GSE161529;BRCA_GSE176078;CHOL_GSE125449_aPD1aPDL1aCTLA4;CRC_GSE108989;CRC_GSE146771_10X;HNSC_GSE103322;LIHC_GSE140228_10X;LIHC_GSE98638;NSCLC_GSE127465;NSCLC_GSE131907;PAAD_GSE111672;PAAD_GSE154778;STAD_GSE134520,S3_leave_dataset_out,25,H2,0.002197265625,True,False,classical better
geneformer - harmony,macro_f1,13,-0.037387059013719755,-0.03435024820620336,-0.07712919213139649,0.0024486758304402547,-0.49241838012017936,21.0,0.09423828125,0.1011689069321572,3,100,100,BRCA_GSE161529;BRCA_GSE176078;CHOL_GSE125449_aPD1aPDL1aCTLA4;CRC_GSE108989;CRC_GSE146771_10X;HNSC_GSE103322;LIHC_GSE140228_10X;LIHC_GSE98638;NSCLC_GSE127465;NSCLC_GSE131907;PAAD_GSE111672;PAAD_GSE154778;STAD_GSE134520,S3_leave_dataset_out,25,H2,0.17250397245762714,False,False,no detectable difference
scgpt - hvg_pca,macro_f1,13,-0.03903314785687235,-0.0029067754617330133,-0.08860486904936468,0.006181809482298856,-0.4272966118774123,39.0,0.684814453125,0.14935002089863303,6,100,100,BRCA_GSE161529;BRCA_GSE176078;CHOL_GSE125449_aPD1aPDL1aCTLA4;CRC_GSE108989;CRC_GSE146771_10X;HNSC_GSE103322;LIHC_GSE140228_10X;LIHC_GSE98638;NSCLC_GSE127465;NSCLC_GSE131907;PAAD_GSE111672;PAAD_GSE154778;STAD_GSE134520,S3_leave_dataset_out,5,H2,0.7952683971774193,False,False,no detectable difference
scgpt - scvi,macro_f1,13,-0.04681086460541329,-0.019474191890758275,-0.0906515567314754,-0.007558214201977263,-0.5925463798683176,22.0,0.10986328125,0.0539307524971387,4,100,100,BRCA_GSE161529;BRCA_GSE176078;CHOL_GSE125449_aPD1aPDL1aCTLA4;CRC_GSE108989;CRC_GSE146771_10X;HNSC_GSE103322;LIHC_GSE140228_10X;LIHC_GSE98638;NSCLC_GSE127465;NSCLC_GSE131907;PAAD_GSE111672;PAAD_GSE154778;STAD_GSE134520,S3_leave_dataset_out,5,H2,0.19775390625,False,False,no detectable difference
scgpt - harmony,macro_f1,13,0.019095009607753732,0.05655436517974988,-0.04036026900206887,0.074550949453862,0.17278173691418536,35.0,0.497314453125,0.5449599037202049,9,100,100,BRCA_GSE161529;BRCA_GSE176078;CHOL_GSE125449_aPD1aPDL1aCTLA4;CRC_GSE108989;CRC_GSE146771_10X;HNSC_GSE103322;LIHC_GSE140228_10X;LIHC_GSE98638;NSCLC_GSE127465;NSCLC_GSE131907;PAAD_GSE111672;PAAD_GSE154778;STAD_GSE134520,S3_leave_dataset_out,5,H2,0.6471079631024097,False,True,no detectable difference
geneformer - hvg_pca,macro_f1,13,-0.052878765844274464,-0.024181330289493874,-0.10356922324423012,-0.006759503767367242,-0.5691430042109691,24.0,0.146484375,0.06264187089374695,5,100,100,BRCA_GSE161529;BRCA_GSE176078;CHOL_GSE125449_aPD1aPDL1aCTLA4;CRC_GSE108989;CRC_GSE146771_10X;HNSC_GSE103322;LIHC_GSE140228_10X;LIHC_GSE98638;NSCLC_GSE127465;NSCLC_GSE131907;PAAD_GSE111672;PAAD_GSE154778;STAD_GSE134520,S3_leave_dataset_out,5,H2,0.2551663306451613,False,False,no detectable difference
geneformer - scvi,macro_f1,13,-0.060656482592815406,-0.02140704513775704,-0.10742995435461768,-0.02037424495922621,-0.7382182013141251,13.0,0.021484375,0.020726844899858557,4,100,100,BRCA_GSE161529;BRCA_GSE176078;CHOL_GSE125449_aPD1aPDL1aCTLA4;CRC_GSE108989;CRC_GSE146771_10X;HNSC_GSE103322;LIHC_GSE140228_10X;LIHC_GSE98638;NSCLC_GSE127465;NSCLC_GSE131907;PAAD_GSE111672;PAAD_GSE154778;STAD_GSE134520,S3_leave_dataset_out,5,H2,0.04735331632653061,True,False,classical better
geneformer - harmony,macro_f1,13,0.005249391620351617,0.007914808364555381,-0.050551758763748775,0.0581253449330938,0.05037134199234389,40.0,0.7353515625,0.8589153857022358,8,100,100,BRCA_GSE161529;BRCA_GSE176078;CHOL_GSE125449_aPD1aPDL1aCTLA4;CRC_GSE108989;CRC_GSE146771_10X;HNSC_GSE103322;LIHC_GSE140228_10X;LIHC_GSE98638;NSCLC_GSE127465;NSCLC_GSE131907;PAAD_GSE111672;PAAD_GSE154778;STAD_GSE134520,S3_leave_dataset_out,5,H2,0.8359786184210526,False,True,no detectable difference
scgpt - hvg_pca,macro_f1,13,-0.05899287576619819,-0.030914743594485317,-0.09981976749939139,-0.02240090419795276,-0.7900685473445966,10.0,0.010498046875,0.014659934638336163,3,100,100,BRCA_GSE161529;BRCA_GSE176078;CHOL_GSE125449_aPD1aPDL1aCTLA4;CRC_GSE108989;CRC_GSE146771_10X;HNSC_GSE103322;LIHC_GSE140228_10X;LIHC_GSE98638;NSCLC_GSE127465;NSCLC_GSE131907;PAAD_GSE111672;PAAD_GSE154778;STAD_GSE134520,S3_leave_dataset_out,50,H2,0.026994977678571428,True,False,classical better
scgpt - scvi,macro_f1,13,-0.05921431372940399,-0.03787323156885802,-0.09478304275140906,-0.028093693348180536,-0.9445405089547023,3.0,0.001220703125,0.005215571190002752,2,100,100,BRCA_GSE161529;BRCA_GSE176078;CHOL_GSE125449_aPD1aPDL1aCTLA4;CRC_GSE108989;CRC_GSE146771_10X;HNSC_GSE103322;LIHC_GSE140228_10X;LIHC_GSE98638;NSCLC_GSE127465;NSCLC_GSE131907;PAAD_GSE111672;PAAD_GSE154778;STAD_GSE134520,S3_leave_dataset_out,50,H2,0.0042527721774193545,True,False,classical better
scgpt - harmony,macro_f1,13,-0.02681901469996746,-0.008252936507976871,-0.07005687722520941,0.014558672863038092,-0.33387102082847536,33.0,0.414306640625,0.2518803558647341,6,100,100,BRCA_GSE161529;BRCA_GSE176078;CHOL_GSE125449_aPD1aPDL1aCTLA4;CRC_GSE108989;CRC_GSE146771_10X;HNSC_GSE103322;LIHC_GSE140228_10X;LIHC_GSE98638;NSCLC_GSE127465;NSCLC_GSE131907;PAAD_GSE111672;PAAD_GSE154778;STAD_GSE134520,S3_leave_dataset_out,50,H2,0.5811054180194806,False,False,no detectable difference
geneformer - hvg_pca,macro_f1,13,-0.0830401295531577,-0.06110598984948379,-0.12423783578932499,-0.04442520985427991,-1.0797869319275653,1.0,0.00048828125,0.002136099417721357,1,100,100,BRCA_GSE161529;BRCA_GSE176078;CHOL_GSE125449_aPD1aPDL1aCTLA4;CRC_GSE108989;CRC_GSE146771_10X;HNSC_GSE103322;LIHC_GSE140228_10X;LIHC_GSE98638;NSCLC_GSE127465;NSCLC_GSE131907;PAAD_GSE111672;PAAD_GSE154778;STAD_GSE134520,S3_leave_dataset_out,50,H2,0.002197265625,True,False,classical better
geneformer - scvi,macro_f1,13,-0.0832615675163635,-0.07731010533727356,-0.12230284097169818,-0.048567050607816416,-1.1753667152435079,2.0,0.000732421875,0.0011518543955215542,1,100,100,BRCA_GSE161529;BRCA_GSE176078;CHOL_GSE125449_aPD1aPDL1aCTLA4;CRC_GSE108989;CRC_GSE146771_10X;HNSC_GSE103322;LIHC_GSE140228_10X;LIHC_GSE98638;NSCLC_GSE127465;NSCLC_GSE131907;PAAD_GSE111672;PAAD_GSE154778;STAD_GSE134520,S3_leave_dataset_out,50,H2,0.002825055803571429,True,False,classical better
geneformer - harmony,macro_f1,13,-0.05086626848692698,-0.04259570094248233,-0.09135113216467323,-0.010789450828229233,-0.6563833257801689,17.0,0.0478515625,0.035619583777164586,2,100,100,BRCA_GSE161529;BRCA_GSE176078;CHOL_GSE125449_aPD1aPDL1aCTLA4;CRC_GSE108989;CRC_GSE146771_10X;HNSC_GSE103322;LIHC_GSE140228_10X;LIHC_GSE98638;NSCLC_GSE127465;NSCLC_GSE131907;PAAD_GSE111672;PAAD_GSE154778;STAD_GSE134520,S3_leave_dataset_out,50,H2,0.09396306818181817,False,False,no detectable difference
scgpt - hvg_pca,macro_f1,13,-0.08278667054378258,-0.057255684420073005,-0.13542212887078625,-0.04110719895265438,-0.9063323291455125,3.0,0.001220703125,0.006730263372434806,2,16-19,16-19,BRCA_GSE161529;BRCA_GSE176078;CHOL_GSE125449_aPD1aPDL1aCTLA4;CRC_GSE108989;CRC_GSE146771_10X;HNSC_GSE103322;LIHC_GSE140228_10X;LIHC_GSE98638;NSCLC_GSE127465;NSCLC_GSE131907;PAAD_GSE111672;PAAD_GSE154778;STAD_GSE134520,S3_leave_dataset_out,all,H2,0.0042527721774193545,True,False,classical better
scgpt - scvi,macro_f1,13,-0.08613393632038889,-0.053540147186039944,-0.14072341546606099,-0.045281684745474796,-0.9435923886346212,0.0,0.000244140625,0.005248616965998878,0,16-19,10,BRCA_GSE161529;BRCA_GSE176078;CHOL_GSE125449_aPD1aPDL1aCTLA4;CRC_GSE108989;CRC_GSE146771_10X;HNSC_GSE103322;LIHC_GSE140228_10X;LIHC_GSE98638;NSCLC_GSE127465;NSCLC_GSE131907;PAAD_GSE111672;PAAD_GSE154778;STAD_GSE134520,S3_leave_dataset_out,all,H2,0.0017578124999999998,True,False,classical better
scgpt - harmony,macro_f1,13,-0.07128279870195674,-0.051350494055179996,-0.13136003004475397,-0.018892715885744083,-0.6665943571165185,11.0,0.013427734375,0.033309014502452175,2,16-19,10,BRCA_GSE161529;BRCA_GSE176078;CHOL_GSE125449_aPD1aPDL1aCTLA4;CRC_GSE108989;CRC_GSE146771_10X;HNSC_GSE103322;LIHC_GSE140228_10X;LIHC_GSE98638;NSCLC_GSE127465;NSCLC_GSE131907;PAAD_GSE111672;PAAD_GSE154778;STAD_GSE134520,S3_leave_dataset_out,all,H2,0.031525985054347824,True,False,classical better
geneformer - hvg_pca,macro_f1,13,-0.10714524586994312,-0.07235261941786397,-0.1987777110479579,-0.05073774941714773,-0.7052287044383543,0.0,0.000244140625,0.025808042547140125,0,16-19,16-19,BRCA_GSE161529;BRCA_GSE176078;CHOL_GSE125449_aPD1aPDL1aCTLA4;CRC_GSE108989;CRC_GSE146771_10X;HNSC_GSE103322;LIHC_GSE140228_10X;LIHC_GSE98638;NSCLC_GSE127465;NSCLC_GSE131907;PAAD_GSE111672;PAAD_GSE154778;STAD_GSE134520,S3_leave_dataset_out,all,H2,0.0017578124999999998,True,False,classical better
geneformer - scvi,macro_f1,13,-0.11049251164654945,-0.06922277887595041,-0.20614439570115467,-0.051264680248217905,-0.7074254275245534,2.0,0.000732421875,0.0254348766862368,1,16-19,10,BRCA_GSE161529;BRCA_GSE176078;CHOL_GSE125449_aPD1aPDL1aCTLA4;CRC_GSE108989;CRC_GSE146771_10X;HNSC_GSE103322;LIHC_GSE140228_10X;LIHC_GSE98638;NSCLC_GSE127465;NSCLC_GSE131907;PAAD_GSE111672;PAAD_GSE154778;STAD_GSE134520,S3_leave_dataset_out,all,H2,0.002825055803571429,True,False,classical better
geneformer - harmony,macro_f1,13,-0.09564137402811726,-0.06945376093847189,-0.19579883523183056,-0.02449848097863541,-0.58073844950715,11.0,0.013427734375,0.05817325324438371,3,16-19,10,BRCA_GSE161529;BRCA_GSE176078;CHOL_GSE125449_aPD1aPDL1aCTLA4;CRC_GSE108989;CRC_GSE146771_10X;HNSC_GSE103322;LIHC_GSE140228_10X;LIHC_GSE98638;NSCLC_GSE127465;NSCLC_GSE131907;PAAD_GSE111672;PAAD_GSE154778;STAD_GSE134520,S3_leave_dataset_out,all,H2,0.031525985054347824,True,False,classical better
