representation,split_file,scheme,budget,seed,dataset,cell_type,f1,n_test_cells_class,class_prevalence,n_test_cells_dataset
geneformer,S1_within_dataset__seed0.parquet,S1_within_dataset,10,0,BRCA_GSE161529,B,0.7232876712328767,600,0.1,6000
geneformer,S1_within_dataset__seed0.parquet,S1_within_dataset,10,0,BRCA_GSE161529,CD4_T,0.6180758017492711,600,0.1,6000
geneformer,S1_within_dataset__seed0.parquet,S1_within_dataset,10,0,BRCA_GSE161529,CD8_T,0.49962490622655664,600,0.1,6000
geneformer,S1_within_dataset__seed0.parquet,S1_within_dataset,10,0,BRCA_GSE161529,Endothelial,0.940864960282436,600,0.1,6000
geneformer,S1_within_dataset__seed0.parquet,S1_within_dataset,10,0,BRCA_GSE161529,Epithelial,0.9234411996842936,600,0.1,6000
geneformer,S1_within_dataset__seed0.parquet,S1_within_dataset,10,0,BRCA_GSE161529,Fibroblast,0.933993399339934,600,0.1,6000
geneformer,S1_within_dataset__seed0.parquet,S1_within_dataset,10,0,BRCA_GSE161529,Malignant,0.8540540540540541,600,0.1,6000
geneformer,S1_within_dataset__seed0.parquet,S1_within_dataset,10,0,BRCA_GSE161529,Mono_Macro,0.9322916666666666,600,0.1,6000
geneformer,S1_within_dataset__seed0.parquet,S1_within_dataset,10,0,BRCA_GSE161529,NK,0.5577299412915852,600,0.1,6000
geneformer,S1_within_dataset__seed0.parquet,S1_within_dataset,10,0,BRCA_GSE161529,Plasma,0.9238095238095239,600,0.1,6000
geneformer,S1_within_dataset__seed0.parquet,S1_within_dataset,10,0,BRCA_GSE176078,B,0.8437246963562753,623,0.10383333333333333,6000
geneformer,S1_within_dataset__seed0.parquet,S1_within_dataset,10,0,BRCA_GSE176078,CD4_T,0.6410998552821997,762,0.127,6000
geneformer,S1_within_dataset__seed0.parquet,S1_within_dataset,10,0,BRCA_GSE176078,CD8_T,0.5608856088560885,762,0.127,6000
geneformer,S1_within_dataset__seed0.parquet,S1_within_dataset,10,0,BRCA_GSE176078,DC,0.4196642685851319,265,0.04416666666666667,6000
geneformer,S1_within_dataset__seed0.parquet,S1_within_dataset,10,0,BRCA_GSE176078,Endothelial,0.9867724867724867,762,0.127,6000
geneformer,S1_within_dataset__seed0.parquet,S1_within_dataset,10,0,BRCA_GSE176078,Fibroblast,0.9793548387096774,762,0.127,6000
geneformer,S1_within_dataset__seed0.parquet,S1_within_dataset,10,0,BRCA_GSE176078,Malignant,0.7367549668874173,762,0.127,6000
geneformer,S1_within_dataset__seed0.parquet,S1_within_dataset,10,0,BRCA_GSE176078,Mono_Macro,0.6540583136327817,762,0.127,6000
geneformer,S1_within_dataset__seed0.parquet,S1_within_dataset,10,0,BRCA_GSE176078,Plasma,0.9850467289719627,540,0.09,6000
geneformer,S1_within_dataset__seed0.parquet,S1_within_dataset,10,0,CHOL_GSE125449_aPD1aPDL1aCTLA4,B,0.6896551724137931,50,0.05636978579481398,887
geneformer,S1_within_dataset__seed0.parquet,S1_within_dataset,10,0,CHOL_GSE125449_aPD1aPDL1aCTLA4,CD4_T,0.7322654462242563,163,0.18376550169109357,887
geneformer,S1_within_dataset__seed0.parquet,S1_within_dataset,10,0,CHOL_GSE125449_aPD1aPDL1aCTLA4,CD8_T,0.4807121661721068,251,0.2829763246899662,887
geneformer,S1_within_dataset__seed0.parquet,S1_within_dataset,10,0,CHOL_GSE125449_aPD1aPDL1aCTLA4,Endothelial,0.9917355371900827,60,0.06764374295377677,887
geneformer,S1_within_dataset__seed0.parquet,S1_within_dataset,10,0,CHOL_GSE125449_aPD1aPDL1aCTLA4,Fibroblast,0.9806451612903225,79,0.08906426155580609,887
geneformer,S1_within_dataset__seed0.parquet,S1_within_dataset,10,0,CHOL_GSE125449_aPD1aPDL1aCTLA4,Malignant,0.7242798353909465,155,0.17474633596392333,887
geneformer,S1_within_dataset__seed0.parquet,S1_within_dataset,10,0,CHOL_GSE125449_aPD1aPDL1aCTLA4,Mono_Macro,0.36363636363636365,80,0.09019165727170236,887
geneformer,S1_within_dataset__seed0.parquet,S1_within_dataset,10,0,CHOL_GSE125449_aPD1aPDL1aCTLA4,Plasma,0.9896907216494846,49,0.0552423900789177,887
geneformer,S1_within_dataset__seed0.parquet,S1_within_dataset,10,0,CRC_GSE108989,CD4_T,0.4772234273318872,1049,0.4803113553113553,2184
geneformer,S1_within_dataset__seed0.parquet,S1_within_dataset,10,0,CRC_GSE108989,CD8_T,0.08685162846803378,791,0.36217948717948717,2184
geneformer,S1_within_dataset__seed0.parquet,S1_within_dataset,10,0,CRC_GSE108989,Treg,0.32074592074592073,344,0.1575091575091575,2184
geneformer,S1_within_dataset__seed0.parquet,S1_within_dataset,10,0,CRC_GSE146771_10X,B,0.8793665579878901,962,0.16033333333333333,6000
geneformer,S1_within_dataset__seed0.parquet,S1_within_dataset,10,0,CRC_GSE146771_10X,CD4_T,0.8070342205323194,1222,0.20366666666666666,6000
geneformer,S1_within_dataset__seed0.parquet,S1_within_dataset,10,0,CRC_GSE146771_10X,CD8_T,0.8157319737800437,1222,0.20366666666666666,6000
geneformer,S1_within_dataset__seed0.parquet,S1_within_dataset,10,0,CRC_GSE146771_10X,Mast,0.9828571428571429,89,0.014833333333333334,6000
geneformer,S1_within_dataset__seed0.parquet,S1_within_dataset,10,0,CRC_GSE146771_10X,Mono_Macro,0.0,1222,0.20366666666666666,6000
geneformer,S1_within_dataset__seed0.parquet,S1_within_dataset,10,0,CRC_GSE146771_10X,NK,0.7107750472589792,267,0.0445,6000
geneformer,S1_within_dataset__seed0.parquet,S1_within_dataset,10,0,CRC_GSE146771_10X,Plasma,0.992563212692117,1016,0.16933333333333334,6000
geneformer,S1_within_dataset__seed0.parquet,S1_within_dataset,10,0,HNSC_GSE103322,CD4_T,0.18556701030927836,84,0.07142857142857142,1176
geneformer,S1_within_dataset__seed0.parquet,S1_within_dataset,10,0,HNSC_GSE103322,CD8_T,0.0,179,0.1522108843537415,1176
geneformer,S1_within_dataset__seed0.parquet,S1_within_dataset,10,0,HNSC_GSE103322,Endothelial,0.7865168539325843,54,0.04591836734693878,1176
geneformer,S1_within_dataset__seed0.parquet,S1_within_dataset,10,0,HNSC_GSE103322,Fibroblast,0.6651376146788991,291,0.24744897959183673,1176
geneformer,S1_within_dataset__seed0.parquet,S1_within_dataset,10,0,HNSC_GSE103322,Malignant,0.6850447966919366,497,0.4226190476190476,1176
geneformer,S1_within_dataset__seed0.parquet,S1_within_dataset,10,0,HNSC_GSE103322,Mast,0.14814814814814814,25,0.021258503401360544,1176
geneformer,S1_within_dataset__seed0.parquet,S1_within_dataset,10,0,HNSC_GSE103322,Mono_Macro,0.3,17,0.01445578231292517,1176
geneformer,S1_within_dataset__seed0.parquet,S1_within_dataset,10,0,HNSC_GSE103322,Plasma,0.5853658536585366,29,0.02465986394557823,1176
geneformer,S1_within_dataset__seed0.parquet,S1_within_dataset,10,0,LIHC_GSE140228_10X,B,0.9903489235337788,676,0.11268544757459577,5999
geneformer,S1_within_dataset__seed0.parquet,S1_within_dataset,10,0,LIHC_GSE140228_10X,CD4_T,0.875,1013,0.1688614769128188,5999
geneformer,S1_within_dataset__seed0.parquet,S1_within_dataset,10,0,LIHC_GSE140228_10X,CD8_T,0.6535714285714286,1013,0.1688614769128188,5999
geneformer,S1_within_dataset__seed0.parquet,S1_within_dataset,10,0,LIHC_GSE140228_10X,DC,0.5054818234275822,454,0.07567927987998,5999
geneformer,S1_within_dataset__seed0.parquet,S1_within_dataset,10,0,LIHC_GSE140228_10X,Mast,0.5045045045045045,83,0.013835639273212201,5999
geneformer,S1_within_dataset__seed0.parquet,S1_within_dataset,10,0,LIHC_GSE140228_10X,Mono_Macro,0.29142381348875934,1013,0.1688614769128188,5999
geneformer,S1_within_dataset__seed0.parquet,S1_within_dataset,10,0,LIHC_GSE140228_10X,NK,0.820774797786292,1013,0.1688614769128188,5999
geneformer,S1_within_dataset__seed0.parquet,S1_within_dataset,10,0,LIHC_GSE140228_10X,Plasma,0.981042654028436,215,0.03583930655109185,5999
geneformer,S1_within_dataset__seed0.parquet,S1_within_dataset,10,0,LIHC_GSE140228_10X,Treg,0.8611410118406889,519,0.08651441906984497,5999
geneformer,S1_within_dataset__seed0.parquet,S1_within_dataset,10,0,LIHC_GSE98638,CD4_T,0.37970540098199673,493,0.5135416666666667,960
geneformer,S1_within_dataset__seed0.parquet,S1_within_dataset,10,0,LIHC_GSE98638,CD8_T,0.012048192771084338,329,0.34270833333333334,960
geneformer,S1_within_dataset__seed0.parquet,S1_within_dataset,10,0,LIHC_GSE98638,Treg,0.28512396694214875,138,0.14375,960
geneformer,S1_within_dataset__seed0.parquet,S1_within_dataset,10,0,NSCLC_GSE127465,B,0.90169992609017,664,0.11066666666666666,6000
geneformer,S1_within_dataset__seed0.parquet,S1_within_dataset,10,0,NSCLC_GSE127465,CD4_T,0.8856669428334715,1261,0.21016666666666667,6000
geneformer,S1_within_dataset__seed0.parquet,S1_within_dataset,10,0,NSCLC_GSE127465,CD8_T,0.2662337662337662,247,0.041166666666666664,6000
geneformer,S1_within_dataset__seed0.parquet,S1_within_dataset,10,0,NSCLC_GSE127465,DC,0.0,225,0.0375,6000
geneformer,S1_within_dataset__seed0.parquet,S1_within_dataset,10,0,NSCLC_GSE127465,Endothelial,0.9575757575757575,84,0.014,6000
geneformer,S1_within_dataset__seed0.parquet,S1_within_dataset,10,0,NSCLC_GSE127465,Fibroblast,0.9343065693430657,143,0.023833333333333335,6000
geneformer,S1_within_dataset__seed0.parquet,S1_within_dataset,10,0,NSCLC_GSE127465,Malignant,0.7754789272030651,799,0.13316666666666666,6000
geneformer,S1_within_dataset__seed0.parquet,S1_within_dataset,10,0,NSCLC_GSE127465,Mast,0.9170305676855895,123,0.0205,6000
geneformer,S1_within_dataset__seed0.parquet,S1_within_dataset,10,0,NSCLC_GSE127465,Mono_Macro,0.8973900607794065,1261,0.21016666666666667,6000
geneformer,S1_within_dataset__seed0.parquet,S1_within_dataset,10,0,NSCLC_GSE127465,NK,0.6983372921615202,296,0.04933333333333333,6000
geneformer,S1_within_dataset__seed0.parquet,S1_within_dataset,10,0,NSCLC_GSE127465,Neutrophil,0.9701046337817638,669,0.1115,6000
geneformer,S1_within_dataset__seed0.parquet,S1_within_dataset,10,0,NSCLC_GSE127465,Plasma,0.9844097995545658,228,0.038,6000
geneformer,S1_within_dataset__seed0.parquet,S1_within_dataset,10,0,NSCLC_GSE131907,B,0.627147766323024,617,0.10271350091559847,6007
geneformer,S1_within_dataset__seed0.parquet,S1_within_dataset,10,0,NSCLC_GSE131907,CD4_T,0.5606276747503567,617,0.10271350091559847,6007
geneformer,S1_within_dataset__seed0.parquet,S1_within_dataset,10,0,NSCLC_GSE131907,CD8_T,0.3688969258589512,617,0.10271350091559847,6007
geneformer,S1_within_dataset__seed0.parquet,S1_within_dataset,10,0,NSCLC_GSE131907,DC,0.7444963308872582,617,0.10271350091559847,6007
geneformer,S1_within_dataset__seed0.parquet,S1_within_dataset,10,0,NSCLC_GSE131907,Endothelial,0.978675645342312,454,0.07557849175961379,6007
geneformer,S1_within_dataset__seed0.parquet,S1_within_dataset,10,0,NSCLC_GSE131907,Epithelial,0.8946015424164524,617,0.10271350091559847,6007
geneformer,S1_within_dataset__seed0.parquet,S1_within_dataset,10,0,NSCLC_GSE131907,Fibroblast,0.9558823529411765,617,0.10271350091559847,6007
geneformer,S1_within_dataset__seed0.parquet,S1_within_dataset,10,0,NSCLC_GSE131907,Mast,0.9513422818791947,617,0.10271350091559847,6007
geneformer,S1_within_dataset__seed0.parquet,S1_within_dataset,10,0,NSCLC_GSE131907,Mono_Macro,0.6666666666666666,617,0.10271350091559847,6007
geneformer,S1_within_dataset__seed0.parquet,S1_within_dataset,10,0,NSCLC_GSE131907,Plasma,0.6751863684771033,617,0.10271350091559847,6007
geneformer,S1_within_dataset__seed0.parquet,S1_within_dataset,10,0,PAAD_GSE111672,CD8_T,0.3,17,0.037527593818984545,453
geneformer,S1_within_dataset__seed0.parquet,S1_within_dataset,10,0,PAAD_GSE111672,Endothelial,0.9866666666666667,38,0.08388520971302428,453
geneformer,S1_within_dataset__seed0.parquet,S1_within_dataset,10,0,PAAD_GSE111672,Fibroblast,1.0,8,0.017660044150110375,453
geneformer,S1_within_dataset__seed0.parquet,S1_within_dataset,10,0,PAAD_GSE111672,Malignant,0.9248366013071896,298,0.6578366445916115,453
geneformer,S1_within_dataset__seed0.parquet,S1_within_dataset,10,0,PAAD_GSE111672,Mast,0.35555555555555557,36,0.07947019867549669,453
geneformer,S1_within_dataset__seed0.parquet,S1_within_dataset,10,0,PAAD_GSE111672,Mono_Macro,0.9512195121951219,42,0.09271523178807947,453
geneformer,S1_within_dataset__seed0.parquet,S1_within_dataset,10,0,PAAD_GSE111672,Neutrophil,0.6666666666666666,14,0.03090507726269316,453
geneformer,S1_within_dataset__seed0.parquet,S1_within_dataset,10,0,PAAD_GSE154778,CD8_T,0.6461538461538462,84,0.02810304449648712,2989
geneformer,S1_within_dataset__seed0.parquet,S1_within_dataset,10,0,PAAD_GSE154778,Epithelial,0.11063829787234042,214,0.07159585145533623,2989
geneformer,S1_within_dataset__seed0.parquet,S1_within_dataset,10,0,PAAD_GSE154778,Fibroblast,0.8724973656480506,443,0.1482101037136166,2989
geneformer,S1_within_dataset__seed0.parquet,S1_within_dataset,10,0,PAAD_GSE154778,Malignant,0.9212337496813663,1904,0.6370023419203747,2989
geneformer,S1_within_dataset__seed0.parquet,S1_within_dataset,10,0,PAAD_GSE154778,Mono_Macro,0.9808917197452229,315,0.1053864168618267,2989
geneformer,S1_within_dataset__seed0.parquet,S1_within_dataset,10,0,PAAD_GSE154778,Plasma,0.5238095238095238,29,0.009702241552358649,2989
geneformer,S1_within_dataset__seed0.parquet,S1_within_dataset,10,0,STAD_GSE134520,CD8_T,0.7310344827586207,275,0.21024464831804282,1308
geneformer,S1_within_dataset__seed0.parquet,S1_within_dataset,10,0,STAD_GSE134520,DC,0.0,72,0.05504587155963303,1308
geneformer,S1_within_dataset__seed0.parquet,S1_within_dataset,10,0,STAD_GSE134520,Fibroblast,0.9490333919156415,299,0.22859327217125383,1308
geneformer,S1_within_dataset__seed0.parquet,S1_within_dataset,10,0,STAD_GSE134520,Malignant,0.01,176,0.1345565749235474,1308
geneformer,S1_within_dataset__seed0.parquet,S1_within_dataset,10,0,STAD_GSE134520,Mast,0.7135135135135136,77,0.058868501529051986,1308
geneformer,S1_within_dataset__seed0.parquet,S1_within_dataset,10,0,STAD_GSE134520,Plasma,0.9876543209876543,409,0.31269113149847094,1308
geneformer,S1_within_dataset__seed0.parquet,S1_within_dataset,10,1,BRCA_GSE161529,B,0.6856634016028496,600,0.1,6000
geneformer,S1_within_dataset__seed0.parquet,S1_within_dataset,10,1,BRCA_GSE161529,CD4_T,0.5730442978322338,600,0.1,6000
geneformer,S1_within_dataset__seed0.parquet,S1_within_dataset,10,1,BRCA_GSE161529,CD8_T,0.383587786259542,600,0.1,6000
geneformer,S1_within_dataset__seed0.parquet,S1_within_dataset,10,1,BRCA_GSE161529,Endothelial,0.9090909090909091,600,0.1,6000
geneformer,S1_within_dataset__seed0.parquet,S1_within_dataset,10,1,BRCA_GSE161529,Epithelial,0.8541300527240774,600,0.1,6000
geneformer,S1_within_dataset__seed0.parquet,S1_within_dataset,10,1,BRCA_GSE161529,Fibroblast,0.8926380368098159,600,0.1,6000
geneformer,S1_within_dataset__seed0.parquet,S1_within_dataset,10,1,BRCA_GSE161529,Malignant,0.8134044173648134,600,0.1,6000
geneformer,S1_within_dataset__seed0.parquet,S1_within_dataset,10,1,BRCA_GSE161529,Mono_Macro,0.8907103825136612,600,0.1,6000
geneformer,S1_within_dataset__seed0.parquet,S1_within_dataset,10,1,BRCA_GSE161529,NK,0.6074201898188093,600,0.1,6000
geneformer,S1_within_dataset__seed0.parquet,S1_within_dataset,10,1,BRCA_GSE161529,Plasma,0.9167340339531124,600,0.1,6000
geneformer,S1_within_dataset__seed0.parquet,S1_within_dataset,10,1,BRCA_GSE176078,B,0.8793840889649273,623,0.10383333333333333,6000
geneformer,S1_within_dataset__seed0.parquet,S1_within_dataset,10,1,BRCA_GSE176078,CD4_T,0.6335590669676449,762,0.127,6000
geneformer,S1_within_dataset__seed0.parquet,S1_within_dataset,10,1,BRCA_GSE176078,CD8_T,0.4946889226100152,762,0.127,6000
geneformer,S1_within_dataset__seed0.parquet,S1_within_dataset,10,1,BRCA_GSE176078,DC,0.4070175438596491,265,0.04416666666666667,6000
geneformer,S1_within_dataset__seed0.parquet,S1_within_dataset,10,1,BRCA_GSE176078,Endothelial,0.9773635153129161,762,0.127,6000
geneformer,S1_within_dataset__seed0.parquet,S1_within_dataset,10,1,BRCA_GSE176078,Fibroblast,0.9644218551461246,762,0.127,6000
geneformer,S1_within_dataset__seed0.parquet,S1_within_dataset,10,1,BRCA_GSE176078,Malignant,0.8253241800152555,762,0.127,6000
geneformer,S1_within_dataset__seed0.parquet,S1_within_dataset,10,1,BRCA_GSE176078,Mono_Macro,0.8091205211726384,762,0.127,6000
geneformer,S1_within_dataset__seed0.parquet,S1_within_dataset,10,1,BRCA_GSE176078,Plasma,0.9644859813084112,540,0.09,6000
geneformer,S1_within_dataset__seed0.parquet,S1_within_dataset,10,1,CHOL_GSE125449_aPD1aPDL1aCTLA4,B,0.6875,50,0.05636978579481398,887
geneformer,S1_within_dataset__seed0.parquet,S1_within_dataset,10,1,CHOL_GSE125449_aPD1aPDL1aCTLA4,CD4_T,0.7242206235011991,163,0.18376550169109357,887
geneformer,S1_within_dataset__seed0.parquet,S1_within_dataset,10,1,CHOL_GSE125449_aPD1aPDL1aCTLA4,CD8_T,0.46987951807228917,251,0.2829763246899662,887
geneformer,S1_within_dataset__seed0.parquet,S1_within_dataset,10,1,CHOL_GSE125449_aPD1aPDL1aCTLA4,Endothelial,0.9833333333333333,60,0.06764374295377677,887
geneformer,S1_within_dataset__seed0.parquet,S1_within_dataset,10,1,CHOL_GSE125449_aPD1aPDL1aCTLA4,Fibroblast,0.9873417721518988,79,0.08906426155580609,887
geneformer,S1_within_dataset__seed0.parquet,S1_within_dataset,10,1,CHOL_GSE125449_aPD1aPDL1aCTLA4,Malignant,0.5972850678733032,155,0.17474633596392333,887
geneformer,S1_within_dataset__seed0.parquet,S1_within_dataset,10,1,CHOL_GSE125449_aPD1aPDL1aCTLA4,Mono_Macro,0.5585585585585585,80,0.09019165727170236,887
geneformer,S1_within_dataset__seed0.parquet,S1_within_dataset,10,1,CHOL_GSE125449_aPD1aPDL1aCTLA4,Plasma,0.98989898989899,49,0.0552423900789177,887
geneformer,S1_within_dataset__seed0.parquet,S1_within_dataset,10,1,CRC_GSE108989,CD4_T,0.7153203342618384,1049,0.4803113553113553,2184
geneformer,S1_within_dataset__seed0.parquet,S1_within_dataset,10,1,CRC_GSE108989,CD8_T,0.8614130434782609,791,0.36217948717948717,2184
geneformer,S1_within_dataset__seed0.parquet,S1_within_dataset,10,1,CRC_GSE108989,Treg,0.6176203451407811,344,0.1575091575091575,2184
geneformer,S1_within_dataset__seed0.parquet,S1_within_dataset,10,1,CRC_GSE146771_10X,B,0.9879895561357702,962,0.16033333333333333,6000
geneformer,S1_within_dataset__seed0.parquet,S1_within_dataset,10,1,CRC_GSE146771_10X,CD4_T,0.7955182072829131,1222,0.20366666666666666,6000
geneformer,S1_within_dataset__seed0.parquet,S1_within_dataset,10,1,CRC_GSE146771_10X,CD8_T,0.8238440962934658,1222,0.20366666666666666,6000
geneformer,S1_within_dataset__seed0.parquet,S1_within_dataset,10,1,CRC_GSE146771_10X,Mast,0.9886363636363636,89,0.014833333333333334,6000
geneformer,S1_within_dataset__seed0.parquet,S1_within_dataset,10,1,CRC_GSE146771_10X,Mono_Macro,0.9913473423980222,1222,0.20366666666666666,6000
geneformer,S1_within_dataset__seed0.parquet,S1_within_dataset,10,1,CRC_GSE146771_10X,NK,0.7276051188299817,267,0.0445,6000
geneformer,S1_within_dataset__seed0.parquet,S1_within_dataset,10,1,CRC_GSE146771_10X,Plasma,0.994567901234568,1016,0.16933333333333334,6000
geneformer,S1_within_dataset__seed0.parquet,S1_within_dataset,10,1,HNSC_GSE103322,CD4_T,0.41192411924119243,84,0.07142857142857142,1176
geneformer,S1_within_dataset__seed0.parquet,S1_within_dataset,10,1,HNSC_GSE103322,CD8_T,0.0,179,0.1522108843537415,1176
geneformer,S1_within_dataset__seed0.parquet,S1_within_dataset,10,1,HNSC_GSE103322,Endothelial,0.45714285714285713,54,0.04591836734693878,1176
geneformer,S1_within_dataset__seed0.parquet,S1_within_dataset,10,1,HNSC_GSE103322,Fibroblast,0.5977249224405378,291,0.24744897959183673,1176
geneformer,S1_within_dataset__seed0.parquet,S1_within_dataset,10,1,HNSC_GSE103322,Malignant,0.45891472868217054,497,0.4226190476190476,1176
geneformer,S1_within_dataset__seed0.parquet,S1_within_dataset,10,1,HNSC_GSE103322,Mast,0.27586206896551724,25,0.021258503401360544,1176
geneformer,S1_within_dataset__seed0.parquet,S1_within_dataset,10,1,HNSC_GSE103322,Mono_Macro,0.8484848484848485,17,0.01445578231292517,1176
geneformer,S1_within_dataset__seed0.parquet,S1_within_dataset,10,1,HNSC_GSE103322,Plasma,0.8620689655172413,29,0.02465986394557823,1176
geneformer,S1_within_dataset__seed0.parquet,S1_within_dataset,10,1,LIHC_GSE140228_10X,B,0.8808900523560209,676,0.11268544757459577,5999
geneformer,S1_within_dataset__seed0.parquet,S1_within_dataset,10,1,LIHC_GSE140228_10X,CD4_T,0.7261975162625666,1013,0.1688614769128188,5999
geneformer,S1_within_dataset__seed0.parquet,S1_within_dataset,10,1,LIHC_GSE140228_10X,CD8_T,0.48698099929627026,1013,0.1688614769128188,5999
geneformer,S1_within_dataset__seed0.parquet,S1_within_dataset,10,1,LIHC_GSE140228_10X,DC,0.7785588752196837,454,0.07567927987998,5999
geneformer,S1_within_dataset__seed0.parquet,S1_within_dataset,10,1,LIHC_GSE140228_10X,Mast,0.5132743362831859,83,0.013835639273212201,5999
geneformer,S1_within_dataset__seed0.parquet,S1_within_dataset,10,1,LIHC_GSE140228_10X,Mono_Macro,0.8622420524261015,1013,0.1688614769128188,5999
geneformer,S1_within_dataset__seed0.parquet,S1_within_dataset,10,1,LIHC_GSE140228_10X,NK,0.7723231542327019,1013,0.1688614769128188,5999
geneformer,S1_within_dataset__seed0.parquet,S1_within_dataset,10,1,LIHC_GSE140228_10X,Plasma,0.9688249400479616,215,0.03583930655109185,5999
geneformer,S1_within_dataset__seed0.parquet,S1_within_dataset,10,1,LIHC_GSE140228_10X,Treg,0.7987421383647799,519,0.08651441906984497,5999
geneformer,S1_within_dataset__seed0.parquet,S1_within_dataset,10,1,LIHC_GSE98638,CD4_T,0.7211646136618141,493,0.5135416666666667,960
geneformer,S1_within_dataset__seed0.parquet,S1_within_dataset,10,1,LIHC_GSE98638,CD8_T,0.7419898819561551,329,0.34270833333333334,960
geneformer,S1_within_dataset__seed0.parquet,S1_within_dataset,10,1,LIHC_GSE98638,Treg,0.6327944572748267,138,0.14375,960
geneformer,S1_within_dataset__seed0.parquet,S1_within_dataset,10,1,NSCLC_GSE127465,B,0.916923076923077,664,0.11066666666666666,6000
geneformer,S1_within_dataset__seed0.parquet,S1_within_dataset,10,1,NSCLC_GSE127465,CD4_T,0.8253859348198971,1261,0.21016666666666667,6000
geneformer,S1_within_dataset__seed0.parquet,S1_within_dataset,10,1,NSCLC_GSE127465,CD8_T,0.10294117647058823,247,0.041166666666666664,6000
geneformer,S1_within_dataset__seed0.parquet,S1_within_dataset,10,1,NSCLC_GSE127465,DC,0.5656565656565656,225,0.0375,6000
geneformer,S1_within_dataset__seed0.parquet,S1_within_dataset,10,1,NSCLC_GSE127465,Endothelial,0.87248322147651,84,0.014,6000
geneformer,S1_within_dataset__seed0.parquet,S1_within_dataset,10,1,NSCLC_GSE127465,Fibroblast,0.8704318936877077,143,0.023833333333333335,6000
geneformer,S1_within_dataset__seed0.parquet,S1_within_dataset,10,1,NSCLC_GSE127465,Malignant,0.5591397849462365,799,0.13316666666666666,6000
geneformer,S1_within_dataset__seed0.parquet,S1_within_dataset,10,1,NSCLC_GSE127465,Mast,0.9017857142857143,123,0.0205,6000
geneformer,S1_within_dataset__seed0.parquet,S1_within_dataset,10,1,NSCLC_GSE127465,Mono_Macro,0.9382239382239382,1261,0.21016666666666667,6000
geneformer,S1_within_dataset__seed0.parquet,S1_within_dataset,10,1,NSCLC_GSE127465,NK,0.7439252336448599,296,0.04933333333333333,6000
geneformer,S1_within_dataset__seed0.parquet,S1_within_dataset,10,1,NSCLC_GSE127465,Neutrophil,0.9680297397769517,669,0.1115,6000
geneformer,S1_within_dataset__seed0.parquet,S1_within_dataset,10,1,NSCLC_GSE127465,Plasma,0.9713024282560706,228,0.038,6000
geneformer,S1_within_dataset__seed0.parquet,S1_within_dataset,10,1,NSCLC_GSE131907,B,0.6859395532194481,617,0.10271350091559847,6007
geneformer,S1_within_dataset__seed0.parquet,S1_within_dataset,10,1,NSCLC_GSE131907,CD4_T,0.42323651452282157,617,0.10271350091559847,6007
geneformer,S1_within_dataset__seed0.parquet,S1_within_dataset,10,1,NSCLC_GSE131907,CD8_T,0.3557312252964427,617,0.10271350091559847,6007
geneformer,S1_within_dataset__seed0.parquet,S1_within_dataset,10,1,NSCLC_GSE131907,DC,0.5352112676056338,617,0.10271350091559847,6007
geneformer,S1_within_dataset__seed0.parquet,S1_within_dataset,10,1,NSCLC_GSE131907,Endothelial,0.9742441209406495,454,0.07557849175961379,6007
geneformer,S1_within_dataset__seed0.parquet,S1_within_dataset,10,1,NSCLC_GSE131907,Epithelial,0.8983492615117289,617,0.10271350091559847,6007
geneformer,S1_within_dataset__seed0.parquet,S1_within_dataset,10,1,NSCLC_GSE131907,Fibroblast,0.9673202614379085,617,0.10271350091559847,6007
geneformer,S1_within_dataset__seed0.parquet,S1_within_dataset,10,1,NSCLC_GSE131907,Mast,0.9450915141430949,617,0.10271350091559847,6007
geneformer,S1_within_dataset__seed0.parquet,S1_within_dataset,10,1,NSCLC_GSE131907,Mono_Macro,0.44095940959409596,617,0.10271350091559847,6007
geneformer,S1_within_dataset__seed0.parquet,S1_within_dataset,10,1,NSCLC_GSE131907,Plasma,0.7074413863404689,617,0.10271350091559847,6007
geneformer,S1_within_dataset__seed0.parquet,S1_within_dataset,10,1,PAAD_GSE111672,CD8_T,0.21052631578947367,17,0.037527593818984545,453
geneformer,S1_within_dataset__seed0.parquet,S1_within_dataset,10,1,PAAD_GSE111672,Endothelial,0.9866666666666667,38,0.08388520971302428,453
geneformer,S1_within_dataset__seed0.parquet,S1_within_dataset,10,1,PAAD_GSE111672,Fibroblast,1.0,8,0.017660044150110375,453
geneformer,S1_within_dataset__seed0.parquet,S1_within_dataset,10,1,PAAD_GSE111672,Malignant,0.7416173570019724,298,0.6578366445916115,453
geneformer,S1_within_dataset__seed0.parquet,S1_within_dataset,10,1,PAAD_GSE111672,Mast,0.6415094339622641,36,0.07947019867549669,453
geneformer,S1_within_dataset__seed0.parquet,S1_within_dataset,10,1,PAAD_GSE111672,Mono_Macro,0.9629629629629629,42,0.09271523178807947,453
geneformer,S1_within_dataset__seed0.parquet,S1_within_dataset,10,1,PAAD_GSE111672,Neutrophil,0.782608695652174,14,0.03090507726269316,453
geneformer,S1_within_dataset__seed0.parquet,S1_within_dataset,10,1,PAAD_GSE154778,CD8_T,0.43636363636363634,84,0.02810304449648712,2989
geneformer,S1_within_dataset__seed0.parquet,S1_within_dataset,10,1,PAAD_GSE154778,Epithelial,0.16733067729083664,214,0.07159585145533623,2989
geneformer,S1_within_dataset__seed0.parquet,S1_within_dataset,10,1,PAAD_GSE154778,Fibroblast,0.8465499485066942,443,0.1482101037136166,2989
geneformer,S1_within_dataset__seed0.parquet,S1_within_dataset,10,1,PAAD_GSE154778,Malignant,0.9092307692307692,1904,0.6370023419203747,2989
geneformer,S1_within_dataset__seed0.parquet,S1_within_dataset,10,1,PAAD_GSE154778,Mono_Macro,0.8409506398537477,315,0.1053864168618267,2989
geneformer,S1_within_dataset__seed0.parquet,S1_within_dataset,10,1,PAAD_GSE154778,Plasma,0.4583333333333333,29,0.009702241552358649,2989
geneformer,S1_within_dataset__seed0.parquet,S1_within_dataset,10,1,STAD_GSE134520,CD8_T,0.8033826638477801,275,0.21024464831804282,1308
geneformer,S1_within_dataset__seed0.parquet,S1_within_dataset,10,1,STAD_GSE134520,DC,0.46808510638297873,72,0.05504587155963303,1308
geneformer,S1_within_dataset__seed0.parquet,S1_within_dataset,10,1,STAD_GSE134520,Fibroblast,0.9508771929824561,299,0.22859327217125383,1308
geneformer,S1_within_dataset__seed0.parquet,S1_within_dataset,10,1,STAD_GSE134520,Malignant,0.6515151515151515,176,0.1345565749235474,1308
geneformer,S1_within_dataset__seed0.parquet,S1_within_dataset,10,1,STAD_GSE134520,Mast,0.6491228070175439,77,0.058868501529051986,1308
geneformer,S1_within_dataset__seed0.parquet,S1_within_dataset,10,1,STAD_GSE134520,Plasma,0.9788293897882939,409,0.31269113149847094,1308
geneformer,S1_within_dataset__seed0.parquet,S1_within_dataset,10,2,BRCA_GSE161529,B,0.6996197718631179,600,0.1,6000
geneformer,S1_within_dataset__seed0.parquet,S1_within_dataset,10,2,BRCA_GSE161529,CD4_T,0.3786531130876747,600,0.1,6000
geneformer,S1_within_dataset__seed0.parquet,S1_within_dataset,10,2,BRCA_GSE161529,CD8_T,0.35232067510548526,600,0.1,6000
geneformer,S1_within_dataset__seed0.parquet,S1_within_dataset,10,2,BRCA_GSE161529,Endothelial,0.9726027397260274,600,0.1,6000
geneformer,S1_within_dataset__seed0.parquet,S1_within_dataset,10,2,BRCA_GSE161529,Epithelial,0.9086576648133439,600,0.1,6000
geneformer,S1_within_dataset__seed0.parquet,S1_within_dataset,10,2,BRCA_GSE161529,Fibroblast,0.8234463276836158,600,0.1,6000
geneformer,S1_within_dataset__seed0.parquet,S1_within_dataset,10,2,BRCA_GSE161529,Malignant,0.6433301797540208,600,0.1,6000
geneformer,S1_within_dataset__seed0.parquet,S1_within_dataset,10,2,BRCA_GSE161529,Mono_Macro,0.8839779005524862,600,0.1,6000
geneformer,S1_within_dataset__seed0.parquet,S1_within_dataset,10,2,BRCA_GSE161529,NK,0.6833681280445373,600,0.1,6000
geneformer,S1_within_dataset__seed0.parquet,S1_within_dataset,10,2,BRCA_GSE161529,Plasma,0.859882005899705,600,0.1,6000
geneformer,S1_within_dataset__seed0.parquet,S1_within_dataset,10,2,BRCA_GSE176078,B,0.8807017543859649,623,0.10383333333333333,6000
geneformer,S1_within_dataset__seed0.parquet,S1_within_dataset,10,2,BRCA_GSE176078,CD4_T,0.6224188790560472,762,0.127,6000
geneformer,S1_within_dataset__seed0.parquet,S1_within_dataset,10,2,BRCA_GSE176078,CD8_T,0.5023041474654378,762,0.127,6000
geneformer,S1_within_dataset__seed0.parquet,S1_within_dataset,10,2,BRCA_GSE176078,DC,0.3927710843373494,265,0.04416666666666667,6000
geneformer,S1_within_dataset__seed0.parquet,S1_within_dataset,10,2,BRCA_GSE176078,Endothelial,0.988110964332893,762,0.127,6000
geneformer,S1_within_dataset__seed0.parquet,S1_within_dataset,10,2,BRCA_GSE176078,Fibroblast,0.7680646791308742,762,0.127,6000
geneformer,S1_within_dataset__seed0.parquet,S1_within_dataset,10,2,BRCA_GSE176078,Malignant,0.08782936010037641,762,0.127,6000
geneformer,S1_within_dataset__seed0.parquet,S1_within_dataset,10,2,BRCA_GSE176078,Mono_Macro,0.6578538102643857,762,0.127,6000
geneformer,S1_within_dataset__seed0.parquet,S1_within_dataset,10,2,BRCA_GSE176078,Plasma,0.9879518072289156,540,0.09,6000
geneformer,S1_within_dataset__seed0.parquet,S1_within_dataset,10,2,CHOL_GSE125449_aPD1aPDL1aCTLA4,B,0.7160493827160493,50,0.05636978579481398,887
geneformer,S1_within_dataset__seed0.parquet,S1_within_dataset,10,2,CHOL_GSE125449_aPD1aPDL1aCTLA4,CD4_T,0.7897435897435897,163,0.18376550169109357,887
geneformer,S1_within_dataset__seed0.parquet,S1_within_dataset,10,2,CHOL_GSE125449_aPD1aPDL1aCTLA4,CD8_T,0.6580310880829016,251,0.2829763246899662,887
geneformer,S1_within_dataset__seed0.parquet,S1_within_dataset,10,2,CHOL_GSE125449_aPD1aPDL1aCTLA4,Endothelial,0.9917355371900827,60,0.06764374295377677,887
geneformer,S1_within_dataset__seed0.parquet,S1_within_dataset,10,2,CHOL_GSE125449_aPD1aPDL1aCTLA4,Fibroblast,0.9017341040462428,79,0.08906426155580609,887
geneformer,S1_within_dataset__seed0.parquet,S1_within_dataset,10,2,CHOL_GSE125449_aPD1aPDL1aCTLA4,Malignant,0.7698412698412699,155,0.17474633596392333,887
geneformer,S1_within_dataset__seed0.parquet,S1_within_dataset,10,2,CHOL_GSE125449_aPD1aPDL1aCTLA4,Mono_Macro,0.6554621848739496,80,0.09019165727170236,887
geneformer,S1_within_dataset__seed0.parquet,S1_within_dataset,10,2,CHOL_GSE125449_aPD1aPDL1aCTLA4,Plasma,0.9423076923076923,49,0.0552423900789177,887
geneformer,S1_within_dataset__seed0.parquet,S1_within_dataset,10,2,CRC_GSE108989,CD4_T,0.8324873096446701,1049,0.4803113553113553,2184
geneformer,S1_within_dataset__seed0.parquet,S1_within_dataset,10,2,CRC_GSE108989,CD8_T,0.8704545454545455,791,0.36217948717948717,2184
geneformer,S1_within_dataset__seed0.parquet,S1_within_dataset,10,2,CRC_GSE108989,Treg,0.4191343963553531,344,0.1575091575091575,2184
geneformer,S1_within_dataset__seed0.parquet,S1_within_dataset,10,2,CRC_GSE146771_10X,B,0.9641350210970464,962,0.16033333333333333,6000
geneformer,S1_within_dataset__seed0.parquet,S1_within_dataset,10,2,CRC_GSE146771_10X,CD4_T,0.7800261096605744,1222,0.20366666666666666,6000
geneformer,S1_within_dataset__seed0.parquet,S1_within_dataset,10,2,CRC_GSE146771_10X,CD8_T,0.5908618899273105,1222,0.20366666666666666,6000
geneformer,S1_within_dataset__seed0.parquet,S1_within_dataset,10,2,CRC_GSE146771_10X,Mast,0.9886363636363636,89,0.014833333333333334,6000
geneformer,S1_within_dataset__seed0.parquet,S1_within_dataset,10,2,CRC_GSE146771_10X,Mono_Macro,0.9705387205387206,1222,0.20366666666666666,6000
geneformer,S1_within_dataset__seed0.parquet,S1_within_dataset,10,2,CRC_GSE146771_10X,NK,0.5909980430528375,267,0.0445,6000
geneformer,S1_within_dataset__seed0.parquet,S1_within_dataset,10,2,CRC_GSE146771_10X,Plasma,0.9737493808816245,1016,0.16933333333333334,6000
geneformer,S1_within_dataset__seed0.parquet,S1_within_dataset,10,2,HNSC_GSE103322,CD4_T,0.2549019607843137,84,0.07142857142857142,1176
geneformer,S1_within_dataset__seed0.parquet,S1_within_dataset,10,2,HNSC_GSE103322,CD8_T,0.6796875,179,0.1522108843537415,1176
geneformer,S1_within_dataset__seed0.parquet,S1_within_dataset,10,2,HNSC_GSE103322,Endothelial,0.8131868131868132,54,0.04591836734693878,1176
geneformer,S1_within_dataset__seed0.parquet,S1_within_dataset,10,2,HNSC_GSE103322,Fibroblast,0.8584202682563339,291,0.24744897959183673,1176
geneformer,S1_within_dataset__seed0.parquet,S1_within_dataset,10,2,HNSC_GSE103322,Malignant,0.8348837209302326,497,0.4226190476190476,1176
geneformer,S1_within_dataset__seed0.parquet,S1_within_dataset,10,2,HNSC_GSE103322,Mast,0.9803921568627451,25,0.021258503401360544,1176
geneformer,S1_within_dataset__seed0.parquet,S1_within_dataset,10,2,HNSC_GSE103322,Mono_Macro,0.7407407407407407,17,0.01445578231292517,1176
geneformer,S1_within_dataset__seed0.parquet,S1_within_dataset,10,2,HNSC_GSE103322,Plasma,0.3888888888888889,29,0.02465986394557823,1176
geneformer,S1_within_dataset__seed0.parquet,S1_within_dataset,10,2,LIHC_GSE140228_10X,B,0.9719058466211086,676,0.11268544757459577,5999
geneformer,S1_within_dataset__seed0.parquet,S1_within_dataset,10,2,LIHC_GSE140228_10X,CD4_T,0.8870886075949367,1013,0.1688614769128188,5999
geneformer,S1_within_dataset__seed0.parquet,S1_within_dataset,10,2,LIHC_GSE140228_10X,CD8_T,0.7073766487542745,1013,0.1688614769128188,5999
geneformer,S1_within_dataset__seed0.parquet,S1_within_dataset,10,2,LIHC_GSE140228_10X,DC,0.8028933092224232,454,0.07567927987998,5999
geneformer,S1_within_dataset__seed0.parquet,S1_within_dataset,10,2,LIHC_GSE140228_10X,Mast,0.49557522123893805,83,0.013835639273212201,5999
geneformer,S1_within_dataset__seed0.parquet,S1_within_dataset,10,2,LIHC_GSE140228_10X,Mono_Macro,0.8814489571899012,1013,0.1688614769128188,5999
geneformer,S1_within_dataset__seed0.parquet,S1_within_dataset,10,2,LIHC_GSE140228_10X,NK,0.7939600584510472,1013,0.1688614769128188,5999
geneformer,S1_within_dataset__seed0.parquet,S1_within_dataset,10,2,LIHC_GSE140228_10X,Plasma,0.911062906724512,215,0.03583930655109185,5999
geneformer,S1_within_dataset__seed0.parquet,S1_within_dataset,10,2,LIHC_GSE140228_10X,Treg,0.9061913696060038,519,0.08651441906984497,5999
geneformer,S1_within_dataset__seed0.parquet,S1_within_dataset,10,2,LIHC_GSE98638,CD4_T,0.7849829351535836,493,0.5135416666666667,960
geneformer,S1_within_dataset__seed0.parquet,S1_within_dataset,10,2,LIHC_GSE98638,CD8_T,0.788627935723115,329,0.34270833333333334,960
geneformer,S1_within_dataset__seed0.parquet,S1_within_dataset,10,2,LIHC_GSE98638,Treg,0.7860262008733624,138,0.14375,960
geneformer,S1_within_dataset__seed0.parquet,S1_within_dataset,10,2,NSCLC_GSE127465,B,0.9195402298850575,664,0.11066666666666666,6000
geneformer,S1_within_dataset__seed0.parquet,S1_within_dataset,10,2,NSCLC_GSE127465,CD4_T,0.7788778877887789,1261,0.21016666666666667,6000
geneformer,S1_within_dataset__seed0.parquet,S1_within_dataset,10,2,NSCLC_GSE127465,CD8_T,0.1259259259259259,247,0.041166666666666664,6000
geneformer,S1_within_dataset__seed0.parquet,S1_within_dataset,10,2,NSCLC_GSE127465,DC,0.37473684210526315,225,0.0375,6000
geneformer,S1_within_dataset__seed0.parquet,S1_within_dataset,10,2,NSCLC_GSE127465,Endothelial,0.9629629629629629,84,0.014,6000
geneformer,S1_within_dataset__seed0.parquet,S1_within_dataset,10,2,NSCLC_GSE127465,Fibroblast,0.915129151291513,143,0.023833333333333335,6000
geneformer,S1_within_dataset__seed0.parquet,S1_within_dataset,10,2,NSCLC_GSE127465,Malignant,0.9435382685069009,799,0.13316666666666666,6000
geneformer,S1_within_dataset__seed0.parquet,S1_within_dataset,10,2,NSCLC_GSE127465,Mast,0.923728813559322,123,0.0205,6000
geneformer,S1_within_dataset__seed0.parquet,S1_within_dataset,10,2,NSCLC_GSE127465,Mono_Macro,0.7419668938656281,1261,0.21016666666666667,6000
geneformer,S1_within_dataset__seed0.parquet,S1_within_dataset,10,2,NSCLC_GSE127465,NK,0.5579150579150579,296,0.04933333333333333,6000
geneformer,S1_within_dataset__seed0.parquet,S1_within_dataset,10,2,NSCLC_GSE127465,Neutrophil,0.9475197699496765,669,0.1115,6000
geneformer,S1_within_dataset__seed0.parquet,S1_within_dataset,10,2,NSCLC_GSE127465,Plasma,0.9733333333333334,228,0.038,6000
geneformer,S1_within_dataset__seed0.parquet,S1_within_dataset,10,2,NSCLC_GSE131907,B,0.631578947368421,617,0.10271350091559847,6007
geneformer,S1_within_dataset__seed0.parquet,S1_within_dataset,10,2,NSCLC_GSE131907,CD4_T,0.5421875,617,0.10271350091559847,6007
geneformer,S1_within_dataset__seed0.parquet,S1_within_dataset,10,2,NSCLC_GSE131907,CD8_T,0.5086505190311419,617,0.10271350091559847,6007
geneformer,S1_within_dataset__seed0.parquet,S1_within_dataset,10,2,NSCLC_GSE131907,DC,0.46127659574468083,617,0.10271350091559847,6007
geneformer,S1_within_dataset__seed0.parquet,S1_within_dataset,10,2,NSCLC_GSE131907,Endothelial,0.978675645342312,454,0.07557849175961379,6007
geneformer,S1_within_dataset__seed0.parquet,S1_within_dataset,10,2,NSCLC_GSE131907,Epithelial,0.8886971527178602,617,0.10271350091559847,6007
geneformer,S1_within_dataset__seed0.parquet,S1_within_dataset,10,2,NSCLC_GSE131907,Fibroblast,0.9561688311688312,617,0.10271350091559847,6007
geneformer,S1_within_dataset__seed0.parquet,S1_within_dataset,10,2,NSCLC_GSE131907,Mast,0.9388429752066115,617,0.10271350091559847,6007
geneformer,S1_within_dataset__seed0.parquet,S1_within_dataset,10,2,NSCLC_GSE131907,Mono_Macro,0.5483383685800605,617,0.10271350091559847,6007
geneformer,S1_within_dataset__seed0.parquet,S1_within_dataset,10,2,NSCLC_GSE131907,Plasma,0.810958904109589,617,0.10271350091559847,6007
geneformer,S1_within_dataset__seed0.parquet,S1_within_dataset,10,2,PAAD_GSE111672,CD8_T,0.0,17,0.037527593818984545,453
geneformer,S1_within_dataset__seed0.parquet,S1_within_dataset,10,2,PAAD_GSE111672,Endothelial,0.9866666666666667,38,0.08388520971302428,453
geneformer,S1_within_dataset__seed0.parquet,S1_within_dataset,10,2,PAAD_GSE111672,Fibroblast,1.0,8,0.017660044150110375,453
geneformer,S1_within_dataset__seed0.parquet,S1_within_dataset,10,2,PAAD_GSE111672,Malignant,0.9445324881141046,298,0.6578366445916115,453
geneformer,S1_within_dataset__seed0.parquet,S1_within_dataset,10,2,PAAD_GSE111672,Mast,0.36363636363636365,36,0.07947019867549669,453
geneformer,S1_within_dataset__seed0.parquet,S1_within_dataset,10,2,PAAD_GSE111672,Mono_Macro,0.9230769230769231,42,0.09271523178807947,453
geneformer,S1_within_dataset__seed0.parquet,S1_within_dataset,10,2,PAAD_GSE111672,Neutrophil,0.6956521739130435,14,0.03090507726269316,453
geneformer,S1_within_dataset__seed0.parquet,S1_within_dataset,10,2,PAAD_GSE154778,CD8_T,0.3137254901960784,84,0.02810304449648712,2989
geneformer,S1_within_dataset__seed0.parquet,S1_within_dataset,10,2,PAAD_GSE154778,Epithelial,0.01834862385321101,214,0.07159585145533623,2989
geneformer,S1_within_dataset__seed0.parquet,S1_within_dataset,10,2,PAAD_GSE154778,Fibroblast,0.9578454332552693,443,0.1482101037136166,2989
geneformer,S1_within_dataset__seed0.parquet,S1_within_dataset,10,2,PAAD_GSE154778,Malignant,0.941089108910891,1904,0.6370023419203747,2989
geneformer,S1_within_dataset__seed0.parquet,S1_within_dataset,10,2,PAAD_GSE154778,Mono_Macro,0.8330275229357799,315,0.1053864168618267,2989
geneformer,S1_within_dataset__seed0.parquet,S1_within_dataset,10,2,PAAD_GSE154778,Plasma,0.46808510638297873,29,0.009702241552358649,2989
geneformer,S1_within_dataset__seed0.parquet,S1_within_dataset,10,2,STAD_GSE134520,CD8_T,0.1901639344262295,275,0.21024464831804282,1308
geneformer,S1_within_dataset__seed0.parquet,S1_within_dataset,10,2,STAD_GSE134520,DC,0.8292682926829268,72,0.05504587155963303,1308
geneformer,S1_within_dataset__seed0.parquet,S1_within_dataset,10,2,STAD_GSE134520,Fibroblast,0.9244604316546763,299,0.22859327217125383,1308
geneformer,S1_within_dataset__seed0.parquet,S1_within_dataset,10,2,STAD_GSE134520,Malignant,0.08074534161490683,176,0.1345565749235474,1308
geneformer,S1_within_dataset__seed0.parquet,S1_within_dataset,10,2,STAD_GSE134520,Mast,0.6153846153846154,77,0.058868501529051986,1308
geneformer,S1_within_dataset__seed0.parquet,S1_within_dataset,10,2,STAD_GSE134520,Plasma,0.9762202753441802,409,0.31269113149847094,1308
geneformer,S1_within_dataset__seed0.parquet,S1_within_dataset,10,3,BRCA_GSE161529,B,0.7226027397260274,600,0.1,6000
geneformer,S1_within_dataset__seed0.parquet,S1_within_dataset,10,3,BRCA_GSE161529,CD4_T,0.35294117647058826,600,0.1,6000
geneformer,S1_within_dataset__seed0.parquet,S1_within_dataset,10,3,BRCA_GSE161529,CD8_T,0.38454288407163056,600,0.1,6000
geneformer,S1_within_dataset__seed0.parquet,S1_within_dataset,10,3,BRCA_GSE161529,Endothelial,0.9752348420153715,600,0.1,6000
geneformer,S1_within_dataset__seed0.parquet,S1_within_dataset,10,3,BRCA_GSE161529,Epithelial,0.6739659367396593,600,0.1,6000
geneformer,S1_within_dataset__seed0.parquet,S1_within_dataset,10,3,BRCA_GSE161529,Fibroblast,0.9469387755102041,600,0.1,6000
geneformer,S1_within_dataset__seed0.parquet,S1_within_dataset,10,3,BRCA_GSE161529,Malignant,0.45047169811320753,600,0.1,6000
geneformer,S1_within_dataset__seed0.parquet,S1_within_dataset,10,3,BRCA_GSE161529,Mono_Macro,0.8399629972247918,600,0.1,6000
geneformer,S1_within_dataset__seed0.parquet,S1_within_dataset,10,3,BRCA_GSE161529,NK,0.693000693000693,600,0.1,6000
geneformer,S1_within_dataset__seed0.parquet,S1_within_dataset,10,3,BRCA_GSE161529,Plasma,0.9052466718872357,600,0.1,6000
geneformer,S1_within_dataset__seed0.parquet,S1_within_dataset,10,3,BRCA_GSE176078,B,0.8838427947598253,623,0.10383333333333333,6000
geneformer,S1_within_dataset__seed0.parquet,S1_within_dataset,10,3,BRCA_GSE176078,CD4_T,0.6403508771929824,762,0.127,6000
geneformer,S1_within_dataset__seed0.parquet,S1_within_dataset,10,3,BRCA_GSE176078,CD8_T,0.4596651445966514,762,0.127,6000
geneformer,S1_within_dataset__seed0.parquet,S1_within_dataset,10,3,BRCA_GSE176078,DC,0.40593141797961074,265,0.04416666666666667,6000
geneformer,S1_within_dataset__seed0.parquet,S1_within_dataset,10,3,BRCA_GSE176078,Endothelial,0.9874917709019092,762,0.127,6000
geneformer,S1_within_dataset__seed0.parquet,S1_within_dataset,10,3,BRCA_GSE176078,Fibroblast,0.9662635264162953,762,0.127,6000
geneformer,S1_within_dataset__seed0.parquet,S1_within_dataset,10,3,BRCA_GSE176078,Malignant,0.14580801944106925,762,0.127,6000
geneformer,S1_within_dataset__seed0.parquet,S1_within_dataset,10,3,BRCA_GSE176078,Mono_Macro,0.419921875,762,0.127,6000
geneformer,S1_within_dataset__seed0.parquet,S1_within_dataset,10,3,BRCA_GSE176078,Plasma,0.9842154131847726,540,0.09,6000
geneformer,S1_within_dataset__seed0.parquet,S1_within_dataset,10,3,CHOL_GSE125449_aPD1aPDL1aCTLA4,B,0.7380952380952381,50,0.05636978579481398,887
geneformer,S1_within_dataset__seed0.parquet,S1_within_dataset,10,3,CHOL_GSE125449_aPD1aPDL1aCTLA4,CD4_T,0.6405867970660146,163,0.18376550169109357,887
geneformer,S1_within_dataset__seed0.parquet,S1_within_dataset,10,3,CHOL_GSE125449_aPD1aPDL1aCTLA4,CD8_T,0.32653061224489793,251,0.2829763246899662,887
geneformer,S1_within_dataset__seed0.parquet,S1_within_dataset,10,3,CHOL_GSE125449_aPD1aPDL1aCTLA4,Endothelial,0.9917355371900827,60,0.06764374295377677,887
geneformer,S1_within_dataset__seed0.parquet,S1_within_dataset,10,3,CHOL_GSE125449_aPD1aPDL1aCTLA4,Fibroblast,0.9936305732484076,79,0.08906426155580609,887
geneformer,S1_within_dataset__seed0.parquet,S1_within_dataset,10,3,CHOL_GSE125449_aPD1aPDL1aCTLA4,Malignant,0.13253012048192772,155,0.17474633596392333,887
geneformer,S1_within_dataset__seed0.parquet,S1_within_dataset,10,3,CHOL_GSE125449_aPD1aPDL1aCTLA4,Mono_Macro,0.4,80,0.09019165727170236,887
geneformer,S1_within_dataset__seed0.parquet,S1_within_dataset,10,3,CHOL_GSE125449_aPD1aPDL1aCTLA4,Plasma,0.9514563106796117,49,0.0552423900789177,887
geneformer,S1_within_dataset__seed0.parquet,S1_within_dataset,10,3,CRC_GSE108989,CD4_T,0.0,1049,0.4803113553113553,2184
geneformer,S1_within_dataset__seed0.parquet,S1_within_dataset,10,3,CRC_GSE108989,CD8_T,0.6855400696864111,791,0.36217948717948717,2184
geneformer,S1_within_dataset__seed0.parquet,S1_within_dataset,10,3,CRC_GSE108989,Treg,0.6647116324535679,344,0.1575091575091575,2184
geneformer,S1_within_dataset__seed0.parquet,S1_within_dataset,10,3,CRC_GSE146771_10X,B,0.2912966252220249,962,0.16033333333333333,6000
geneformer,S1_within_dataset__seed0.parquet,S1_within_dataset,10,3,CRC_GSE146771_10X,CD4_T,0.5643038559224197,1222,0.20366666666666666,6000
geneformer,S1_within_dataset__seed0.parquet,S1_within_dataset,10,3,CRC_GSE146771_10X,CD8_T,0.0,1222,0.20366666666666666,6000
geneformer,S1_within_dataset__seed0.parquet,S1_within_dataset,10,3,CRC_GSE146771_10X,Mast,0.9886363636363636,89,0.014833333333333334,6000
geneformer,S1_within_dataset__seed0.parquet,S1_within_dataset,10,3,CRC_GSE146771_10X,Mono_Macro,0.9396963123644252,1222,0.20366666666666666,6000
geneformer,S1_within_dataset__seed0.parquet,S1_within_dataset,10,3,CRC_GSE146771_10X,NK,0.7259786476868327,267,0.0445,6000
geneformer,S1_within_dataset__seed0.parquet,S1_within_dataset,10,3,CRC_GSE146771_10X,Plasma,0.9327188940092166,1016,0.16933333333333334,6000
geneformer,S1_within_dataset__seed0.parquet,S1_within_dataset,10,3,HNSC_GSE103322,CD4_T,0.0,84,0.07142857142857142,1176
geneformer,S1_within_dataset__seed0.parquet,S1_within_dataset,10,3,HNSC_GSE103322,CD8_T,0.10989010989010989,179,0.1522108843537415,1176
geneformer,S1_within_dataset__seed0.parquet,S1_within_dataset,10,3,HNSC_GSE103322,Endothelial,0.8387096774193549,54,0.04591836734693878,1176
geneformer,S1_within_dataset__seed0.parquet,S1_within_dataset,10,3,HNSC_GSE103322,Fibroblast,0.7564102564102564,291,0.24744897959183673,1176
geneformer,S1_within_dataset__seed0.parquet,S1_within_dataset,10,3,HNSC_GSE103322,Malignant,0.49258160237388726,497,0.4226190476190476,1176
geneformer,S1_within_dataset__seed0.parquet,S1_within_dataset,10,3,HNSC_GSE103322,Mast,1.0,25,0.021258503401360544,1176
geneformer,S1_within_dataset__seed0.parquet,S1_within_dataset,10,3,HNSC_GSE103322,Mono_Macro,0.75,17,0.01445578231292517,1176
geneformer,S1_within_dataset__seed0.parquet,S1_within_dataset,10,3,HNSC_GSE103322,Plasma,0.8163265306122449,29,0.02465986394557823,1176
geneformer,S1_within_dataset__seed0.parquet,S1_within_dataset,10,3,LIHC_GSE140228_10X,B,0.9834586466165414,676,0.11268544757459577,5999
geneformer,S1_within_dataset__seed0.parquet,S1_within_dataset,10,3,LIHC_GSE140228_10X,CD4_T,0.7468785471055619,1013,0.1688614769128188,5999
geneformer,S1_within_dataset__seed0.parquet,S1_within_dataset,10,3,LIHC_GSE140228_10X,CD8_T,0.12356979405034325,1013,0.1688614769128188,5999
geneformer,S1_within_dataset__seed0.parquet,S1_within_dataset,10,3,LIHC_GSE140228_10X,DC,0.6516363636363637,454,0.07567927987998,5999
geneformer,S1_within_dataset__seed0.parquet,S1_within_dataset,10,3,LIHC_GSE140228_10X,Mast,0.5,83,0.013835639273212201,5999
geneformer,S1_within_dataset__seed0.parquet,S1_within_dataset,10,3,LIHC_GSE140228_10X,Mono_Macro,0.6944801026957638,1013,0.1688614769128188,5999
geneformer,S1_within_dataset__seed0.parquet,S1_within_dataset,10,3,LIHC_GSE140228_10X,NK,0.6919398907103825,1013,0.1688614769128188,5999
geneformer,S1_within_dataset__seed0.parquet,S1_within_dataset,10,3,LIHC_GSE140228_10X,Plasma,0.9787234042553191,215,0.03583930655109185,5999
geneformer,S1_within_dataset__seed0.parquet,S1_within_dataset,10,3,LIHC_GSE140228_10X,Treg,0.8148148148148148,519,0.08651441906984497,5999
geneformer,S1_within_dataset__seed0.parquet,S1_within_dataset,10,3,LIHC_GSE98638,CD4_T,0.0,493,0.5135416666666667,960
geneformer,S1_within_dataset__seed0.parquet,S1_within_dataset,10,3,LIHC_GSE98638,CD8_T,0.6366307541625857,329,0.34270833333333334,960
geneformer,S1_within_dataset__seed0.parquet,S1_within_dataset,10,3,LIHC_GSE98638,Treg,0.6782178217821783,138,0.14375,960
geneformer,S1_within_dataset__seed0.parquet,S1_within_dataset,10,3,NSCLC_GSE127465,B,0.9266123054114158,664,0.11066666666666666,6000
geneformer,S1_within_dataset__seed0.parquet,S1_within_dataset,10,3,NSCLC_GSE127465,CD4_T,0.7974217311233885,1261,0.21016666666666667,6000
geneformer,S1_within_dataset__seed0.parquet,S1_within_dataset,10,3,NSCLC_GSE127465,CD8_T,0.25792811839323465,247,0.041166666666666664,6000
geneformer,S1_within_dataset__seed0.parquet,S1_within_dataset,10,3,NSCLC_GSE127465,DC,0.611764705882353,225,0.0375,6000
geneformer,S1_within_dataset__seed0.parquet,S1_within_dataset,10,3,NSCLC_GSE127465,Endothelial,0.9696969696969697,84,0.014,6000
geneformer,S1_within_dataset__seed0.parquet,S1_within_dataset,10,3,NSCLC_GSE127465,Fibroblast,0.9454545454545454,143,0.023833333333333335,6000
geneformer,S1_within_dataset__seed0.parquet,S1_within_dataset,10,3,NSCLC_GSE127465,Malignant,0.835626357711803,799,0.13316666666666666,6000
geneformer,S1_within_dataset__seed0.parquet,S1_within_dataset,10,3,NSCLC_GSE127465,Mast,0.9361702127659575,123,0.0205,6000
geneformer,S1_within_dataset__seed0.parquet,S1_within_dataset,10,3,NSCLC_GSE127465,Mono_Macro,0.9217791411042945,1261,0.21016666666666667,6000
geneformer,S1_within_dataset__seed0.parquet,S1_within_dataset,10,3,NSCLC_GSE127465,NK,0.6915422885572139,296,0.04933333333333333,6000
geneformer,S1_within_dataset__seed0.parquet,S1_within_dataset,10,3,NSCLC_GSE127465,Neutrophil,0.9548762736535662,669,0.1115,6000
geneformer,S1_within_dataset__seed0.parquet,S1_within_dataset,10,3,NSCLC_GSE127465,Plasma,0.9684684684684685,228,0.038,6000
geneformer,S1_within_dataset__seed0.parquet,S1_within_dataset,10,3,NSCLC_GSE131907,B,0.6083262531860663,617,0.10271350091559847,6007
geneformer,S1_within_dataset__seed0.parquet,S1_within_dataset,10,3,NSCLC_GSE131907,CD4_T,0.42095914742451157,617,0.10271350091559847,6007
geneformer,S1_within_dataset__seed0.parquet,S1_within_dataset,10,3,NSCLC_GSE131907,CD8_T,0.20540540540540542,617,0.10271350091559847,6007
geneformer,S1_within_dataset__seed0.parquet,S1_within_dataset,10,3,NSCLC_GSE131907,DC,0.6576402321083172,617,0.10271350091559847,6007
geneformer,S1_within_dataset__seed0.parquet,S1_within_dataset,10,3,NSCLC_GSE131907,Endothelial,0.9788182831661093,454,0.07557849175961379,6007
geneformer,S1_within_dataset__seed0.parquet,S1_within_dataset,10,3,NSCLC_GSE131907,Epithelial,0.9171974522292994,617,0.10271350091559847,6007
geneformer,S1_within_dataset__seed0.parquet,S1_within_dataset,10,3,NSCLC_GSE131907,Fibroblast,0.9675810473815462,617,0.10271350091559847,6007
geneformer,S1_within_dataset__seed0.parquet,S1_within_dataset,10,3,NSCLC_GSE131907,Mast,0.949748743718593,617,0.10271350091559847,6007
geneformer,S1_within_dataset__seed0.parquet,S1_within_dataset,10,3,NSCLC_GSE131907,Mono_Macro,0.5063025210084033,617,0.10271350091559847,6007
geneformer,S1_within_dataset__seed0.parquet,S1_within_dataset,10,3,NSCLC_GSE131907,Plasma,0.7134020618556701,617,0.10271350091559847,6007
geneformer,S1_within_dataset__seed0.parquet,S1_within_dataset,10,3,PAAD_GSE111672,CD8_T,0.21052631578947367,17,0.037527593818984545,453
geneformer,S1_within_dataset__seed0.parquet,S1_within_dataset,10,3,PAAD_GSE111672,Endothelial,0.9866666666666667,38,0.08388520971302428,453
geneformer,S1_within_dataset__seed0.parquet,S1_within_dataset,10,3,PAAD_GSE111672,Fibroblast,1.0,8,0.017660044150110375,453
geneformer,S1_within_dataset__seed0.parquet,S1_within_dataset,10,3,PAAD_GSE111672,Malignant,0.8719723183391004,298,0.6578366445916115,453
geneformer,S1_within_dataset__seed0.parquet,S1_within_dataset,10,3,PAAD_GSE111672,Mast,0.36363636363636365,36,0.07947019867549669,453
geneformer,S1_within_dataset__seed0.parquet,S1_within_dataset,10,3,PAAD_GSE111672,Mono_Macro,0.9367088607594937,42,0.09271523178807947,453
geneformer,S1_within_dataset__seed0.parquet,S1_within_dataset,10,3,PAAD_GSE111672,Neutrophil,0.6666666666666666,14,0.03090507726269316,453
geneformer,S1_within_dataset__seed0.parquet,S1_within_dataset,10,3,PAAD_GSE154778,CD8_T,0.6349206349206349,84,0.02810304449648712,2989
geneformer,S1_within_dataset__seed0.parquet,S1_within_dataset,10,3,PAAD_GSE154778,Epithelial,0.0718562874251497,214,0.07159585145533623,2989
geneformer,S1_within_dataset__seed0.parquet,S1_within_dataset,10,3,PAAD_GSE154778,Fibroblast,0.9415971394517283,443,0.1482101037136166,2989
geneformer,S1_within_dataset__seed0.parquet,S1_within_dataset,10,3,PAAD_GSE154778,Malignant,0.9168356997971603,1904,0.6370023419203747,2989
geneformer,S1_within_dataset__seed0.parquet,S1_within_dataset,10,3,PAAD_GSE154778,Mono_Macro,0.84,315,0.1053864168618267,2989
geneformer,S1_within_dataset__seed0.parquet,S1_within_dataset,10,3,PAAD_GSE154778,Plasma,0.4782608695652174,29,0.009702241552358649,2989
geneformer,S1_within_dataset__seed0.parquet,S1_within_dataset,10,3,STAD_GSE134520,CD8_T,0.8980392156862745,275,0.21024464831804282,1308
geneformer,S1_within_dataset__seed0.parquet,S1_within_dataset,10,3,STAD_GSE134520,DC,0.2857142857142857,72,0.05504587155963303,1308
geneformer,S1_within_dataset__seed0.parquet,S1_within_dataset,10,3,STAD_GSE134520,Fibroblast,0.9471830985915493,299,0.22859327217125383,1308
geneformer,S1_within_dataset__seed0.parquet,S1_within_dataset,10,3,STAD_GSE134520,Malignant,0.1853035143769968,176,0.1345565749235474,1308
geneformer,S1_within_dataset__seed0.parquet,S1_within_dataset,10,3,STAD_GSE134520,Mast,0.631578947368421,77,0.058868501529051986,1308
geneformer,S1_within_dataset__seed0.parquet,S1_within_dataset,10,3,STAD_GSE134520,Plasma,0.974937343358396,409,0.31269113149847094,1308
geneformer,S1_within_dataset__seed0.parquet,S1_within_dataset,10,4,BRCA_GSE161529,B,0.7290803645401823,600,0.1,6000
geneformer,S1_within_dataset__seed0.parquet,S1_within_dataset,10,4,BRCA_GSE161529,CD4_T,0.6246672582076309,600,0.1,6000
geneformer,S1_within_dataset__seed0.parquet,S1_within_dataset,10,4,BRCA_GSE161529,CD8_T,0.2052505966587112,600,0.1,6000
geneformer,S1_within_dataset__seed0.parquet,S1_within_dataset,10,4,BRCA_GSE161529,Endothelial,0.9804919423240034,600,0.1,6000
geneformer,S1_within_dataset__seed0.parquet,S1_within_dataset,10,4,BRCA_GSE161529,Epithelial,0.8205904617713853,600,0.1,6000
geneformer,S1_within_dataset__seed0.parquet,S1_within_dataset,10,4,BRCA_GSE161529,Fibroblast,0.9660876757650951,600,0.1,6000
geneformer,S1_within_dataset__seed0.parquet,S1_within_dataset,10,4,BRCA_GSE161529,Malignant,0.7559572719802794,600,0.1,6000
geneformer,S1_within_dataset__seed0.parquet,S1_within_dataset,10,4,BRCA_GSE161529,Mono_Macro,0.8910200523103748,600,0.1,6000
geneformer,S1_within_dataset__seed0.parquet,S1_within_dataset,10,4,BRCA_GSE161529,NK,0.3914510686164229,600,0.1,6000
geneformer,S1_within_dataset__seed0.parquet,S1_within_dataset,10,4,BRCA_GSE161529,Plasma,0.8736,600,0.1,6000
geneformer,S1_within_dataset__seed0.parquet,S1_within_dataset,10,4,BRCA_GSE176078,B,0.8087774294670846,623,0.10383333333333333,6000
geneformer,S1_within_dataset__seed0.parquet,S1_within_dataset,10,4,BRCA_GSE176078,CD4_T,0.5214408233276158,762,0.127,6000
geneformer,S1_within_dataset__seed0.parquet,S1_within_dataset,10,4,BRCA_GSE176078,CD8_T,0.5007173601147776,762,0.127,6000
geneformer,S1_within_dataset__seed0.parquet,S1_within_dataset,10,4,BRCA_GSE176078,DC,0.20717131474103587,265,0.04416666666666667,6000
geneformer,S1_within_dataset__seed0.parquet,S1_within_dataset,10,4,BRCA_GSE176078,Endothelial,0.9868073878627969,762,0.127,6000
geneformer,S1_within_dataset__seed0.parquet,S1_within_dataset,10,4,BRCA_GSE176078,Fibroblast,0.9705882352941176,762,0.127,6000
geneformer,S1_within_dataset__seed0.parquet,S1_within_dataset,10,4,BRCA_GSE176078,Malignant,0.9078014184397163,762,0.127,6000
geneformer,S1_within_dataset__seed0.parquet,S1_within_dataset,10,4,BRCA_GSE176078,Mono_Macro,0.5863095238095238,762,0.127,6000
geneformer,S1_within_dataset__seed0.parquet,S1_within_dataset,10,4,BRCA_GSE176078,Plasma,0.9702048417132216,540,0.09,6000
geneformer,S1_within_dataset__seed0.parquet,S1_within_dataset,10,4,CHOL_GSE125449_aPD1aPDL1aCTLA4,B,0.34418604651162793,50,0.05636978579481398,887
geneformer,S1_within_dataset__seed0.parquet,S1_within_dataset,10,4,CHOL_GSE125449_aPD1aPDL1aCTLA4,CD4_T,0.32558139534883723,163,0.18376550169109357,887
geneformer,S1_within_dataset__seed0.parquet,S1_within_dataset,10,4,CHOL_GSE125449_aPD1aPDL1aCTLA4,CD8_T,0.5161290322580645,251,0.2829763246899662,887
geneformer,S1_within_dataset__seed0.parquet,S1_within_dataset,10,4,CHOL_GSE125449_aPD1aPDL1aCTLA4,Endothelial,0.9833333333333333,60,0.06764374295377677,887
geneformer,S1_within_dataset__seed0.parquet,S1_within_dataset,10,4,CHOL_GSE125449_aPD1aPDL1aCTLA4,Fibroblast,0.975,79,0.08906426155580609,887
geneformer,S1_within_dataset__seed0.parquet,S1_within_dataset,10,4,CHOL_GSE125449_aPD1aPDL1aCTLA4,Malignant,0.6779661016949152,155,0.17474633596392333,887
geneformer,S1_within_dataset__seed0.parquet,S1_within_dataset,10,4,CHOL_GSE125449_aPD1aPDL1aCTLA4,Mono_Macro,0.44660194174757284,80,0.09019165727170236,887
geneformer,S1_within_dataset__seed0.parquet,S1_within_dataset,10,4,CHOL_GSE125449_aPD1aPDL1aCTLA4,Plasma,0.9702970297029703,49,0.0552423900789177,887
geneformer,S1_within_dataset__seed0.parquet,S1_within_dataset,10,4,CRC_GSE108989,CD4_T,0.5898912348048625,1049,0.4803113553113553,2184
geneformer,S1_within_dataset__seed0.parquet,S1_within_dataset,10,4,CRC_GSE108989,CD8_T,0.8451704545454546,791,0.36217948717948717,2184
geneformer,S1_within_dataset__seed0.parquet,S1_within_dataset,10,4,CRC_GSE108989,Treg,0.4806312769010043,344,0.1575091575091575,2184
geneformer,S1_within_dataset__seed0.parquet,S1_within_dataset,10,4,CRC_GSE146771_10X,B,0.9534632034632035,962,0.16033333333333333,6000
geneformer,S1_within_dataset__seed0.parquet,S1_within_dataset,10,4,CRC_GSE146771_10X,CD4_T,0.8134601316752011,1222,0.20366666666666666,6000
geneformer,S1_within_dataset__seed0.parquet,S1_within_dataset,10,4,CRC_GSE146771_10X,CD8_T,0.7969671440606572,1222,0.20366666666666666,6000
geneformer,S1_within_dataset__seed0.parquet,S1_within_dataset,10,4,CRC_GSE146771_10X,Mast,0.9081632653061225,89,0.014833333333333334,6000
geneformer,S1_within_dataset__seed0.parquet,S1_within_dataset,10,4,CRC_GSE146771_10X,Mono_Macro,0.98,1222,0.20366666666666666,6000
geneformer,S1_within_dataset__seed0.parquet,S1_within_dataset,10,4,CRC_GSE146771_10X,NK,0.10638297872340426,267,0.0445,6000
geneformer,S1_within_dataset__seed0.parquet,S1_within_dataset,10,4,CRC_GSE146771_10X,Plasma,0.9720616570327553,1016,0.16933333333333334,6000
geneformer,S1_within_dataset__seed0.parquet,S1_within_dataset,10,4,HNSC_GSE103322,CD4_T,0.0449438202247191,84,0.07142857142857142,1176
geneformer,S1_within_dataset__seed0.parquet,S1_within_dataset,10,4,HNSC_GSE103322,CD8_T,0.011049723756906077,179,0.1522108843537415,1176
geneformer,S1_within_dataset__seed0.parquet,S1_within_dataset,10,4,HNSC_GSE103322,Endothelial,0.8631578947368421,54,0.04591836734693878,1176
geneformer,S1_within_dataset__seed0.parquet,S1_within_dataset,10,4,HNSC_GSE103322,Fibroblast,0.9913941480206541,291,0.24744897959183673,1176
geneformer,S1_within_dataset__seed0.parquet,S1_within_dataset,10,4,HNSC_GSE103322,Malignant,0.978978978978979,497,0.4226190476190476,1176
geneformer,S1_within_dataset__seed0.parquet,S1_within_dataset,10,4,HNSC_GSE103322,Mast,1.0,25,0.021258503401360544,1176
geneformer,S1_within_dataset__seed0.parquet,S1_within_dataset,10,4,HNSC_GSE103322,Mono_Macro,0.9032258064516129,17,0.01445578231292517,1176
geneformer,S1_within_dataset__seed0.parquet,S1_within_dataset,10,4,HNSC_GSE103322,Plasma,0.9056603773584906,29,0.02465986394557823,1176
geneformer,S1_within_dataset__seed0.parquet,S1_within_dataset,10,4,LIHC_GSE140228_10X,B,0.7796610169491526,676,0.11268544757459577,5999
geneformer,S1_within_dataset__seed0.parquet,S1_within_dataset,10,4,LIHC_GSE140228_10X,CD4_T,0.5094594594594595,1013,0.1688614769128188,5999
geneformer,S1_within_dataset__seed0.parquet,S1_within_dataset,10,4,LIHC_GSE140228_10X,CD8_T,0.7578849721706865,1013,0.1688614769128188,5999
geneformer,S1_within_dataset__seed0.parquet,S1_within_dataset,10,4,LIHC_GSE140228_10X,DC,0.7515047291487532,454,0.07567927987998,5999
geneformer,S1_within_dataset__seed0.parquet,S1_within_dataset,10,4,LIHC_GSE140228_10X,Mast,0.5714285714285714,83,0.013835639273212201,5999
geneformer,S1_within_dataset__seed0.parquet,S1_within_dataset,10,4,LIHC_GSE140228_10X,Mono_Macro,0.8369195922989807,1013,0.1688614769128188,5999
geneformer,S1_within_dataset__seed0.parquet,S1_within_dataset,10,4,LIHC_GSE140228_10X,NK,0.851129363449692,1013,0.1688614769128188,5999
geneformer,S1_within_dataset__seed0.parquet,S1_within_dataset,10,4,LIHC_GSE140228_10X,Plasma,0.9594272076372315,215,0.03583930655109185,5999
geneformer,S1_within_dataset__seed0.parquet,S1_within_dataset,10,4,LIHC_GSE140228_10X,Treg,0.7502088554720133,519,0.08651441906984497,5999
geneformer,S1_within_dataset__seed0.parquet,S1_within_dataset,10,4,LIHC_GSE98638,CD4_T,0.5495118549511855,493,0.5135416666666667,960
geneformer,S1_within_dataset__seed0.parquet,S1_within_dataset,10,4,LIHC_GSE98638,CD8_T,0.8018720748829953,329,0.34270833333333334,960
geneformer,S1_within_dataset__seed0.parquet,S1_within_dataset,10,4,LIHC_GSE98638,Treg,0.48128342245989303,138,0.14375,960
geneformer,S1_within_dataset__seed0.parquet,S1_within_dataset,10,4,NSCLC_GSE127465,B,0.8427762039660056,664,0.11066666666666666,6000
geneformer,S1_within_dataset__seed0.parquet,S1_within_dataset,10,4,NSCLC_GSE127465,CD4_T,0.8056951423785594,1261,0.21016666666666667,6000
geneformer,S1_within_dataset__seed0.parquet,S1_within_dataset,10,4,NSCLC_GSE127465,CD8_T,0.4646924829157175,247,0.041166666666666664,6000
geneformer,S1_within_dataset__seed0.parquet,S1_within_dataset,10,4,NSCLC_GSE127465,DC,0.5056,225,0.0375,6000
geneformer,S1_within_dataset__seed0.parquet,S1_within_dataset,10,4,NSCLC_GSE127465,Endothelial,0.9375,84,0.014,6000
geneformer,S1_within_dataset__seed0.parquet,S1_within_dataset,10,4,NSCLC_GSE127465,Fibroblast,0.950354609929078,143,0.023833333333333335,6000
geneformer,S1_within_dataset__seed0.parquet,S1_within_dataset,10,4,NSCLC_GSE127465,Malignant,0.8551136363636364,799,0.13316666666666666,6000
geneformer,S1_within_dataset__seed0.parquet,S1_within_dataset,10,4,NSCLC_GSE127465,Mast,0.9017857142857143,123,0.0205,6000
geneformer,S1_within_dataset__seed0.parquet,S1_within_dataset,10,4,NSCLC_GSE127465,Mono_Macro,0.8746281342966425,1261,0.21016666666666667,6000
geneformer,S1_within_dataset__seed0.parquet,S1_within_dataset,10,4,NSCLC_GSE127465,NK,0.7656477438136827,296,0.04933333333333333,6000
geneformer,S1_within_dataset__seed0.parquet,S1_within_dataset,10,4,NSCLC_GSE127465,Neutrophil,0.9390681003584229,669,0.1115,6000
geneformer,S1_within_dataset__seed0.parquet,S1_within_dataset,10,4,NSCLC_GSE127465,Plasma,0.9606986899563319,228,0.038,6000
geneformer,S1_within_dataset__seed0.parquet,S1_within_dataset,10,4,NSCLC_GSE131907,B,0.6713286713286714,617,0.10271350091559847,6007
geneformer,S1_within_dataset__seed0.parquet,S1_within_dataset,10,4,NSCLC_GSE131907,CD4_T,0.3277591973244147,617,0.10271350091559847,6007
geneformer,S1_within_dataset__seed0.parquet,S1_within_dataset,10,4,NSCLC_GSE131907,CD8_T,0.4337121212121212,617,0.10271350091559847,6007
geneformer,S1_within_dataset__seed0.parquet,S1_within_dataset,10,4,NSCLC_GSE131907,DC,0.567741935483871,617,0.10271350091559847,6007
geneformer,S1_within_dataset__seed0.parquet,S1_within_dataset,10,4,NSCLC_GSE131907,Endothelial,0.9776286353467561,454,0.07557849175961379,6007
geneformer,S1_within_dataset__seed0.parquet,S1_within_dataset,10,4,NSCLC_GSE131907,Epithelial,0.7652329749103942,617,0.10271350091559847,6007
geneformer,S1_within_dataset__seed0.parquet,S1_within_dataset,10,4,NSCLC_GSE131907,Fibroblast,0.9597370583401807,617,0.10271350091559847,6007
geneformer,S1_within_dataset__seed0.parquet,S1_within_dataset,10,4,NSCLC_GSE131907,Mast,0.9442131557035803,617,0.10271350091559847,6007
geneformer,S1_within_dataset__seed0.parquet,S1_within_dataset,10,4,NSCLC_GSE131907,Mono_Macro,0.4940530649588289,617,0.10271350091559847,6007
geneformer,S1_within_dataset__seed0.parquet,S1_within_dataset,10,4,NSCLC_GSE131907,Plasma,0.7606177606177607,617,0.10271350091559847,6007
geneformer,S1_within_dataset__seed0.parquet,S1_within_dataset,10,4,PAAD_GSE111672,CD8_T,0.6153846153846154,17,0.037527593818984545,453
geneformer,S1_within_dataset__seed0.parquet,S1_within_dataset,10,4,PAAD_GSE111672,Endothelial,0.9866666666666667,38,0.08388520971302428,453
geneformer,S1_within_dataset__seed0.parquet,S1_within_dataset,10,4,PAAD_GSE111672,Fibroblast,0.9411764705882353,8,0.017660044150110375,453
geneformer,S1_within_dataset__seed0.parquet,S1_within_dataset,10,4,PAAD_GSE111672,Malignant,0.9151414309484193,298,0.6578366445916115,453
geneformer,S1_within_dataset__seed0.parquet,S1_within_dataset,10,4,PAAD_GSE111672,Mast,0.36363636363636365,36,0.07947019867549669,453
geneformer,S1_within_dataset__seed0.parquet,S1_within_dataset,10,4,PAAD_GSE111672,Mono_Macro,0.95,42,0.09271523178807947,453
geneformer,S1_within_dataset__seed0.parquet,S1_within_dataset,10,4,PAAD_GSE111672,Neutrophil,0.6956521739130435,14,0.03090507726269316,453
geneformer,S1_within_dataset__seed0.parquet,S1_within_dataset,10,4,PAAD_GSE154778,CD8_T,0.35294117647058826,84,0.02810304449648712,2989
geneformer,S1_within_dataset__seed0.parquet,S1_within_dataset,10,4,PAAD_GSE154778,Epithelial,0.1968503937007874,214,0.07159585145533623,2989
geneformer,S1_within_dataset__seed0.parquet,S1_within_dataset,10,4,PAAD_GSE154778,Fibroblast,0.9288214702450408,443,0.1482101037136166,2989
geneformer,S1_within_dataset__seed0.parquet,S1_within_dataset,10,4,PAAD_GSE154778,Malignant,0.8869936034115139,1904,0.6370023419203747,2989
geneformer,S1_within_dataset__seed0.parquet,S1_within_dataset,10,4,PAAD_GSE154778,Mono_Macro,0.9676375404530745,315,0.1053864168618267,2989
geneformer,S1_within_dataset__seed0.parquet,S1_within_dataset,10,4,PAAD_GSE154778,Plasma,0.4489795918367347,29,0.009702241552358649,2989
geneformer,S1_within_dataset__seed0.parquet,S1_within_dataset,10,4,STAD_GSE134520,CD8_T,0.6602870813397129,275,0.21024464831804282,1308
geneformer,S1_within_dataset__seed0.parquet,S1_within_dataset,10,4,STAD_GSE134520,DC,0.2222222222222222,72,0.05504587155963303,1308
geneformer,S1_within_dataset__seed0.parquet,S1_within_dataset,10,4,STAD_GSE134520,Fibroblast,0.9636048526863085,299,0.22859327217125383,1308
geneformer,S1_within_dataset__seed0.parquet,S1_within_dataset,10,4,STAD_GSE134520,Malignant,0.14965986394557823,176,0.1345565749235474,1308
geneformer,S1_within_dataset__seed0.parquet,S1_within_dataset,10,4,STAD_GSE134520,Mast,0.6194690265486725,77,0.058868501529051986,1308
geneformer,S1_within_dataset__seed0.parquet,S1_within_dataset,10,4,STAD_GSE134520,Plasma,0.9592875318066157,409,0.31269113149847094,1308
geneformer,S1_within_dataset__seed0.parquet,S1_within_dataset,all,0,BRCA_GSE161529,B,0.8927973199329984,600,0.1,6000
geneformer,S1_within_dataset__seed0.parquet,S1_within_dataset,all,0,BRCA_GSE161529,CD4_T,0.69921875,600,0.1,6000
geneformer,S1_within_dataset__seed0.parquet,S1_within_dataset,all,0,BRCA_GSE161529,CD8_T,0.8085470085470086,600,0.1,6000
geneformer,S1_within_dataset__seed0.parquet,S1_within_dataset,all,0,BRCA_GSE161529,Endothelial,0.994142259414226,600,0.1,6000
geneformer,S1_within_dataset__seed0.parquet,S1_within_dataset,all,0,BRCA_GSE161529,Epithelial,0.9588138385502472,600,0.1,6000
geneformer,S1_within_dataset__seed0.parquet,S1_within_dataset,all,0,BRCA_GSE161529,Fibroblast,0.9933444259567388,600,0.1,6000
geneformer,S1_within_dataset__seed0.parquet,S1_within_dataset,all,0,BRCA_GSE161529,Malignant,0.9410788381742738,600,0.1,6000
geneformer,S1_within_dataset__seed0.parquet,S1_within_dataset,all,0,BRCA_GSE161529,Mono_Macro,0.9553264604810997,600,0.1,6000
geneformer,S1_within_dataset__seed0.parquet,S1_within_dataset,all,0,BRCA_GSE161529,NK,0.8092056421677802,600,0.1,6000
geneformer,S1_within_dataset__seed0.parquet,S1_within_dataset,all,0,BRCA_GSE161529,Plasma,0.92542101042502,600,0.1,6000
geneformer,S1_within_dataset__seed0.parquet,S1_within_dataset,all,0,BRCA_GSE176078,B,0.9181669394435352,623,0.10383333333333333,6000
geneformer,S1_within_dataset__seed0.parquet,S1_within_dataset,all,0,BRCA_GSE176078,CD4_T,0.7292370020256583,762,0.127,6000
geneformer,S1_within_dataset__seed0.parquet,S1_within_dataset,all,0,BRCA_GSE176078,CD8_T,0.7020038784744667,762,0.127,6000
geneformer,S1_within_dataset__seed0.parquet,S1_within_dataset,all,0,BRCA_GSE176078,DC,0.683982683982684,265,0.04416666666666667,6000
geneformer,S1_within_dataset__seed0.parquet,S1_within_dataset,all,0,BRCA_GSE176078,Endothelial,0.9902407286922577,762,0.127,6000
geneformer,S1_within_dataset__seed0.parquet,S1_within_dataset,all,0,BRCA_GSE176078,Fibroblast,0.991508817766166,762,0.127,6000
geneformer,S1_within_dataset__seed0.parquet,S1_within_dataset,all,0,BRCA_GSE176078,Malignant,0.964116452268111,762,0.127,6000
geneformer,S1_within_dataset__seed0.parquet,S1_within_dataset,all,0,BRCA_GSE176078,Mono_Macro,0.8427212874908558,762,0.127,6000
geneformer,S1_within_dataset__seed0.parquet,S1_within_dataset,all,0,BRCA_GSE176078,Plasma,0.9796672828096118,540,0.09,6000
geneformer,S1_within_dataset__seed0.parquet,S1_within_dataset,all,0,CHOL_GSE125449_aPD1aPDL1aCTLA4,B,0.8888888888888888,50,0.05636978579481398,887
geneformer,S1_within_dataset__seed0.parquet,S1_within_dataset,all,0,CHOL_GSE125449_aPD1aPDL1aCTLA4,CD4_T,0.853185595567867,163,0.18376550169109357,887
geneformer,S1_within_dataset__seed0.parquet,S1_within_dataset,all,0,CHOL_GSE125449_aPD1aPDL1aCTLA4,CD8_T,0.8091954022988506,251,0.2829763246899662,887
geneformer,S1_within_dataset__seed0.parquet,S1_within_dataset,all,0,CHOL_GSE125449_aPD1aPDL1aCTLA4,Endothelial,0.9917355371900827,60,0.06764374295377677,887
geneformer,S1_within_dataset__seed0.parquet,S1_within_dataset,all,0,CHOL_GSE125449_aPD1aPDL1aCTLA4,Fibroblast,0.9936305732484076,79,0.08906426155580609,887
geneformer,S1_within_dataset__seed0.parquet,S1_within_dataset,all,0,CHOL_GSE125449_aPD1aPDL1aCTLA4,Malignant,0.9562289562289562,155,0.17474633596392333,887
geneformer,S1_within_dataset__seed0.parquet,S1_within_dataset,all,0,CHOL_GSE125449_aPD1aPDL1aCTLA4,Mono_Macro,0.6324786324786325,80,0.09019165727170236,887
geneformer,S1_within_dataset__seed0.parquet,S1_within_dataset,all,0,CHOL_GSE125449_aPD1aPDL1aCTLA4,Plasma,0.9514563106796117,49,0.0552423900789177,887
geneformer,S1_within_dataset__seed0.parquet,S1_within_dataset,all,0,CRC_GSE108989,CD4_T,0.9062034739454095,1049,0.4803113553113553,2184
geneformer,S1_within_dataset__seed0.parquet,S1_within_dataset,all,0,CRC_GSE108989,CD8_T,0.9411764705882353,791,0.36217948717948717,2184
geneformer,S1_within_dataset__seed0.parquet,S1_within_dataset,all,0,CRC_GSE108989,Treg,0.8726790450928382,344,0.1575091575091575,2184
geneformer,S1_within_dataset__seed0.parquet,S1_within_dataset,all,0,CRC_GSE146771_10X,B,0.9927007299270073,962,0.16033333333333333,6000
geneformer,S1_within_dataset__seed0.parquet,S1_within_dataset,all,0,CRC_GSE146771_10X,CD4_T,0.9513292433537832,1222,0.20366666666666666,6000
geneformer,S1_within_dataset__seed0.parquet,S1_within_dataset,all,0,CRC_GSE146771_10X,CD8_T,0.8985386221294364,1222,0.20366666666666666,6000
geneformer,S1_within_dataset__seed0.parquet,S1_within_dataset,all,0,CRC_GSE146771_10X,Mast,0.9723756906077348,89,0.014833333333333334,6000
geneformer,S1_within_dataset__seed0.parquet,S1_within_dataset,all,0,CRC_GSE146771_10X,Mono_Macro,0.9959083469721768,1222,0.20366666666666666,6000
geneformer,S1_within_dataset__seed0.parquet,S1_within_dataset,all,0,CRC_GSE146771_10X,NK,0.7876712328767124,267,0.0445,6000
geneformer,S1_within_dataset__seed0.parquet,S1_within_dataset,all,0,CRC_GSE146771_10X,Plasma,0.9980314960629921,1016,0.16933333333333334,6000
geneformer,S1_within_dataset__seed0.parquet,S1_within_dataset,all,0,HNSC_GSE103322,CD4_T,0.6666666666666666,84,0.07142857142857142,1176
geneformer,S1_within_dataset__seed0.parquet,S1_within_dataset,all,0,HNSC_GSE103322,CD8_T,0.8579387186629527,179,0.1522108843537415,1176
geneformer,S1_within_dataset__seed0.parquet,S1_within_dataset,all,0,HNSC_GSE103322,Endothelial,0.9814814814814815,54,0.04591836734693878,1176
geneformer,S1_within_dataset__seed0.parquet,S1_within_dataset,all,0,HNSC_GSE103322,Fibroblast,0.9948186528497409,291,0.24744897959183673,1176
geneformer,S1_within_dataset__seed0.parquet,S1_within_dataset,all,0,HNSC_GSE103322,Malignant,0.994994994994995,497,0.4226190476190476,1176
geneformer,S1_within_dataset__seed0.parquet,S1_within_dataset,all,0,HNSC_GSE103322,Mast,0.9361702127659575,25,0.021258503401360544,1176
geneformer,S1_within_dataset__seed0.parquet,S1_within_dataset,all,0,HNSC_GSE103322,Mono_Macro,0.85,17,0.01445578231292517,1176
geneformer,S1_within_dataset__seed0.parquet,S1_within_dataset,all,0,HNSC_GSE103322,Plasma,0.8620689655172413,29,0.02465986394557823,1176
geneformer,S1_within_dataset__seed0.parquet,S1_within_dataset,all,0,LIHC_GSE140228_10X,B,0.9831748354059985,676,0.11268544757459577,5999
geneformer,S1_within_dataset__seed0.parquet,S1_within_dataset,all,0,LIHC_GSE140228_10X,CD4_T,0.906265664160401,1013,0.1688614769128188,5999
geneformer,S1_within_dataset__seed0.parquet,S1_within_dataset,all,0,LIHC_GSE140228_10X,CD8_T,0.7971876690102758,1013,0.1688614769128188,5999
geneformer,S1_within_dataset__seed0.parquet,S1_within_dataset,all,0,LIHC_GSE140228_10X,DC,0.8741188318227593,454,0.07567927987998,5999
geneformer,S1_within_dataset__seed0.parquet,S1_within_dataset,all,0,LIHC_GSE140228_10X,Mast,0.8679245283018868,83,0.013835639273212201,5999
geneformer,S1_within_dataset__seed0.parquet,S1_within_dataset,all,0,LIHC_GSE140228_10X,Mono_Macro,0.9370485036119711,1013,0.1688614769128188,5999
geneformer,S1_within_dataset__seed0.parquet,S1_within_dataset,all,0,LIHC_GSE140228_10X,NK,0.9031061659712564,1013,0.1688614769128188,5999
geneformer,S1_within_dataset__seed0.parquet,S1_within_dataset,all,0,LIHC_GSE140228_10X,Plasma,0.9906103286384976,215,0.03583930655109185,5999
geneformer,S1_within_dataset__seed0.parquet,S1_within_dataset,all,0,LIHC_GSE140228_10X,Treg,0.9166666666666666,519,0.08651441906984497,5999
geneformer,S1_within_dataset__seed0.parquet,S1_within_dataset,all,0,LIHC_GSE98638,CD4_T,0.8771551724137931,493,0.5135416666666667,960
geneformer,S1_within_dataset__seed0.parquet,S1_within_dataset,all,0,LIHC_GSE98638,CD8_T,0.8791848617176128,329,0.34270833333333334,960
geneformer,S1_within_dataset__seed0.parquet,S1_within_dataset,all,0,LIHC_GSE98638,Treg,0.8852459016393442,138,0.14375,960
geneformer,S1_within_dataset__seed0.parquet,S1_within_dataset,all,0,NSCLC_GSE127465,B,0.9406528189910979,664,0.11066666666666666,6000
geneformer,S1_within_dataset__seed0.parquet,S1_within_dataset,all,0,NSCLC_GSE127465,CD4_T,0.9100903023164507,1261,0.21016666666666667,6000
geneformer,S1_within_dataset__seed0.parquet,S1_within_dataset,all,0,NSCLC_GSE127465,CD8_T,0.47117794486215536,247,0.041166666666666664,6000
geneformer,S1_within_dataset__seed0.parquet,S1_within_dataset,all,0,NSCLC_GSE127465,DC,0.6527514231499051,225,0.0375,6000
geneformer,S1_within_dataset__seed0.parquet,S1_within_dataset,all,0,NSCLC_GSE127465,Endothelial,0.963855421686747,84,0.014,6000
geneformer,S1_within_dataset__seed0.parquet,S1_within_dataset,all,0,NSCLC_GSE127465,Fibroblast,0.9616724738675958,143,0.023833333333333335,6000
geneformer,S1_within_dataset__seed0.parquet,S1_within_dataset,all,0,NSCLC_GSE127465,Malignant,0.9707379134860051,799,0.13316666666666666,6000
geneformer,S1_within_dataset__seed0.parquet,S1_within_dataset,all,0,NSCLC_GSE127465,Mast,0.9142857142857143,123,0.0205,6000
geneformer,S1_within_dataset__seed0.parquet,S1_within_dataset,all,0,NSCLC_GSE127465,Mono_Macro,0.9318089015924867,1261,0.21016666666666667,6000
geneformer,S1_within_dataset__seed0.parquet,S1_within_dataset,all,0,NSCLC_GSE127465,NK,0.8868217054263566,296,0.04933333333333333,6000
geneformer,S1_within_dataset__seed0.parquet,S1_within_dataset,all,0,NSCLC_GSE127465,Neutrophil,0.9734904270986745,669,0.1115,6000
geneformer,S1_within_dataset__seed0.parquet,S1_within_dataset,all,0,NSCLC_GSE127465,Plasma,0.9778761061946902,228,0.038,6000
geneformer,S1_within_dataset__seed0.parquet,S1_within_dataset,all,0,NSCLC_GSE131907,B,0.7555898226676947,617,0.10271350091559847,6007
geneformer,S1_within_dataset__seed0.parquet,S1_within_dataset,all,0,NSCLC_GSE131907,CD4_T,0.6295025728987993,617,0.10271350091559847,6007
geneformer,S1_within_dataset__seed0.parquet,S1_within_dataset,all,0,NSCLC_GSE131907,CD8_T,0.6816292601828762,617,0.10271350091559847,6007
geneformer,S1_within_dataset__seed0.parquet,S1_within_dataset,all,0,NSCLC_GSE131907,DC,0.7970695970695971,617,0.10271350091559847,6007
geneformer,S1_within_dataset__seed0.parquet,S1_within_dataset,all,0,NSCLC_GSE131907,Endothelial,0.9900332225913622,454,0.07557849175961379,6007
geneformer,S1_within_dataset__seed0.parquet,S1_within_dataset,all,0,NSCLC_GSE131907,Epithelial,0.9689542483660131,617,0.10271350091559847,6007
geneformer,S1_within_dataset__seed0.parquet,S1_within_dataset,all,0,NSCLC_GSE131907,Fibroblast,0.9918433931484503,617,0.10271350091559847,6007
geneformer,S1_within_dataset__seed0.parquet,S1_within_dataset,all,0,NSCLC_GSE131907,Mast,0.9453376205787781,617,0.10271350091559847,6007
geneformer,S1_within_dataset__seed0.parquet,S1_within_dataset,all,0,NSCLC_GSE131907,Mono_Macro,0.7831541218637993,617,0.10271350091559847,6007
geneformer,S1_within_dataset__seed0.parquet,S1_within_dataset,all,0,NSCLC_GSE131907,Plasma,0.9450915141430949,617,0.10271350091559847,6007
geneformer,S1_within_dataset__seed0.parquet,S1_within_dataset,all,0,PAAD_GSE111672,CD8_T,0.6923076923076923,17,0.037527593818984545,453
geneformer,S1_within_dataset__seed0.parquet,S1_within_dataset,all,0,PAAD_GSE111672,Endothelial,0.9736842105263158,38,0.08388520971302428,453
geneformer,S1_within_dataset__seed0.parquet,S1_within_dataset,all,0,PAAD_GSE111672,Fibroblast,0.9333333333333333,8,0.017660044150110375,453
geneformer,S1_within_dataset__seed0.parquet,S1_within_dataset,all,0,PAAD_GSE111672,Malignant,0.9748743718592965,298,0.6578366445916115,453
geneformer,S1_within_dataset__seed0.parquet,S1_within_dataset,all,0,PAAD_GSE111672,Mast,0.9142857142857143,36,0.07947019867549669,453
geneformer,S1_within_dataset__seed0.parquet,S1_within_dataset,all,0,PAAD_GSE111672,Mono_Macro,0.9367088607594937,42,0.09271523178807947,453
geneformer,S1_within_dataset__seed0.parquet,S1_within_dataset,all,0,PAAD_GSE111672,Neutrophil,0.7857142857142857,14,0.03090507726269316,453
geneformer,S1_within_dataset__seed0.parquet,S1_within_dataset,all,0,PAAD_GSE154778,CD8_T,0.7218045112781954,84,0.02810304449648712,2989
geneformer,S1_within_dataset__seed0.parquet,S1_within_dataset,all,0,PAAD_GSE154778,Epithelial,0.7789934354485777,214,0.07159585145533623,2989
geneformer,S1_within_dataset__seed0.parquet,S1_within_dataset,all,0,PAAD_GSE154778,Fibroblast,0.9830124575311439,443,0.1482101037136166,2989
geneformer,S1_within_dataset__seed0.parquet,S1_within_dataset,all,0,PAAD_GSE154778,Malignant,0.9690230341540905,1904,0.6370023419203747,2989
geneformer,S1_within_dataset__seed0.parquet,S1_within_dataset,all,0,PAAD_GSE154778,Mono_Macro,0.9776357827476039,315,0.1053864168618267,2989
geneformer,S1_within_dataset__seed0.parquet,S1_within_dataset,all,0,PAAD_GSE154778,Plasma,0.45161290322580644,29,0.009702241552358649,2989
geneformer,S1_within_dataset__seed0.parquet,S1_within_dataset,all,0,STAD_GSE134520,CD8_T,0.939622641509434,275,0.21024464831804282,1308
geneformer,S1_within_dataset__seed0.parquet,S1_within_dataset,all,0,STAD_GSE134520,DC,0.8769230769230769,72,0.05504587155963303,1308
geneformer,S1_within_dataset__seed0.parquet,S1_within_dataset,all,0,STAD_GSE134520,Fibroblast,0.9866220735785953,299,0.22859327217125383,1308
geneformer,S1_within_dataset__seed0.parquet,S1_within_dataset,all,0,STAD_GSE134520,Malignant,0.9504373177842566,176,0.1345565749235474,1308
geneformer,S1_within_dataset__seed0.parquet,S1_within_dataset,all,0,STAD_GSE134520,Mast,0.788235294117647,77,0.058868501529051986,1308
geneformer,S1_within_dataset__seed0.parquet,S1_within_dataset,all,0,STAD_GSE134520,Plasma,0.9914529914529915,409,0.31269113149847094,1308
