representation,scheme,budget,nominal,variant,score,coverage,coverage_gap,mean_set_size,empty_rate,singleton_rate,n_datasets
geneformer,S1_within_dataset,10,0.8,marginal,aps,0.8164052965901865,-0.01640529659018642,3.8689883146124564,0.12609951989121831,0.14790713021899093,13
geneformer,S1_within_dataset,10,0.8,marginal,inverse_softmax,0.7877858556028278,0.012214144397172284,1.232251652336983,0.0061342100864727606,0.776212550485231,13
geneformer,S1_within_dataset,10,0.8,mondrian,aps,0.801198560723937,-0.0011985607239369752,4.6164187256769775,0.051953733826287686,0.10253080743152553,13
geneformer,S1_within_dataset,10,0.8,mondrian,inverse_softmax,0.7895061801619978,0.010493819838002195,1.256185770445093,0.0393418663778861,0.681944220826073,13
geneformer,S1_within_dataset,10,0.9,marginal,aps,0.9111339072754383,-0.011133907275438244,5.887948051969359,0.05822740505961333,0.0762427909227304,13
geneformer,S1_within_dataset,10,0.9,marginal,inverse_softmax,0.8900667227035979,0.009933277296402164,1.9557773870141195,3.014201590661473e-05,0.42326941160975023,13
geneformer,S1_within_dataset,10,0.9,mondrian,aps,0.9005967870311561,-0.0005967870311560546,6.061667822295738,0.0212312574817893,0.0639578796099063,13
geneformer,S1_within_dataset,10,0.9,mondrian,inverse_softmax,0.8936442883610798,0.006355711638920246,1.8800871124078713,0.0021826804082069034,0.4119547334946597,13
geneformer,S1_within_dataset,10,0.95,marginal,aps,0.9637915979069113,-0.013791597906911292,8.524220153355335,0.02128724298710722,0.029963385822414666,13
geneformer,S1_within_dataset,10,0.95,marginal,inverse_softmax,0.9414640729266259,0.008535927073373969,3.208491561544979,0.0,0.21203337047680615,13
geneformer,S1_within_dataset,10,0.95,mondrian,aps,0.9511500478995417,-0.0011500478995417848,7.310886953906368,0.00895809924211834,0.03738015438431252,13
geneformer,S1_within_dataset,10,0.95,mondrian,inverse_softmax,0.94593597326798,0.004064026732019922,2.980371073359239,4.872849992703302e-05,0.18177559319508063,13
geneformer,S1_within_dataset,100,0.8,marginal,aps,0.8249859932381505,-0.024985993238150404,3.275641538615403,0.1468076264452266,0.16000301075313253,13
geneformer,S1_within_dataset,100,0.8,marginal,inverse_softmax,0.7852841739556032,0.014715826044396878,0.9374113356633571,0.06618379464082902,0.930221075054985,13
geneformer,S1_within_dataset,100,0.8,mondrian,aps,0.8025470333734295,-0.0025470333734293627,3.8336373764983076,0.08421620387334136,0.1451372701221545,13
geneformer,S1_within_dataset,100,0.8,mondrian,inverse_softmax,0.7845620612456776,0.015437938754322447,0.9692989835767286,0.0965535086125806,0.8375939991981103,13
geneformer,S1_within_dataset,100,0.9,marginal,aps,0.9177286771162299,-0.017728677116229823,5.128764796615902,0.07036899316561153,0.08215268126445308,13
geneformer,S1_within_dataset,100,0.9,marginal,inverse_softmax,0.8931488245412892,0.0068511754587107804,1.2446167231551615,0.000562797113923562,0.7654873787263513,13
geneformer,S1_within_dataset,100,0.9,mondrian,aps,0.8994546980835554,0.0005453019164445787,4.922740298806456,0.042054509800945085,0.10413855528293145,13
geneformer,S1_within_dataset,100,0.9,mondrian,inverse_softmax,0.8949500178307385,0.0050499821692615975,1.2684971608913023,0.012728551273986964,0.7185399428674111,13
geneformer,S1_within_dataset,100,0.95,marginal,aps,0.9602023454333033,-0.010202345433303357,6.728437778740992,0.034230305744850024,0.04329270613469363,13
geneformer,S1_within_dataset,100,0.95,marginal,inverse_softmax,0.9475695933679594,0.0024304066320405622,1.657017364532646,0.0,0.5048524976985601,13
geneformer,S1_within_dataset,100,0.95,mondrian,aps,0.9486884855425136,0.0013115144574862797,5.875306474910783,0.021089784381091988,0.07779316051532797,13
geneformer,S1_within_dataset,100,0.95,mondrian,inverse_softmax,0.9476134373026485,0.0023865626973514514,1.664693663349713,0.00031931768772432606,0.49213177545470843,13
geneformer,S1_within_dataset,all,0.8,marginal,aps,0.8019885350805372,-0.001988535080537156,2.1680072261712136,0.18058923995023143,0.2909710759681055,13
geneformer,S1_within_dataset,all,0.8,marginal,inverse_softmax,0.8136607107492672,-0.01366071074926707,0.843073827427838,0.15692617257216204,0.843073827427838,13
geneformer,S1_within_dataset,all,0.8,mondrian,aps,0.7885907378950316,0.011409262104968409,2.208326702870634,0.15195554821983798,0.3235829303780938,13
geneformer,S1_within_dataset,all,0.8,mondrian,inverse_softmax,0.7962712169879276,0.0037287830120724228,0.8464951975879234,0.1535048024120766,0.8464951975879234,13
geneformer,S1_within_dataset,all,0.9,marginal,aps,0.9063367633296522,-0.006336763329652199,3.5079793117628717,0.0871932445717519,0.17601487008907415,13
geneformer,S1_within_dataset,all,0.9,marginal,inverse_softmax,0.9061656433794217,-0.006165643379421679,0.9790897031627814,0.020910296837218616,0.9790897031627814,13
geneformer,S1_within_dataset,all,0.9,mondrian,aps,0.8882825075298302,0.011717492470169786,3.1911057968102674,0.07356716035108692,0.2439921493317087,13
geneformer,S1_within_dataset,all,0.9,mondrian,inverse_softmax,0.8956525436970701,0.0043474563029298205,1.0029745801077738,0.04339906034340261,0.9102401197182413,13
geneformer,S1_within_dataset,all,0.95,marginal,aps,0.9559649048336983,-0.005964904833698375,4.797604961044747,0.041934647797773304,0.09361941241148551,13
geneformer,S1_within_dataset,all,0.95,marginal,inverse_softmax,0.9528968274706149,-0.0028968274706148616,1.1078881401315466,7.692735113971987e-06,0.8938200758425526,13
geneformer,S1_within_dataset,all,0.95,mondrian,aps,0.9410441203801483,0.008955879619851646,4.075997582622237,0.033676969979521736,0.17484753372100112,13
geneformer,S1_within_dataset,all,0.95,mondrian,inverse_softmax,0.9487331458105304,0.0012668541894696888,1.1516275222451902,0.008266936734647044,0.8393015759375404,13
geneformer,S2_leave_donor_out,10,0.8,marginal,aps,0.8002813033877252,-0.0002813033877252481,3.662126199053454,0.13258535535403176,0.149877697974246,13
geneformer,S2_leave_donor_out,10,0.8,marginal,inverse_softmax,0.7776536471420358,0.022346352857964182,1.3338511205693517,0.009839092963908551,0.6971590610910557,13
geneformer,S2_leave_donor_out,10,0.8,mondrian,aps,0.7916158780258853,0.008384121974114679,4.033398487986404,0.07246191094753694,0.15794693502094087,13
geneformer,S2_leave_donor_out,10,0.8,mondrian,inverse_softmax,0.7735811450355918,0.026418854964408288,1.324104300726734,0.04310236508151731,0.6296311992469883,13
geneformer,S2_leave_donor_out,10,0.9,marginal,aps,0.8947812964489844,0.005218703551015678,5.302949839384971,0.06909671565885303,0.0783216722314861,13
geneformer,S2_leave_donor_out,10,0.9,marginal,inverse_softmax,0.8845941697865218,0.015405830213478291,1.9763013208522584,3.1599947648091055e-05,0.3952918008132975,13
geneformer,S2_leave_donor_out,10,0.9,mondrian,aps,0.8872863565274921,0.012713643472507972,5.242423839750767,0.030963106117324765,0.10176218213066902,13
geneformer,S2_leave_donor_out,10,0.9,mondrian,inverse_softmax,0.8799513245135067,0.02004867548649338,1.9950490148808522,0.0027226444468224638,0.3679181221374753,13
geneformer,S2_leave_donor_out,10,0.95,marginal,aps,0.9420366143879969,0.007963385612003129,6.809531448856584,0.0367751646404703,0.03979035637519276,13
geneformer,S2_leave_donor_out,10,0.95,marginal,inverse_softmax,0.9375881289421633,0.012411871057836699,2.957644340439392,0.0,0.22264375218828708,13
geneformer,S2_leave_donor_out,10,0.95,mondrian,aps,0.937620608069211,0.012379391930789036,6.375675834674055,0.013556387385895052,0.06238192514005696,13
geneformer,S2_leave_donor_out,10,0.95,mondrian,inverse_softmax,0.9352330924711165,0.014766907528883473,2.919816801588427,0.00013737757479873085,0.19585689761397188,13
geneformer,S2_leave_donor_out,100,0.8,marginal,aps,0.8216664874208638,-0.021666487420863766,4.274952379042303,0.14733243566266702,0.14420391710606614,13
geneformer,S2_leave_donor_out,100,0.8,marginal,inverse_softmax,0.7964805641576498,0.0035194358423503375,1.0433475179323446,0.017822805962634428,0.9214477480884008,13
geneformer,S2_leave_donor_out,100,0.8,mondrian,aps,0.8161515605641727,-0.016151560564172697,4.641791748711056,0.08312312408552644,0.14512060258889767,13
geneformer,S2_leave_donor_out,100,0.8,mondrian,inverse_softmax,0.7812480411627638,0.018751958837236196,1.0455872566072828,0.06945524977785202,0.8177560377247942,13
geneformer,S2_leave_donor_out,100,0.9,marginal,aps,0.908051707049315,-0.00805170704931512,5.838850050430645,0.07806668683035894,0.08214687636282568,13
geneformer,S2_leave_donor_out,100,0.9,marginal,inverse_softmax,0.8957345389832169,0.004265461016783193,1.408734267558759,7.537088514405802e-05,0.6592898058053198,13
geneformer,S2_leave_donor_out,100,0.9,mondrian,aps,0.9044950793295023,-0.004495079329502242,5.712749443861629,0.04054949563604367,0.10522446184902476,13
geneformer,S2_leave_donor_out,100,0.9,mondrian,inverse_softmax,0.8899741658888665,0.010025834111133506,1.4793510592225851,0.008779411415571316,0.5839297265023876,13
geneformer,S2_leave_donor_out,100,0.95,marginal,aps,0.9519373805689868,-0.0019373805689868186,7.195768726331613,0.040921102075241314,0.04902191545197065,13
geneformer,S2_leave_donor_out,100,0.95,marginal,inverse_softmax,0.950604153648576,-0.0006041536485760043,2.3847807228025326,0.0,0.4246283827355925,13
geneformer,S2_leave_donor_out,100,0.95,mondrian,aps,0.948922105353664,0.0010778946463360678,6.603210724802297,0.020364282802997638,0.07419874490954681,13
geneformer,S2_leave_donor_out,100,0.95,mondrian,inverse_softmax,0.9447157313449164,0.005284268655083547,2.2157595435729314,0.0003182143154491642,0.33065266950126454,13
geneformer,S2_leave_donor_out,all,0.8,marginal,aps,0.7613860775990425,0.03861392240095751,2.0571734210334625,0.20657578332113707,0.28866170998968876,13
geneformer,S2_leave_donor_out,all,0.8,marginal,inverse_softmax,0.8101696425924878,-0.010169642592487708,0.8853136151245512,0.11468638487544876,0.8853136151245512,13
geneformer,S2_leave_donor_out,all,0.8,mondrian,aps,0.7676686716429695,0.03233132835703052,2.293054263859757,0.14865298427185286,0.30491058117207276,13
geneformer,S2_leave_donor_out,all,0.8,mondrian,inverse_softmax,0.7887561418138009,0.01124385818619908,0.8913465268190255,0.11507431205968263,0.8785048490616093,13
geneformer,S2_leave_donor_out,all,0.9,marginal,aps,0.8917218590109753,0.00827814098902469,3.4161937313936597,0.09628126504089973,0.18469324882101507,13
geneformer,S2_leave_donor_out,all,0.9,marginal,inverse_softmax,0.9007680242021353,-0.0007680242021352718,1.0630115258858226,0.001640681106640998,0.9337115506243185,13
geneformer,S2_leave_donor_out,all,0.9,mondrian,aps,0.8698554224816556,0.030144577518344432,3.165078851588549,0.07666927257155186,0.22724367679133414,13
geneformer,S2_leave_donor_out,all,0.9,mondrian,inverse_softmax,0.88828600821688,0.01171399178311998,1.0938477609776933,0.02457698183423083,0.8585902019013871,13
geneformer,S2_leave_donor_out,all,0.95,marginal,aps,0.9505569250779858,-0.0005569250779858801,4.735784931763175,0.04557029763729673,0.09959666595988488,13
geneformer,S2_leave_donor_out,all,0.95,marginal,inverse_softmax,0.9488355694856586,0.0011644305143413529,1.242400592558594,0.0,0.774043771609998,13
geneformer,S2_leave_donor_out,all,0.95,mondrian,aps,0.9243995644280394,0.025600435571960643,3.9580340694776392,0.039462366604075844,0.16854049721901385,13
geneformer,S2_leave_donor_out,all,0.95,mondrian,inverse_softmax,0.942849560081632,0.007150439918368035,1.300711969512299,0.004659973201969134,0.7203624957679897,13
geneformer,S3_leave_dataset_out,10,0.8,marginal,aps,0.8028645552128318,-0.0028645552128318615,4.662520040016338,0.10488105544594926,0.10393975358432951,13
geneformer,S3_leave_dataset_out,10,0.8,marginal,inverse_softmax,0.7725858205039793,0.02741417949602085,2.0316502195381165,0.0013390661375410548,0.4377415704384101,13
geneformer,S3_leave_dataset_out,10,0.8,mondrian,aps,0.7716227074320994,0.02837729256790062,6.033859750587108,0.007744072421348118,0.025885132691400727,13
geneformer,S3_leave_dataset_out,10,0.8,mondrian,inverse_softmax,0.7340551926492076,0.06594480735079247,3.844090723529765,0.0013583646317065394,0.04270546439491788,13
geneformer,S3_leave_dataset_out,10,0.9,marginal,aps,0.8988285736757609,0.0011714263242392023,6.708375340066121,0.05011234933011644,0.051814391137809834,13
geneformer,S3_leave_dataset_out,10,0.9,marginal,inverse_softmax,0.8759675143418861,0.02403248565811387,3.635710419156105,1.3047067791717373e-05,0.21084405361292785,13
geneformer,S3_leave_dataset_out,10,0.9,mondrian,aps,0.8585029081742754,0.04149709182572455,7.081333957660065,0.004679476732608304,0.014061960209040388,13
geneformer,S3_leave_dataset_out,10,0.9,mondrian,inverse_softmax,0.8273199759271168,0.0726800240728832,4.5763799547442465,6.041367148463227e-05,0.026064599648087543,13
geneformer,S3_leave_dataset_out,10,0.95,marginal,aps,0.9477638168633521,0.002236183136647903,8.475286817609168,0.023012063021268035,0.0245966412265825,13
geneformer,S3_leave_dataset_out,10,0.95,marginal,inverse_softmax,0.9331264688212252,0.016873531178774683,5.724800304598238,5.1282051282051286e-08,0.10382171120658196,13
geneformer,S3_leave_dataset_out,10,0.95,mondrian,aps,0.908845214028534,0.04115478597146596,8.016874790533398,0.0026190615857237688,0.007713089908501509,13
geneformer,S3_leave_dataset_out,10,0.95,mondrian,inverse_softmax,0.8878288530022432,0.062171146997756645,5.420963120388278,1.412944930471335e-06,0.015579147189156095,13
geneformer,S3_leave_dataset_out,100,0.8,marginal,aps,0.8263638724016169,-0.026363872401616913,5.009902429782841,0.09839235910257631,0.1185114269576401,13
geneformer,S3_leave_dataset_out,100,0.8,marginal,inverse_softmax,0.7836833608449465,0.016316639155053513,1.8480408636060126,0.0009738524965825693,0.5543787874899508,13
geneformer,S3_leave_dataset_out,100,0.8,mondrian,aps,0.7877081887775513,0.012291811222448724,6.258154992569546,0.007913702937296038,0.02397549154288808,13
geneformer,S3_leave_dataset_out,100,0.8,mondrian,inverse_softmax,0.7607925121656294,0.039207487834370655,3.8976033608490237,0.0024607917016911994,0.0502157691877072,13
geneformer,S3_leave_dataset_out,100,0.9,marginal,aps,0.9146949490938207,-0.014694949093820615,7.166983867555923,0.04448654536886855,0.05636563719592988,13
geneformer,S3_leave_dataset_out,100,0.9,marginal,inverse_softmax,0.8821221716904895,0.017877828309510513,3.6356975462347116,5.180798078394894e-06,0.26055029710107164,13
geneformer,S3_leave_dataset_out,100,0.9,mondrian,aps,0.8671538222062112,0.03284617779378883,7.24806596904574,0.005085295194317939,0.0148124015511114,13
geneformer,S3_leave_dataset_out,100,0.9,mondrian,inverse_softmax,0.8432774179065642,0.05672258209343585,4.599445504676772,0.00010954909784946076,0.03177029710911641,13
geneformer,S3_leave_dataset_out,100,0.95,marginal,aps,0.9539822896976211,-0.003982289697621152,8.66592704950407,0.02079425174595954,0.02750002575607949,13
geneformer,S3_leave_dataset_out,100,0.95,marginal,inverse_softmax,0.9336365228699054,0.016363477130094596,5.728153607120836,0.0,0.1218060266322854,13
geneformer,S3_leave_dataset_out,100,0.95,mondrian,aps,0.9139872518517465,0.03601274814825353,8.14439717515679,0.003152231916194889,0.009260552904246756,13
geneformer,S3_leave_dataset_out,100,0.95,mondrian,inverse_softmax,0.8982214020488807,0.05177859795111928,5.435747313075425,0.0,0.018191422692991434,13
geneformer,S3_leave_dataset_out,all,0.8,marginal,aps,0.7761414981278176,0.023858501872182438,3.2039857872209843,0.1092323532707385,0.1899843420595239,13
geneformer,S3_leave_dataset_out,all,0.8,marginal,inverse_softmax,0.740032117395714,0.05996788260428602,1.5167414340257304,0.0025384201224544494,0.6212588569010202,13
geneformer,S3_leave_dataset_out,all,0.8,mondrian,aps,0.7421138549585933,0.0578861450414068,5.219954135300889,0.0026982134470466147,0.016854923492045856,13
geneformer,S3_leave_dataset_out,all,0.8,mondrian,inverse_softmax,0.7350391491664581,0.06496085083354189,3.9594134467515314,0.0009351041483447403,0.03814414135026899,13
geneformer,S3_leave_dataset_out,all,0.9,marginal,aps,0.8826833548892593,0.017316645110740728,5.2257470199086065,0.04966492935458578,0.09304434996503962,13
geneformer,S3_leave_dataset_out,all,0.9,marginal,inverse_softmax,0.8410866367388524,0.05891336326114765,2.7028114177345612,0.0,0.29498648586904025,13
geneformer,S3_leave_dataset_out,all,0.9,mondrian,aps,0.8273867717703751,0.07261322822962493,6.1522224765393805,0.0011630929551965494,0.009558380048205346,13
geneformer,S3_leave_dataset_out,all,0.9,mondrian,inverse_softmax,0.8134903388430395,0.08650966115696053,4.565080295093168,8.00438738119312e-05,0.020687546132978015,13
geneformer,S3_leave_dataset_out,all,0.95,marginal,aps,0.9375767277914598,0.012423272208540108,7.534854961053127,0.01924326445260886,0.04566603031093362,13
geneformer,S3_leave_dataset_out,all,0.95,marginal,inverse_softmax,0.8963883555935335,0.05361164440646638,4.583192874451391,0.0,0.1513270316550837,13
geneformer,S3_leave_dataset_out,all,0.95,mondrian,aps,0.8853765317302204,0.0646234682697796,7.0338713750048365,0.0004351153452522953,0.003947024056744005,13
geneformer,S3_leave_dataset_out,all,0.95,mondrian,inverse_softmax,0.8663399373094898,0.08366006269051025,5.1387422602757855,0.0,0.010284176687928616,13
harmony,S1_within_dataset,10,0.8,marginal,aps,0.7968360296911414,0.0031639703088586902,3.3119825053275602,0.03769342300213803,0.05248951709288878,13
harmony,S1_within_dataset,10,0.8,marginal,inverse_softmax,0.7893092829717635,0.010690717028236542,2.3178588821698436,0.0014725330630322273,0.24229280145976573,13
harmony,S1_within_dataset,10,0.8,mondrian,aps,0.7994278526486489,0.0005721473513511302,3.2614659219836577,0.032521870823188324,0.09435521193770448,13
harmony,S1_within_dataset,10,0.8,mondrian,inverse_softmax,0.7966320082969701,0.003367991703029999,2.08114508267266,0.008268340033793158,0.2701777988519111,13
harmony,S1_within_dataset,10,0.9,marginal,aps,0.8979804479354468,0.002019552064553126,5.663747358613477,0.010851813906590572,0.009831985706192157,13
harmony,S1_within_dataset,10,0.9,marginal,inverse_softmax,0.8957191665668511,0.004280833433148958,4.646133883850329,0.0,0.056480272111613626,13
harmony,S1_within_dataset,10,0.9,mondrian,aps,0.8977851301508696,0.0022148698491304694,5.03724167246039,0.00740048514239531,0.015421355905651638,13
harmony,S1_within_dataset,10,0.9,mondrian,inverse_softmax,0.8976908921075657,0.002309107892434271,3.7481182073683956,6.16105406080044e-06,0.056142032692931707,13
harmony,S1_within_dataset,10,0.95,marginal,aps,0.9489160128945598,0.0010839871054400857,8.331663599632499,0.00273434926665656,0.0026679618392697136,13
harmony,S1_within_dataset,10,0.95,marginal,inverse_softmax,0.9483711486739854,0.001628851326014608,7.674036291569927,0.0,0.016275658824004655,13
harmony,S1_within_dataset,10,0.95,mondrian,aps,0.9490323100991481,0.000967689900851848,7.185897884321174,0.0014056907984714637,0.0032649096645798637,13
harmony,S1_within_dataset,10,0.95,mondrian,inverse_softmax,0.9487905424357511,0.0012094575642488615,6.0981955277780315,0.0,0.015456242786199243,13
harmony,S1_within_dataset,100,0.8,marginal,aps,0.8112771884875366,-0.011277188487536572,3.4336344208005722,0.1282566821625293,0.09182194980866126,13
harmony,S1_within_dataset,100,0.8,marginal,inverse_softmax,0.7818675450972598,0.01813245490274036,1.2858517625349823,0.03346410818434432,0.6509006757935847,13
harmony,S1_within_dataset,100,0.8,mondrian,aps,0.8033021115106836,-0.003302111510683532,3.554846433108683,0.061702837698935205,0.14867108296913323,13
harmony,S1_within_dataset,100,0.8,mondrian,inverse_softmax,0.793601407115779,0.006398592884221021,1.321248244134954,0.05205803302502561,0.5855595199121011,13
harmony,S1_within_dataset,100,0.9,marginal,aps,0.9050490716349642,-0.005049071634964267,5.172645600022206,0.06370128300244192,0.04147051675622808,13
harmony,S1_within_dataset,100,0.9,marginal,inverse_softmax,0.8936930210011125,0.006306978998887588,1.7791037815801334,0.000277542922538244,0.36753035028986025,13
harmony,S1_within_dataset,100,0.9,mondrian,aps,0.9032061769393103,-0.0032061769393102357,4.8181299840892375,0.026100655848975488,0.08695751407551905,13
harmony,S1_within_dataset,100,0.9,mondrian,inverse_softmax,0.8990101472420158,0.0009898527579842902,1.9516068463348324,0.0008481249383526418,0.32043886241580555,13
harmony,S1_within_dataset,100,0.95,marginal,aps,0.9516772143613109,-0.0016772143613108708,6.7454601673892824,0.028927234852846113,0.018636657033497796,13
harmony,S1_within_dataset,100,0.95,marginal,inverse_softmax,0.9484637499496719,0.0015362500503280736,2.877067545815507,0.0,0.20157961465412808,13
harmony,S1_within_dataset,100,0.95,mondrian,aps,0.951833736986482,-0.0018337369864819947,6.161885074886561,0.010484851914420208,0.04757560457363011,13
harmony,S1_within_dataset,100,0.95,mondrian,inverse_softmax,0.9496759650389494,0.00032403496105065226,3.215050214460445,0.0,0.15677190882840583,13
harmony,S1_within_dataset,all,0.8,marginal,aps,0.8150503125297768,-0.015050312529776686,2.6616947230396546,0.13665121467762004,0.17987164772990935,13
harmony,S1_within_dataset,all,0.8,marginal,inverse_softmax,0.8096882430204441,-0.00968824302044402,1.0454925861294104,0.016261942274517292,0.921983529321555,13
harmony,S1_within_dataset,all,0.8,mondrian,aps,0.8104519492598132,-0.010451949259813133,3.1495258732573257,0.06756843387159048,0.18860634872862503,13
harmony,S1_within_dataset,all,0.8,mondrian,inverse_softmax,0.7922937684243855,0.0077062315756146185,1.1992399429008196,0.05252641770289946,0.6975795753361509,13
harmony,S1_within_dataset,all,0.9,marginal,aps,0.9037639231325557,-0.00376392313255577,4.469587664430864,0.07586686350719257,0.1008818194939771,13
harmony,S1_within_dataset,all,0.9,marginal,inverse_softmax,0.9045305653911284,-0.004530565391128354,1.4522492589221612,6.128964369315348e-05,0.5817734884254343,13
harmony,S1_within_dataset,all,0.9,mondrian,aps,0.9056380939495893,-0.005638093949589196,4.082911405604376,0.027442586144489134,0.13591847858256176,13
harmony,S1_within_dataset,all,0.9,mondrian,inverse_softmax,0.8978274923547749,0.0021725076452252354,1.6025754954112306,0.0030436676640904774,0.47176391223189545,13
harmony,S1_within_dataset,all,0.95,marginal,aps,0.950205872498275,-0.000205872498275041,6.083579602580187,0.04123217651477007,0.058348553600291723,13
harmony,S1_within_dataset,all,0.95,marginal,inverse_softmax,0.9508567165864863,-0.0008567165864864885,1.9047374456685304,0.0,0.31915668202667935,13
harmony,S1_within_dataset,all,0.95,mondrian,aps,0.9505331912964503,-0.0005331912964504787,4.906678514816397,0.011989067179845879,0.10418413150371206,13
harmony,S1_within_dataset,all,0.95,mondrian,inverse_softmax,0.948990942374287,0.001009057625712878,2.2033341568233458,0.0,0.2753642488651102,13
harmony,S2_leave_donor_out,10,0.8,marginal,aps,0.7979489279860937,0.0020510720139063415,3.155585106598907,0.04102163878185451,0.06881363654932814,13
harmony,S2_leave_donor_out,10,0.8,marginal,inverse_softmax,0.7920305163020669,0.007969483697933186,2.192210700299057,0.0038286132630598966,0.2808878805055019,13
harmony,S2_leave_donor_out,10,0.8,mondrian,aps,0.7973935957657676,0.002606404234232441,3.2552015034797583,0.03342814759858584,0.10426467855317018,13
harmony,S2_leave_donor_out,10,0.8,mondrian,inverse_softmax,0.7823523412227354,0.01764765877726458,2.0626684388763894,0.011480478972346967,0.27976808541219483,13
harmony,S2_leave_donor_out,10,0.9,marginal,aps,0.8957473470700599,0.004252652929940115,5.270744981815377,0.01228237275811122,0.01296160247316283,13
harmony,S2_leave_donor_out,10,0.9,marginal,inverse_softmax,0.893884225810081,0.006115774189919098,4.281817412716737,3.5823996704192305e-07,0.06692189407450831,13
harmony,S2_leave_donor_out,10,0.9,mondrian,aps,0.8955724548751772,0.004427545124822814,4.955560551200275,0.007132130694926335,0.017988807138295045,13
harmony,S2_leave_donor_out,10,0.9,mondrian,inverse_softmax,0.8878478002771959,0.012152199722804112,3.666563848773018,4.297156345200335e-05,0.06045752469915967,13
harmony,S2_leave_donor_out,10,0.95,marginal,aps,0.94759479374044,0.0024052062595599963,7.855595723300713,0.0030437248686861922,0.0033063860147631665,13
harmony,S2_leave_donor_out,10,0.95,marginal,inverse_softmax,0.9463385211291366,0.0036614788708633048,7.110874183919335,0.0,0.01814485831138881,13
harmony,S2_leave_donor_out,10,0.95,mondrian,aps,0.9475424998845093,0.002457500115490644,6.976044943745517,0.0014001607535122937,0.00366228847759829,13
harmony,S2_leave_donor_out,10,0.95,mondrian,inverse_softmax,0.9425916273476538,0.007408372652346228,5.8938435322718625,0.0,0.016039125545156813,13
harmony,S2_leave_donor_out,100,0.8,marginal,aps,0.785902863257168,0.014097136742832084,3.210367860738068,0.143764704912624,0.11727170971984019,13
harmony,S2_leave_donor_out,100,0.8,marginal,inverse_softmax,0.7695447688447766,0.030455231155223448,1.2599525843763932,0.03734124387148498,0.6677559188388346,13
harmony,S2_leave_donor_out,100,0.8,mondrian,aps,0.7960640955165877,0.0039359044834123315,3.672854381987335,0.06079620469610851,0.15425901763931124,13
harmony,S2_leave_donor_out,100,0.8,mondrian,inverse_softmax,0.7687652043509401,0.03123479564905997,1.3433441091564133,0.05550378248076985,0.5711982771084546,13
harmony,S2_leave_donor_out,100,0.9,marginal,aps,0.8903829051044384,0.009617094895561652,4.854383263193124,0.07448322530261163,0.05542505150492912,13
harmony,S2_leave_donor_out,100,0.9,marginal,inverse_softmax,0.8841263544738608,0.015873645526139294,1.7388803545899556,0.0007598111609889764,0.3885719471953228,13
harmony,S2_leave_donor_out,100,0.9,mondrian,aps,0.8970748183855856,0.0029251816144144904,4.964444849960714,0.024878058444013876,0.08605889359610021,13
harmony,S2_leave_donor_out,100,0.9,mondrian,inverse_softmax,0.8796881126124898,0.020311887387510212,2.1363519853278317,0.0029894309943648374,0.3025715259684674,13
harmony,S2_leave_donor_out,100,0.95,marginal,aps,0.9460280270828924,0.003971972917107628,6.413594387716675,0.03312806679150292,0.02463660092169808,13
harmony,S2_leave_donor_out,100,0.95,marginal,inverse_softmax,0.9420703433482649,0.00792965665173505,2.7708024362331947,3.5823996704192305e-07,0.21958401719042367,13
harmony,S2_leave_donor_out,100,0.95,mondrian,aps,0.9466136305671669,0.003386369432833131,6.24569164347405,0.009533268086877243,0.041539933012405134,13
harmony,S2_leave_donor_out,100,0.95,mondrian,inverse_softmax,0.9382932936698538,0.011706706330146211,3.364294992296316,6.430421380500844e-06,0.14785023652363846,13
harmony,S2_leave_donor_out,all,0.8,marginal,aps,0.7745151598613677,0.02548484013863241,2.461465750602451,0.15717115396800138,0.19158090727393098,13
harmony,S2_leave_donor_out,all,0.8,marginal,inverse_softmax,0.7811892107216857,0.018810789278314387,1.049155167368086,0.01678626250274384,0.9172723076264264,13
harmony,S2_leave_donor_out,all,0.8,mondrian,aps,0.7931804042942322,0.0068195957057678785,3.165292992307798,0.06312266520880698,0.20161577000218206,13
harmony,S2_leave_donor_out,all,0.8,mondrian,inverse_softmax,0.7621210305167574,0.037878969483242673,1.2116907316830596,0.052258457479470014,0.6881707379723145,13
harmony,S2_leave_donor_out,all,0.9,marginal,aps,0.8813547018540006,0.018645298145999432,4.268724714021777,0.08766314024677409,0.11972521164721295,13
harmony,S2_leave_donor_out,all,0.9,marginal,inverse_softmax,0.8842633819164276,0.015736618083572324,1.4810845069545815,6.018911019933351e-05,0.5553642507392328,13
harmony,S2_leave_donor_out,all,0.9,mondrian,aps,0.8931111556422405,0.006888844357759411,4.121527088898268,0.025676860304070712,0.145533008833297,13
harmony,S2_leave_donor_out,all,0.9,mondrian,inverse_softmax,0.875597963624346,0.02440203637565403,1.7270269160684295,0.004439435839399644,0.4338273658048249,13
harmony,S2_leave_donor_out,all,0.95,marginal,aps,0.9396725949554325,0.010327405044567443,5.982108214367764,0.04585678893512612,0.07825709945260459,13
harmony,S2_leave_donor_out,all,0.95,marginal,inverse_softmax,0.9437431683630334,0.0062568316369665065,2.008841275463576,0.0,0.2863597170664391,13
harmony,S2_leave_donor_out,all,0.95,mondrian,aps,0.9429285607537978,0.007071439246202108,4.9885455981001305,0.01054428959511789,0.10811280290466369,13
harmony,S2_leave_donor_out,all,0.95,mondrian,inverse_softmax,0.9357656882064127,0.01423431179358723,2.479908610692026,0.0,0.2515181752324867,13
harmony,S3_leave_dataset_out,10,0.8,marginal,aps,0.8004097904812203,-0.0004097904812203196,3.361915193866501,0.03568874264029046,0.05346571957682866,13
harmony,S3_leave_dataset_out,10,0.8,marginal,inverse_softmax,0.7919345275938385,0.008065472406161438,2.390699098715891,0.0031321115768599755,0.23231805099022035,13
harmony,S3_leave_dataset_out,10,0.8,mondrian,aps,0.8141775357044092,-0.014177535704409126,5.034758216951407,0.002521821262573311,0.01704186515176435,13
harmony,S3_leave_dataset_out,10,0.8,mondrian,inverse_softmax,0.8073419914943804,-0.00734199149438027,4.206531539039812,0.0012376916280155378,0.02848609586759151,13
harmony,S3_leave_dataset_out,10,0.9,marginal,aps,0.8964504533728087,0.0035495466271912484,5.577766770832683,0.011469252945147503,0.011699268127571633,13
harmony,S3_leave_dataset_out,10,0.9,marginal,inverse_softmax,0.8955073796430124,0.00449262035698759,4.681145831686193,2.329488581840825e-06,0.056139846509633405,13
harmony,S3_leave_dataset_out,10,0.9,mondrian,aps,0.8977552406636262,0.002244759336373786,6.441235951941209,0.0006126564504789894,0.003928536295370128,13
harmony,S3_leave_dataset_out,10,0.9,mondrian,inverse_softmax,0.8930126886002392,0.00698731139976084,5.499755825736371,2.298751067006144e-05,0.0077567695308789755,13
harmony,S3_leave_dataset_out,10,0.95,marginal,aps,0.946494641139789,0.00350535886021103,8.106762532427565,0.003172969805531322,0.0029988637302332966,13
harmony,S3_leave_dataset_out,10,0.95,marginal,inverse_softmax,0.946325579055733,0.0036744209442670225,7.486720287344665,0.0,0.017416117371980448,13
harmony,S3_leave_dataset_out,10,0.95,mondrian,aps,0.9421405578426151,0.0078594421573849,7.937576986779022,0.0001417407120009349,0.0008063352238393969,13
harmony,S3_leave_dataset_out,10,0.95,mondrian,inverse_softmax,0.9385443416684226,0.011455658331577395,7.033010664865355,0.0,0.0020023749744344493,13
harmony,S3_leave_dataset_out,100,0.8,marginal,aps,0.812532434945918,-0.012532434945918028,3.711660072865669,0.11772276082461756,0.09326200944195562,13
harmony,S3_leave_dataset_out,100,0.8,marginal,inverse_softmax,0.7912121787211508,0.008787821278849254,1.4199562248797304,0.021791642842971744,0.5679032187026319,13
harmony,S3_leave_dataset_out,100,0.8,mondrian,aps,0.8246723816812696,-0.024672381681269586,5.477076041565065,0.00392257887927583,0.02290894442572921,13
harmony,S3_leave_dataset_out,100,0.8,mondrian,inverse_softmax,0.8104894067518509,-0.010489406751850786,3.588022198159189,0.0035081372590443595,0.0565395048708941,13
harmony,S3_leave_dataset_out,100,0.9,marginal,aps,0.9050666085419331,-0.00506660854193306,5.5658411465294,0.05776814907635078,0.040722008402176255,13
harmony,S3_leave_dataset_out,100,0.9,marginal,inverse_softmax,0.8958049443128205,0.004195055687179432,2.2741523637262167,0.0004915433533543664,0.29182618664945786,13
harmony,S3_leave_dataset_out,100,0.9,mondrian,aps,0.9065604760927604,-0.006560476092760305,6.636830295811659,0.001348022015119321,0.012138687858733604,13
harmony,S3_leave_dataset_out,100,0.9,mondrian,inverse_softmax,0.8921697748297744,0.007830225170225654,4.354175879136364,0.00023581360744653266,0.034146820697850626,13
harmony,S3_leave_dataset_out,100,0.95,marginal,aps,0.949874500541237,0.0001254994587629924,7.292624128459398,0.02652435903703124,0.018603131284478658,13
harmony,S3_leave_dataset_out,100,0.95,marginal,inverse_softmax,0.9450709442799293,0.004929055720070679,4.239707598155561,2.4615384615384615e-06,0.15463734786381048,13
harmony,S3_leave_dataset_out,100,0.95,mondrian,aps,0.9459250506585705,0.00407494934142943,7.755096468402479,0.0004074659612732804,0.005771733872396786,13
harmony,S3_leave_dataset_out,100,0.95,mondrian,inverse_softmax,0.9335930713234017,0.01640692867659824,5.303327506830086,0.0,0.018540179260521147,13
harmony,S3_leave_dataset_out,all,0.8,marginal,aps,0.8201487989199449,-0.020148798919944737,3.34542568822743,0.11422059050705019,0.15067550439530672,13
harmony,S3_leave_dataset_out,all,0.8,marginal,inverse_softmax,0.8048436722704521,-0.0048436722704520985,1.3380596030405034,0.00968489615030883,0.6943728042437113,13
harmony,S3_leave_dataset_out,all,0.8,mondrian,aps,0.8102623769395283,-0.010262376939528266,5.3269481137840415,0.005044300363079244,0.027231266379470685,13
harmony,S3_leave_dataset_out,all,0.8,mondrian,inverse_softmax,0.8124586550280063,-0.012458655028006237,3.5968865441180444,0.0029373785980744446,0.05756531382703573,13
harmony,S3_leave_dataset_out,all,0.9,marginal,aps,0.9089530321207627,-0.008953032120762707,5.310848736153768,0.05762835969159831,0.08734809071338137,13
harmony,S3_leave_dataset_out,all,0.9,marginal,inverse_softmax,0.8973447150879422,0.0026552849120578996,2.1061275657259744,8.744354906403742e-05,0.3331687205901661,13
harmony,S3_leave_dataset_out,all,0.9,mondrian,aps,0.8973655239550204,0.002634476044979506,6.3827357081421745,0.0016951319294774385,0.014425151216264257,13
harmony,S3_leave_dataset_out,all,0.9,mondrian,inverse_softmax,0.891353642203228,0.008646357796772095,4.287575884207402,0.0002741049044321593,0.035484160410008805,13
harmony,S3_leave_dataset_out,all,0.95,marginal,aps,0.9518637529588313,-0.0018637529588313578,7.092636994668893,0.02733401702892025,0.0485432174556129,13
harmony,S3_leave_dataset_out,all,0.95,marginal,inverse_softmax,0.9449734333992937,0.005026566600706226,3.507118728498023,0.0,0.15994816343772966,13
harmony,S3_leave_dataset_out,all,0.95,mondrian,aps,0.9399110879971485,0.010088912002851391,7.371482289931041,0.0002550841381429376,0.004300802497603668,13
harmony,S3_leave_dataset_out,all,0.95,mondrian,inverse_softmax,0.9305170612789719,0.01948293872102794,5.008185005626749,0.0,0.022908924236064686,13
hvg_pca,S1_within_dataset,10,0.8,marginal,aps,0.8073014646489667,-0.00730146464896666,3.204740560761741,0.10591500146325326,0.12740203599082925,13
hvg_pca,S1_within_dataset,10,0.8,marginal,inverse_softmax,0.7993479022323492,0.0006520977676508333,1.350981651572128,0.018112904188426635,0.6612073816150086,13
hvg_pca,S1_within_dataset,10,0.8,mondrian,aps,0.8031714225830536,-0.003171422583053573,3.390406859564244,0.07234150875408316,0.18831355946500716,13
hvg_pca,S1_within_dataset,10,0.8,mondrian,inverse_softmax,0.8044695580653318,-0.004469558065331836,1.3500465449663852,0.03354549005560373,0.6243965928843113,13
hvg_pca,S1_within_dataset,10,0.9,marginal,aps,0.9036199861740819,-0.003619986174081808,4.823664284527251,0.04552089057739919,0.042413483697452355,13
hvg_pca,S1_within_dataset,10,0.9,marginal,inverse_softmax,0.8981670264946019,0.001832973505398077,2.309015561298824,0.0002539547839261258,0.32009209998038696,13
hvg_pca,S1_within_dataset,10,0.9,mondrian,aps,0.9023282138297606,-0.002328213829760633,4.737644174900579,0.025535763764118428,0.08147204783103465,13
hvg_pca,S1_within_dataset,10,0.9,mondrian,inverse_softmax,0.9034137403176188,-0.003413740317618795,2.2809296730306254,0.0010976000692229945,0.2902908201705482,13
hvg_pca,S1_within_dataset,10,0.95,marginal,aps,0.9514095927517514,-0.0014095927517514262,6.556737932632454,0.01747795879459143,0.016187561010091053,13
hvg_pca,S1_within_dataset,10,0.95,marginal,inverse_softmax,0.9474362788534693,0.0025637211465306025,4.140510182170228,0.0,0.13062473042753237,13
hvg_pca,S1_within_dataset,10,0.95,mondrian,aps,0.9518815397706452,-0.00188153977064526,6.22486938011731,0.00839384613522057,0.030418332876037044,13
hvg_pca,S1_within_dataset,10,0.95,mondrian,inverse_softmax,0.9507713119445705,-0.0007713119445705777,3.904014909936888,8.843606724401427e-06,0.10562472462326238,13
hvg_pca,S1_within_dataset,100,0.8,marginal,aps,0.8158996070969052,-0.015899607096905168,3.7673577707213237,0.15761718167968025,0.11935521466409342,13
hvg_pca,S1_within_dataset,100,0.8,marginal,inverse_softmax,0.7994235287555147,0.0005764712444853806,0.980384502343961,0.046911019377675355,0.9257934589006882,13
hvg_pca,S1_within_dataset,100,0.8,mondrian,aps,0.8013797384057847,-0.0013797384057846645,4.4494248429074466,0.07158884294607429,0.11371128549923876,13
hvg_pca,S1_within_dataset,100,0.8,mondrian,inverse_softmax,0.8002443408182369,-0.00024434081823691405,1.014491042438245,0.07724714179858694,0.8310191599916739,13
hvg_pca,S1_within_dataset,100,0.9,marginal,aps,0.9114692705362858,-0.01146927053628571,5.726675509228381,0.0769428092912764,0.059108573083113486,13
hvg_pca,S1_within_dataset,100,0.9,marginal,inverse_softmax,0.8979271914288951,0.0020728085711048437,1.2857614747587622,0.0004859093400320195,0.728393321003513,13
hvg_pca,S1_within_dataset,100,0.9,mondrian,aps,0.9017169603766301,-0.0017169603766300431,5.76308725403541,0.029480336126233467,0.07472068793632566,13
hvg_pca,S1_within_dataset,100,0.9,mondrian,inverse_softmax,0.9023843048052728,-0.0023843048052727294,1.3551745462233635,0.006608813469799272,0.6614352178785327,13
hvg_pca,S1_within_dataset,100,0.95,marginal,aps,0.9572006935846653,-0.0072006935846653025,7.339440707105178,0.036795736662426665,0.03139748739083348,13
hvg_pca,S1_within_dataset,100,0.95,marginal,inverse_softmax,0.9487848109485828,0.001215189051417127,1.7450497697635103,0.0,0.4783373754033266,13
hvg_pca,S1_within_dataset,100,0.95,mondrian,aps,0.9516841607432293,-0.001684160743229303,6.837919790341792,0.01297364608207787,0.05141370208588537,13
hvg_pca,S1_within_dataset,100,0.95,mondrian,inverse_softmax,0.9497738948740723,0.00022610512592768063,1.8949339126165168,4.2053349279077813e-05,0.41396109653577196,13
hvg_pca,S1_within_dataset,all,0.8,marginal,aps,0.7918226664307745,0.008177333569225575,2.239947149920786,0.1819305851847718,0.23846900530277423,13
hvg_pca,S1_within_dataset,all,0.8,marginal,inverse_softmax,0.8079396205963845,-0.007939620596384447,0.8804855601547735,0.1195144398452265,0.8804855601547735,13
hvg_pca,S1_within_dataset,all,0.8,mondrian,aps,0.7903251606476676,0.009674839352332524,2.589106768033612,0.10148670429186613,0.2526295117398155,13
hvg_pca,S1_within_dataset,all,0.8,mondrian,inverse_softmax,0.7955436260251865,0.004456373974813581,0.9100025037590278,0.10238428387261087,0.8852289284957504,13
hvg_pca,S1_within_dataset,all,0.9,marginal,aps,0.9034347122816762,-0.003434712281676156,3.760194805560068,0.08634328466921747,0.13989405269617922,13
hvg_pca,S1_within_dataset,all,0.9,marginal,inverse_softmax,0.9030899273763013,-0.0030899273763013023,1.0740753920549757,0.002004503303347272,0.9219156013383298,13
hvg_pca,S1_within_dataset,all,0.9,mondrian,aps,0.8946576598585667,0.005342340141433194,3.437850275602387,0.04041888245098545,0.1802209977368938,13
hvg_pca,S1_within_dataset,all,0.9,mondrian,inverse_softmax,0.8977947968545247,0.002205203145475415,1.1272836650448352,0.023354010655512222,0.8296455754613,13
hvg_pca,S1_within_dataset,all,0.95,marginal,aps,0.9530547127708661,-0.0030547127708661194,5.334228172995119,0.04270407281146657,0.07573373516722307,13
hvg_pca,S1_within_dataset,all,0.95,marginal,inverse_softmax,0.953487799103477,-0.0034877991034771056,1.2801102175404624,0.0,0.7383319846794805,13
hvg_pca,S1_within_dataset,all,0.95,mondrian,aps,0.9467169632154373,0.003283036784562655,4.153810442059898,0.016152074894619457,0.13147622199592057,13
hvg_pca,S1_within_dataset,all,0.95,mondrian,inverse_softmax,0.9515204749163305,-0.001520474916330561,1.3737719153270733,0.00224654928609,0.6654582125696172,13
hvg_pca,S2_leave_donor_out,10,0.8,marginal,aps,0.7730227916237685,0.026977208376231507,3.095487203226552,0.12337021285973061,0.147627413057843,13
hvg_pca,S2_leave_donor_out,10,0.8,marginal,inverse_softmax,0.781835113463602,0.018164886536398077,1.3848462737444576,0.018468936805284417,0.6438834799875277,13
hvg_pca,S2_leave_donor_out,10,0.8,mondrian,aps,0.7708538462217297,0.029146153778270394,3.3489349806704753,0.07934496636959072,0.1846149351079627,13
hvg_pca,S2_leave_donor_out,10,0.8,mondrian,inverse_softmax,0.7834448567864162,0.01655514321358382,1.4688776202094214,0.03151701370094241,0.5672557501535238,13
hvg_pca,S2_leave_donor_out,10,0.9,marginal,aps,0.8776409684503024,0.022359031549697702,4.632092569824904,0.06329836289326259,0.052482611122220565,13
hvg_pca,S2_leave_donor_out,10,0.9,marginal,inverse_softmax,0.8879887333086945,0.012011266691305414,2.3402844557997833,0.00023337995606979094,0.3223990584417319,13
hvg_pca,S2_leave_donor_out,10,0.9,mondrian,aps,0.8750523188979636,0.024947681102036365,4.636316202206013,0.031035213766119625,0.08781623697681941,13
hvg_pca,S2_leave_donor_out,10,0.9,mondrian,inverse_softmax,0.8874280022500998,0.01257199774990022,2.462744727019591,0.0009832910500998508,0.25163974402889383,13
hvg_pca,S2_leave_donor_out,10,0.95,marginal,aps,0.9337022432833794,0.01629775671662057,6.329093425800522,0.03130035832657707,0.021374245684642818,13
hvg_pca,S2_leave_donor_out,10,0.95,marginal,inverse_softmax,0.9415985354717906,0.008401464528209335,4.112104015615608,0.0,0.14428459364279103,13
hvg_pca,S2_leave_donor_out,10,0.95,mondrian,aps,0.9348227114207621,0.015177288579237917,6.074627613336249,0.009769492824562197,0.03482285125886074,13
hvg_pca,S2_leave_donor_out,10,0.95,mondrian,inverse_softmax,0.9407847056033133,0.009215294396686727,3.931485031014664,3.423656629308138e-05,0.1008554329257741,13
hvg_pca,S2_leave_donor_out,100,0.8,marginal,aps,0.779072908669736,0.020927091330264144,3.248051710134738,0.1806310685261119,0.13279550279271482,13
hvg_pca,S2_leave_donor_out,100,0.8,marginal,inverse_softmax,0.7891869720778171,0.010813027922183015,1.0342335236558617,0.04178630193628536,0.8822171894931833,13
hvg_pca,S2_leave_donor_out,100,0.8,mondrian,aps,0.7768334258102728,0.023166574189727174,3.743364782482864,0.09000207368707878,0.14649730373466943,13
hvg_pca,S2_leave_donor_out,100,0.8,mondrian,inverse_softmax,0.7888009676299848,0.011199032370015297,1.099519841100597,0.06369522793642181,0.7780737958863779,13
hvg_pca,S2_leave_donor_out,100,0.9,marginal,aps,0.888114452456082,0.011885547543917917,5.044956992616681,0.09423717516614312,0.06471352367405835,13
hvg_pca,S2_leave_donor_out,100,0.9,marginal,inverse_softmax,0.8912983157239438,0.008701684276056214,1.3823047557148063,0.0009698085875812013,0.6487331558303365,13
hvg_pca,S2_leave_donor_out,100,0.9,mondrian,aps,0.8782560753471306,0.021743924652869395,4.935257652151554,0.04160747186321146,0.09939637851853687,13
hvg_pca,S2_leave_donor_out,100,0.9,mondrian,inverse_softmax,0.8923225723448606,0.007677427655139508,1.6058953453818379,0.0047533179155395755,0.5264375923116161,13
hvg_pca,S2_leave_donor_out,100,0.95,marginal,aps,0.9422694543519873,0.00773054564801264,6.723757710903281,0.0490146479982766,0.030447667081521287,13
hvg_pca,S2_leave_donor_out,100,0.95,marginal,inverse_softmax,0.9459449349858645,0.0040550650141354125,1.9282625544993763,0.0,0.40355254066386426,13
hvg_pca,S2_leave_donor_out,100,0.95,mondrian,aps,0.9328859711469624,0.0171140288530376,5.99595193526715,0.019677987364057403,0.0652828712025935,13
hvg_pca,S2_leave_donor_out,100,0.95,mondrian,inverse_softmax,0.943594147219258,0.006405852780741967,2.32947178945209,9.058587591450872e-05,0.2985518472238511,13
hvg_pca,S2_leave_donor_out,all,0.8,marginal,aps,0.7582780281204323,0.04172197187956771,2.115226790733991,0.20013869067813034,0.2358524442311181,13
hvg_pca,S2_leave_donor_out,all,0.8,marginal,inverse_softmax,0.7932008550787631,0.006799144921236909,0.9291609841919382,0.07083901580806186,0.9291609841919382,13
hvg_pca,S2_leave_donor_out,all,0.8,mondrian,aps,0.770966610666097,0.02903338933390299,2.6426194942810928,0.09755596822343013,0.23827419376713443,13
hvg_pca,S2_leave_donor_out,all,0.8,mondrian,inverse_softmax,0.7851305834100851,0.014869416589914978,0.9804485741536326,0.0784538021683571,0.8628348270741181,13
hvg_pca,S2_leave_donor_out,all,0.9,marginal,aps,0.8775704320570128,0.022429567942987155,3.706554708432558,0.10412468930429433,0.13686728316747218,13
hvg_pca,S2_leave_donor_out,all,0.9,marginal,inverse_softmax,0.8931499516712472,0.006850048328752865,1.1739325471413928,0.00016374914289606006,0.8277971928454984,13
hvg_pca,S2_leave_donor_out,all,0.9,mondrian,aps,0.8822431704862969,0.017756829513703182,3.538600719574829,0.040043569221395944,0.17146122580217338,13
hvg_pca,S2_leave_donor_out,all,0.9,mondrian,inverse_softmax,0.8914140321031757,0.008585967896824311,1.2574185980060193,0.011781580747891866,0.7376119613583954,13
hvg_pca,S2_leave_donor_out,all,0.95,marginal,aps,0.9418813934321622,0.008118606567837808,5.48209869431272,0.05024883635213547,0.07960255523783712,13
hvg_pca,S2_leave_donor_out,all,0.95,marginal,inverse_softmax,0.9481643590013697,0.0018356409986302902,1.4350743164196855,0.0,0.6166568008868926,13
hvg_pca,S2_leave_donor_out,all,0.95,mondrian,aps,0.9432919280960035,0.006708071903996465,4.346302677308407,0.016977293629700428,0.12476697130555887,13
hvg_pca,S2_leave_donor_out,all,0.95,mondrian,inverse_softmax,0.9469120743159695,0.0030879256840305575,1.5987238279799232,0.0004990089334660837,0.5327203295249892,13
hvg_pca,S3_leave_dataset_out,10,0.8,marginal,aps,0.8021132583095192,-0.0021132583095191688,3.7967614522070856,0.08856586074572204,0.097821518494914,13
hvg_pca,S3_leave_dataset_out,10,0.8,marginal,inverse_softmax,0.7937833979204358,0.006216602079564125,1.864357876693421,0.008386818616037958,0.46469779267956857,13
hvg_pca,S3_leave_dataset_out,10,0.8,mondrian,aps,0.7954085501952435,0.004591449804756538,5.415159481221995,0.006727733822050252,0.030768785510447223,13
hvg_pca,S3_leave_dataset_out,10,0.8,mondrian,inverse_softmax,0.7801490960441145,0.019850903955885513,3.9483319601949796,0.0017191615669320504,0.040554168994888104,13
hvg_pca,S3_leave_dataset_out,10,0.9,marginal,aps,0.8962864154325305,0.0037135845674695347,5.643253524656211,0.037374221196369045,0.03748194762750676,13
hvg_pca,S3_leave_dataset_out,10,0.9,marginal,inverse_softmax,0.8911849618198965,0.00881503818010347,3.719666153826916,0.00014734465015788816,0.18822684476406815,13
hvg_pca,S3_leave_dataset_out,10,0.9,mondrian,aps,0.88042638153203,0.019573618467970042,6.6219265777164305,0.0028206259817886038,0.013111991700859202,13
hvg_pca,S3_leave_dataset_out,10,0.9,mondrian,inverse_softmax,0.8678025781330115,0.0321974218669885,4.932567290762947,5.653227329729537e-05,0.01958071329613698,13
hvg_pca,S3_leave_dataset_out,10,0.95,marginal,aps,0.9452097785811897,0.004790221418810302,7.519894358121878,0.013779194485295323,0.01496009566902576,13
hvg_pca,S3_leave_dataset_out,10,0.95,marginal,inverse_softmax,0.9410781560078209,0.008921843992179077,6.2041744659088085,5.32882037077817e-07,0.07496884920523764,13
hvg_pca,S3_leave_dataset_out,10,0.95,mondrian,aps,0.9277824600940197,0.022217539905980348,7.745762949711297,0.0008971916270011857,0.004648579571099525,13
hvg_pca,S3_leave_dataset_out,10,0.95,mondrian,inverse_softmax,0.9171293646607925,0.03287063533920745,5.998219720941945,2.0511538544154132e-07,0.00795222691139926,13
hvg_pca,S3_leave_dataset_out,100,0.8,marginal,aps,0.8201272413505163,-0.020127241350516203,4.202863582847919,0.11925042154978377,0.12006047051086309,13
hvg_pca,S3_leave_dataset_out,100,0.8,marginal,inverse_softmax,0.8022629021215416,-0.0022629021215416186,1.354326892395952,0.012771953454303202,0.7002962229475536,13
hvg_pca,S3_leave_dataset_out,100,0.8,mondrian,aps,0.7907527325838493,0.00924726741615076,5.761721922096862,0.009216261184421183,0.03525546104789067,13
hvg_pca,S3_leave_dataset_out,100,0.8,mondrian,inverse_softmax,0.7954270439389952,0.004572956061004879,3.5927599337974234,0.0033328603048287104,0.05405085303447969,13
hvg_pca,S3_leave_dataset_out,100,0.9,marginal,aps,0.9092788716793899,-0.009278871679389901,6.22437038803534,0.05671447966660745,0.05438332277972849,13
hvg_pca,S3_leave_dataset_out,100,0.9,marginal,inverse_softmax,0.8917754249379427,0.00822457506205729,2.553449407131419,0.0001133453927927949,0.37757052449448836,13
hvg_pca,S3_leave_dataset_out,100,0.9,mondrian,aps,0.8761058698590962,0.02389413014090389,6.8902255938382995,0.005042561510946597,0.019517667762330222,13
hvg_pca,S3_leave_dataset_out,100,0.9,mondrian,inverse_softmax,0.8766326445216424,0.023367355478357634,4.321051872843678,0.00016160364709224106,0.03590178894342999,13
hvg_pca,S3_leave_dataset_out,100,0.95,marginal,aps,0.9522635890609107,-0.00226358906091067,7.930093509233386,0.02662400412902895,0.026305065835009724,13
hvg_pca,S3_leave_dataset_out,100,0.95,marginal,inverse_softmax,0.9401066927108666,0.009893307289133353,4.3959347591220075,2.0577296040413807e-07,0.1908319821660185,13
hvg_pca,S3_leave_dataset_out,100,0.95,mondrian,aps,0.9229299896918407,0.027070010308159254,7.87544575891525,0.0027693105569469626,0.011021758450305758,13
hvg_pca,S3_leave_dataset_out,100,0.95,mondrian,inverse_softmax,0.9219978955460058,0.028002104453994262,5.1590917729301635,1.0255726541307501e-07,0.020504733581117436,13
hvg_pca,S3_leave_dataset_out,all,0.8,marginal,aps,0.8151405749278117,-0.01514057492781168,3.0431965149546296,0.1108526929256576,0.19306119657332305,13
hvg_pca,S3_leave_dataset_out,all,0.8,marginal,inverse_softmax,0.7882756237574067,0.01172437624259335,1.2177594998080872,0.011816212713722499,0.7968150393054607,13
hvg_pca,S3_leave_dataset_out,all,0.8,mondrian,aps,0.7816263147919223,0.0183736852080777,5.090278839667833,0.005454823449961092,0.02047624839338232,13
hvg_pca,S3_leave_dataset_out,all,0.8,mondrian,inverse_softmax,0.7992145057271599,0.0007854942728401413,3.607454579278344,0.0022193719976224694,0.035663644766056254,13
hvg_pca,S3_leave_dataset_out,all,0.9,marginal,aps,0.9145921938697316,-0.014592193869731488,5.197088241367618,0.04497373042499744,0.09840208050582865,13
hvg_pca,S3_leave_dataset_out,all,0.9,marginal,inverse_softmax,0.8797824697921277,0.02021753020787229,1.9479359675326415,3.3683374707319273e-06,0.4673485906393994,13
hvg_pca,S3_leave_dataset_out,all,0.9,mondrian,aps,0.8676843715828119,0.032315628417188186,5.978044915861996,0.003116980424863969,0.011666359579974332,13
hvg_pca,S3_leave_dataset_out,all,0.9,mondrian,inverse_softmax,0.8763851472585181,0.023614852741481854,4.1557748291682115,5.662262387906142e-05,0.025981826474179844,13
hvg_pca,S3_leave_dataset_out,all,0.95,marginal,aps,0.9572371813731823,-0.0072371813731823085,7.200075705224661,0.018915851284048813,0.0516533030119625,13
hvg_pca,S3_leave_dataset_out,all,0.95,marginal,inverse_softmax,0.9293113199636684,0.02068868003633145,2.93968666119139,0.0,0.2529541391859052,13
hvg_pca,S3_leave_dataset_out,all,0.95,mondrian,aps,0.915602233141079,0.034397766858920896,6.774790527658802,0.0016267146735677756,0.007840155667973052,13
hvg_pca,S3_leave_dataset_out,all,0.95,mondrian,inverse_softmax,0.9209315849058879,0.029068415094112104,4.671314804768766,0.0,0.01771486260682975,13
scgpt,S1_within_dataset,10,0.8,marginal,aps,0.8022904456757662,-0.0022904456757661578,3.821180245887553,0.1266536857649216,0.14251409115297423,13
scgpt,S1_within_dataset,10,0.8,marginal,inverse_softmax,0.7970511125166937,0.002948887483306346,1.2767917492235787,0.01024009943982838,0.7287577579179941,13
scgpt,S1_within_dataset,10,0.8,mondrian,aps,0.7887796707354879,0.011220329264512148,4.0955148124975365,0.08697716513774832,0.159808867529642,13
scgpt,S1_within_dataset,10,0.8,mondrian,inverse_softmax,0.8014447415382294,-0.0014447415382293995,1.3066895217484185,0.037552661460415325,0.6453511009893182,13
scgpt,S1_within_dataset,10,0.9,marginal,aps,0.902356458654445,-0.0023564586544449527,5.631350854145918,0.05931603370194955,0.06749469978620805,13
scgpt,S1_within_dataset,10,0.9,marginal,inverse_softmax,0.8940575021172171,0.005942497882782975,2.021953403718298,4.436934466788462e-05,0.3974457238750305,13
scgpt,S1_within_dataset,10,0.9,mondrian,aps,0.8921873121755983,0.007812687824401804,5.49408123661011,0.03612121097826339,0.09794919305916414,13
scgpt,S1_within_dataset,10,0.9,mondrian,inverse_softmax,0.8979497649508008,0.0020502350491992402,1.9394615304368041,0.001961251175359771,0.37612844442598276,13
scgpt,S1_within_dataset,10,0.95,marginal,aps,0.951658539103234,-0.0016585391032340401,7.175873222503615,0.02651220033128413,0.033837941776361666,13
scgpt,S1_within_dataset,10,0.95,marginal,inverse_softmax,0.9439627887540569,0.006037211245942909,3.4416463924638308,0.0,0.19507935603639054,13
scgpt,S1_within_dataset,10,0.95,mondrian,aps,0.9449883316207843,0.005011668379215717,6.716870192932954,0.014349053450969292,0.055166150814749064,13
scgpt,S1_within_dataset,10,0.95,mondrian,inverse_softmax,0.9457982604534388,0.004201739546561163,3.0980719197071207,4.102564102564103e-06,0.17531181977564206,13
scgpt,S1_within_dataset,100,0.8,marginal,aps,0.8174223099280571,-0.01742230992805703,3.5654356816226054,0.14487019792886463,0.17887542945777687,13
scgpt,S1_within_dataset,100,0.8,marginal,inverse_softmax,0.7940959956471522,0.005904004352847861,0.9702086792485518,0.03765664365247962,0.954478033446489,13
scgpt,S1_within_dataset,100,0.8,mondrian,aps,0.8044101962353154,-0.0044101962353153695,4.124143337854277,0.07539715220215212,0.1712669614604398,13
scgpt,S1_within_dataset,100,0.8,mondrian,inverse_softmax,0.7946998822236677,0.005300117776332441,0.9969659077568547,0.07847910984671581,0.8462134914471129,13
scgpt,S1_within_dataset,100,0.9,marginal,aps,0.912623122337378,-0.012623122337377899,5.419298108649743,0.07050615685090872,0.09102790884973468,13
scgpt,S1_within_dataset,100,0.9,marginal,inverse_softmax,0.8952628714721785,0.004737128527821558,1.2898971275036668,0.00010806053730393403,0.7378737343929352,13
scgpt,S1_within_dataset,100,0.9,mondrian,aps,0.9001877086645091,-0.00018770866450916788,5.300371203508873,0.030376837986870145,0.10972464529312666,13
scgpt,S1_within_dataset,100,0.9,mondrian,inverse_softmax,0.8975156735787545,0.0024843264212455617,1.3367903804872325,0.011382542737650485,0.6753842393292534,13
scgpt,S1_within_dataset,100,0.95,marginal,aps,0.9578993385045487,-0.007899338504548695,7.111207946299192,0.03432318143312148,0.04638469912068319,13
scgpt,S1_within_dataset,100,0.95,marginal,inverse_softmax,0.9475926421149962,0.0024073578850037957,1.7354449181532716,0.0,0.492311083545346,13
scgpt,S1_within_dataset,100,0.95,mondrian,aps,0.9497795596828266,0.0002204403171734015,6.292354492346825,0.013382750673328104,0.0702704313932801,13
scgpt,S1_within_dataset,100,0.95,mondrian,inverse_softmax,0.9487538108347326,0.0012461891652673187,1.8934724236191032,0.00035155165943858725,0.45590706923734875,13
scgpt,S1_within_dataset,all,0.8,marginal,aps,0.7931305782610718,0.00686942173892823,1.9660344649610226,0.18757607111027777,0.30105997688685737,13
scgpt,S1_within_dataset,all,0.8,marginal,inverse_softmax,0.8054497285531887,-0.005449728553188664,0.8334815080944264,0.16651849190557352,0.8334815080944264,13
scgpt,S1_within_dataset,all,0.8,mondrian,aps,0.7938449764032129,0.006155023596787054,2.1582546054017504,0.10206472643363376,0.3168068087212678,13
scgpt,S1_within_dataset,all,0.8,mondrian,inverse_softmax,0.7923741265565828,0.00762587344341727,0.8406125130802027,0.15938748691979734,0.8406125130802027,13
scgpt,S1_within_dataset,all,0.9,marginal,aps,0.8980335136648302,0.001966486335169837,3.1489151622512948,0.0938723233982838,0.18471184077478434,13
scgpt,S1_within_dataset,all,0.9,marginal,inverse_softmax,0.9033213685739743,-0.0033213685739742803,0.9755570107063729,0.024442989293627124,0.9755570107063729,13
scgpt,S1_within_dataset,all,0.9,mondrian,aps,0.8925420987045333,0.007457901295466808,3.226609472698706,0.007998333053694563,0.1421539206877544,13
scgpt,S1_within_dataset,all,0.9,mondrian,inverse_softmax,0.8973611509963738,0.0026388490036262317,1.004676606704156,0.041112842815477155,0.9131184825559431,13
scgpt,S1_within_dataset,all,0.95,marginal,aps,0.9500910767479144,-9.107674791440499e-05,4.520897776636334,0.047020620620401424,0.08926993934614488,13
scgpt,S1_within_dataset,all,0.95,marginal,inverse_softmax,0.951491062764529,-0.001491062764528965,1.1017572561871942,0.0,0.8993799405448354,13
scgpt,S1_within_dataset,all,0.95,mondrian,aps,0.943233590608581,0.006766409391419014,4.269026922347274,0.003616749594839373,0.05295013610426363,13
scgpt,S1_within_dataset,all,0.95,mondrian,inverse_softmax,0.9487898144275254,0.001210185572474503,1.1459702996130512,0.009540407224130486,0.8407042228514712,13
scgpt,S2_leave_donor_out,10,0.8,marginal,aps,0.748652470013832,0.051347529986168164,3.355946255495548,0.15509625969938792,0.15342596514355908,13
scgpt,S2_leave_donor_out,10,0.8,marginal,inverse_softmax,0.7891583194025173,0.01084168059748271,1.4661697528243791,0.004332610479321749,0.6018040319800154,13
scgpt,S2_leave_donor_out,10,0.8,mondrian,aps,0.7441450968519546,0.05585490314804545,3.7408505163348127,0.0978275613817071,0.1698933824305036,13
scgpt,S2_leave_donor_out,10,0.8,mondrian,inverse_softmax,0.7760277316218466,0.023972268378153454,1.4969174040651236,0.028749749566081447,0.5551489395448874,13
scgpt,S2_leave_donor_out,10,0.9,marginal,aps,0.8626032939600944,0.03739670603990561,4.99781757945455,0.08595225552188404,0.07974104161435033,13
scgpt,S2_leave_donor_out,10,0.9,marginal,inverse_softmax,0.882817412612401,0.017182587387599108,2.2148730315676617,1.8652882824641085e-05,0.33609262433157905,13
scgpt,S2_leave_donor_out,10,0.9,mondrian,aps,0.8631972142713751,0.03680278572862505,5.054053668399566,0.04138854803229268,0.1100057168576185,13
scgpt,S2_leave_donor_out,10,0.9,mondrian,inverse_softmax,0.8731257413768532,0.026874258623146914,2.2645028986581157,0.0018643204630831593,0.31320389902288376,13
scgpt,S2_leave_donor_out,10,0.95,marginal,aps,0.9262573404824769,0.02374265951752302,6.4438586516102,0.04512834597981471,0.042988829028714384,13
scgpt,S2_leave_donor_out,10,0.95,marginal,inverse_softmax,0.9350769516471296,0.014923048352870337,3.413648565576407,0.0,0.1928162200777017,13
scgpt,S2_leave_donor_out,10,0.95,mondrian,aps,0.9313629162600587,0.01863708373994117,6.260614563752101,0.015534374504768205,0.06274964347321642,13
scgpt,S2_leave_donor_out,10,0.95,mondrian,inverse_softmax,0.9295813351591167,0.020418664840883248,3.329308383244168,3.960573171415577e-05,0.16337305303705324,13
scgpt,S2_leave_donor_out,100,0.8,marginal,aps,0.7771901954956812,0.022809804504318694,3.0650062361378554,0.17538155706363837,0.17877738417970976,13
scgpt,S2_leave_donor_out,100,0.8,marginal,inverse_softmax,0.791905490843977,0.008094509156022969,1.0710224104859658,0.01606750720816461,0.8974093999457089,13
scgpt,S2_leave_donor_out,100,0.8,mondrian,aps,0.7790081929408917,0.020991807059108247,3.5703430493255235,0.109133234748666,0.1831545476850795,13
scgpt,S2_leave_donor_out,100,0.8,mondrian,inverse_softmax,0.7845656589625286,0.015434341037471343,1.0871221698351379,0.059216805728161834,0.7974771684758897,13
scgpt,S2_leave_donor_out,100,0.9,marginal,aps,0.8818135097926691,0.01818649020733077,4.823607025739508,0.0967391034352576,0.10286188358924987,13
scgpt,S2_leave_donor_out,100,0.9,marginal,inverse_softmax,0.8938934706762915,0.006106529323708448,1.4474564924492328,7.414482816806428e-05,0.6254674351504815,13
scgpt,S2_leave_donor_out,100,0.9,mondrian,aps,0.8834846287872327,0.016515371212767294,4.788123275282739,0.051107922770112606,0.12872689645006918,13
scgpt,S2_leave_donor_out,100,0.9,mondrian,inverse_softmax,0.8865510022369859,0.01344899776301419,1.4916094977507997,0.00896964268273043,0.5913780445030152,13
scgpt,S2_leave_donor_out,100,0.95,marginal,aps,0.9369363459102099,0.01306365408979002,6.310490560295111,0.05262250403049711,0.06418893451808594,13
scgpt,S2_leave_donor_out,100,0.95,marginal,inverse_softmax,0.946408319548875,0.0035916804511249316,1.946693339863902,0.0,0.41181892804010994,13
scgpt,S2_leave_donor_out,100,0.95,mondrian,aps,0.9370635813707323,0.012936418629267773,5.8325226469064955,0.022736459777109887,0.0870639038615473,13
scgpt,S2_leave_donor_out,100,0.95,mondrian,inverse_softmax,0.9416032423963718,0.008396757603628251,2.0398161894702413,0.0002921721334096106,0.3788692404474269,13
scgpt,S2_leave_donor_out,all,0.8,marginal,aps,0.7707882903841239,0.02921170961587614,1.9450300184373182,0.19083076640972296,0.2858702325196351,13
scgpt,S2_leave_donor_out,all,0.8,marginal,inverse_softmax,0.7926179511277982,0.007382048872201759,0.8791055098861545,0.12089449011384544,0.8791055098861545,13
scgpt,S2_leave_donor_out,all,0.8,mondrian,aps,0.785632458009874,0.0143675419901259,2.4396345975747016,0.0563099195379314,0.24094157297172247,13
scgpt,S2_leave_donor_out,all,0.8,mondrian,inverse_softmax,0.7835048450685804,0.016495154931419592,0.9042798592552035,0.11153870740329268,0.8726448429900048,13
scgpt,S2_leave_donor_out,all,0.9,marginal,aps,0.8917987697845894,0.00820123021541065,3.2567108292440445,0.09285260660618379,0.16737460398942797,13
scgpt,S2_leave_donor_out,all,0.9,marginal,inverse_softmax,0.8977992865025158,0.002200713497484094,1.1024622835418394,0.0008844942990438818,0.8972729220190606,13
scgpt,S2_leave_donor_out,all,0.9,mondrian,aps,0.8826359199035243,0.017364080096475786,3.4213995392435548,0.01642137484221517,0.12534806784849273,13
scgpt,S2_leave_donor_out,all,0.9,mondrian,inverse_softmax,0.8902341891768563,0.009765810823143772,1.1324287585071597,0.022274354113478924,0.8263825012537923,13
scgpt,S2_leave_donor_out,all,0.95,marginal,aps,0.9502085264282071,-0.00020852642820712203,4.870417370122912,0.04446520723004052,0.07548219047119402,13
scgpt,S2_leave_donor_out,all,0.95,marginal,inverse_softmax,0.9497851871805643,0.0002148128194357128,1.3256190233358287,0.0,0.7057057834920235,13
scgpt,S2_leave_donor_out,all,0.95,mondrian,aps,0.9355333950080845,0.01446660499191538,4.556846930350237,0.0026237269796496277,0.031246145652001296,13
scgpt,S2_leave_donor_out,all,0.95,mondrian,inverse_softmax,0.9424663869398612,0.007533613060138717,1.3672352547912365,0.0025454252234315125,0.6721428540592718,13
scgpt,S3_leave_dataset_out,10,0.8,marginal,aps,0.7923045778505723,0.007695422149427731,4.717668992534398,0.10386147285399215,0.11182879891055954,13
scgpt,S3_leave_dataset_out,10,0.8,marginal,inverse_softmax,0.7672955968460706,0.0327044031539294,1.918283179017087,0.005775189013554007,0.4769813152056893,13
scgpt,S3_leave_dataset_out,10,0.8,mondrian,aps,0.772367961744258,0.02763203825574195,6.014340136903294,0.007295321769954713,0.03179960828482995,13
scgpt,S3_leave_dataset_out,10,0.8,mondrian,inverse_softmax,0.7494006378652505,0.05059936213474965,3.9142600554626026,0.0009830237081739827,0.032361589224644445,13
scgpt,S3_leave_dataset_out,10,0.9,marginal,aps,0.8895172278427612,0.010482772157238874,6.6982349275164195,0.04588888599233695,0.05528161287582621,13
scgpt,S3_leave_dataset_out,10,0.9,marginal,inverse_softmax,0.8725222204723159,0.02747777952768415,3.693469856408626,0.00016017116741164685,0.21973911046788303,13
scgpt,S3_leave_dataset_out,10,0.9,mondrian,aps,0.8574211654120647,0.042578834587935335,7.15439714800304,0.003951536279514741,0.01653906373754617,13
scgpt,S3_leave_dataset_out,10,0.9,mondrian,inverse_softmax,0.8402770473538699,0.05972295264613018,4.726593992483706,9.790997828546331e-05,0.01571986134893439,13
scgpt,S3_leave_dataset_out,10,0.95,marginal,aps,0.9405861162916102,0.009413883708389874,8.309335683171863,0.019384679913161087,0.025500651240754648,13
scgpt,S3_leave_dataset_out,10,0.95,marginal,inverse_softmax,0.9283602745421861,0.021639725457813837,5.990093124825875,8.974025655554729e-07,0.10173690793682569,13
scgpt,S3_leave_dataset_out,10,0.95,mondrian,aps,0.9078965124165543,0.04210348758344561,8.152464823751536,0.0013655967050637018,0.008873862338678899,13
scgpt,S3_leave_dataset_out,10,0.95,mondrian,inverse_softmax,0.8969295821297769,0.05307041787022305,5.61811926854268,1.946633599324175e-07,0.008105442473752774,13
scgpt,S3_leave_dataset_out,100,0.8,marginal,aps,0.8203792238469154,-0.02037922384691541,4.3016063554334565,0.10421356966488626,0.1327576031622818,13
scgpt,S3_leave_dataset_out,100,0.8,marginal,inverse_softmax,0.7843899210088172,0.015610078991182833,1.575914842491758,0.002204141470020237,0.620476506698107,13
scgpt,S3_leave_dataset_out,100,0.8,mondrian,aps,0.7929060956961903,0.007093904303809752,5.798889596521308,0.010103314148322258,0.03309289376522107,13
scgpt,S3_leave_dataset_out,100,0.8,mondrian,inverse_softmax,0.775471418303687,0.024528581696312942,3.7656712802765333,0.0022675696364165814,0.046982725078361515,13
scgpt,S3_leave_dataset_out,100,0.9,marginal,aps,0.907671336973288,-0.007671336973287933,6.142272288994318,0.04772169430924122,0.06845932588424641,13
scgpt,S3_leave_dataset_out,100,0.9,marginal,inverse_softmax,0.8849643096978583,0.01503569030214172,2.898820281804617,0.0,0.30384816377390206,13
scgpt,S3_leave_dataset_out,100,0.9,mondrian,aps,0.8759955195572207,0.024004480442779343,6.836853905170342,0.005550774426823791,0.01894917929470094,13
scgpt,S3_leave_dataset_out,100,0.9,mondrian,inverse_softmax,0.8566772947050967,0.04332270529490328,4.435992376092536,0.0001348837197205152,0.029682691001068923,13
scgpt,S3_leave_dataset_out,100,0.95,marginal,aps,0.9503989732724333,-0.00039897327243331105,7.75302079916654,0.02192723218032076,0.035084239646462276,13
scgpt,S3_leave_dataset_out,100,0.95,marginal,inverse_softmax,0.9370019119017274,0.012998088098272412,4.803664087741728,0.0,0.14509771708164834,13
scgpt,S3_leave_dataset_out,100,0.95,mondrian,aps,0.9219986179829841,0.028001382017015963,7.740351512243724,0.002215773490875773,0.011750241278817835,13
scgpt,S3_leave_dataset_out,100,0.95,mondrian,inverse_softmax,0.90798621677121,0.0420137832287899,5.160283274907048,1.1280376333859799e-06,0.017215584457951516,13
scgpt,S3_leave_dataset_out,all,0.8,marginal,aps,0.8000251260627758,-2.512606277558526e-05,2.954593705805001,0.1026496199259675,0.21144500731003288,13
scgpt,S3_leave_dataset_out,all,0.8,marginal,inverse_softmax,0.7722749047536137,0.027725095246386347,1.4486627940134014,0.0015494447400780506,0.674146886813766,13
scgpt,S3_leave_dataset_out,all,0.8,mondrian,aps,0.7800505169687686,0.019949483031231445,5.362949020725821,0.002024011713330185,0.02063908160421796,13
scgpt,S3_leave_dataset_out,all,0.8,mondrian,inverse_softmax,0.7843552013199117,0.015644798680088425,4.016474515064052,0.0011000615722333636,0.022042815004831715,13
scgpt,S3_leave_dataset_out,all,0.9,marginal,aps,0.8987664801409427,0.0012335198590573042,5.045336877803545,0.04426700380082187,0.09438060171077117,13
scgpt,S3_leave_dataset_out,all,0.9,marginal,inverse_softmax,0.865967030558067,0.03403296944193304,2.3728237750497265,0.0,0.34119049947495955,13
scgpt,S3_leave_dataset_out,all,0.9,mondrian,aps,0.8735376743323146,0.026462325667685523,6.468342931199354,0.0007660899663885246,0.009408762027523056,13
scgpt,S3_leave_dataset_out,all,0.9,mondrian,inverse_softmax,0.8609892848455724,0.0390107151544277,4.660371290007818,6.053677320313728e-06,0.012441404278246379,13
scgpt,S3_leave_dataset_out,all,0.95,marginal,aps,0.9539330143155085,-0.003933014315508538,8.397026293063519,0.017998467698783435,0.034196309752424874,13
scgpt,S3_leave_dataset_out,all,0.95,marginal,inverse_softmax,0.9174906396609532,0.032509360339046736,3.985108248998468,0.0,0.17498728431176808,13
scgpt,S3_leave_dataset_out,all,0.95,mondrian,aps,0.9214600165944643,0.028539983405535558,7.424840242879374,0.00016417913658857061,0.0027271470223828695,13
scgpt,S3_leave_dataset_out,all,0.95,mondrian,inverse_softmax,0.9061013272834406,0.04389867271655942,5.289961716071529,1.6025106855412512e-07,0.00703813261970486,13
scvi,S1_within_dataset,10,0.8,marginal,aps,0.8079773314578387,-0.007977331457838552,2.5374596880589144,0.08753717502920058,0.17062170688341294,13
scvi,S1_within_dataset,10,0.8,marginal,inverse_softmax,0.7853303702387765,0.014669629761223501,1.3141168449527814,0.024831910620863637,0.6675371516208924,13
scvi,S1_within_dataset,10,0.8,mondrian,aps,0.8059991235801811,-0.005999123580181003,2.7219732615139267,0.06523135460510308,0.22022843987213514,13
scvi,S1_within_dataset,10,0.8,mondrian,inverse_softmax,0.7934533931732941,0.006546606826705913,1.2840085912962076,0.05420382935669172,0.6292381412776593,13
scvi,S1_within_dataset,10,0.9,marginal,aps,0.9029454813319127,-0.002945481331912619,3.665791418088612,0.0377766617998886,0.06563983402089715,13
scvi,S1_within_dataset,10,0.9,marginal,inverse_softmax,0.8935738149394697,0.006426185060530319,2.030750205896414,0.0004319377809528568,0.33021243926353,13
scvi,S1_within_dataset,10,0.9,mondrian,aps,0.9032872200041312,-0.003287220004131133,3.750241338360731,0.023514224118481735,0.1023843584271699,13
scvi,S1_within_dataset,10,0.9,mondrian,inverse_softmax,0.8998773605287097,0.00012263947129034886,1.996742485922938,0.0034550435794104945,0.31510600792344756,13
scvi,S1_within_dataset,10,0.95,marginal,aps,0.9511048802922293,-0.0011048802922292882,4.917742688142707,0.015131644165780165,0.02585670611527923,13
scvi,S1_within_dataset,10,0.95,marginal,inverse_softmax,0.9474547868039154,0.002545213196084606,3.2236900940809816,0.0,0.1264992289698032,13
scvi,S1_within_dataset,10,0.95,mondrian,aps,0.9518839132747469,-0.001883913274746892,4.922610333819563,0.007701070804946143,0.038330748527387146,13
scvi,S1_within_dataset,10,0.95,mondrian,inverse_softmax,0.9503086650082663,-0.0003086650082663413,3.2216623904203203,3.649271971168169e-05,0.0998622336223707,13
scvi,S1_within_dataset,100,0.8,marginal,aps,0.8193619624537635,-0.019361962453763506,2.9466824012110253,0.13203418563551997,0.17736791849669234,13
scvi,S1_within_dataset,100,0.8,marginal,inverse_softmax,0.7889270162691425,0.011072983730857428,1.0419085335142855,0.03577315851935756,0.8865451494469994,13
scvi,S1_within_dataset,100,0.8,mondrian,aps,0.8100777649405455,-0.010077764940545436,3.432449360113542,0.07426205074102336,0.17193794153128825,13
scvi,S1_within_dataset,100,0.8,mondrian,inverse_softmax,0.7918127523194507,0.008187247680549346,1.0719122974837398,0.06631603051575445,0.7956191186109319,13
scvi,S1_within_dataset,100,0.9,marginal,aps,0.9111600786139801,-0.0111600786139801,4.4537900150967,0.06493097637719321,0.09238377510431607,13
scvi,S1_within_dataset,100,0.9,marginal,inverse_softmax,0.8956896063290917,0.0043103936709083255,1.4301177607214721,0.0002960191579838724,0.6071866030300158,13
scvi,S1_within_dataset,100,0.9,mondrian,aps,0.9054810854409866,-0.0054810854409867,4.567996870195744,0.03131838470078707,0.10974976601557322,13
scvi,S1_within_dataset,100,0.9,mondrian,inverse_softmax,0.9002992349328047,-0.0002992349328046655,1.4698997347332203,0.006654610369939971,0.5759174408696697,13
scvi,S1_within_dataset,100,0.95,marginal,aps,0.9557358378730304,-0.005735837873030398,5.830218719177704,0.03210022366667406,0.046533142521367234,13
scvi,S1_within_dataset,100,0.95,marginal,inverse_softmax,0.949587449559712,0.0004125504402879608,1.9637857145206241,0.0,0.35902761999038274,13
scvi,S1_within_dataset,100,0.95,mondrian,aps,0.9526382122192778,-0.002638212219277896,5.568252387516385,0.013914903185294293,0.0703640701413592,13
scvi,S1_within_dataset,100,0.95,mondrian,inverse_softmax,0.9501895627711092,-0.0001895627711092245,2.1094638518085436,8.780399623085614e-05,0.3319773501322486,13
scvi,S1_within_dataset,all,0.8,marginal,aps,0.8087060733429394,-0.008706073342939295,1.97110247615917,0.1450039644283583,0.29620359772254484,13
scvi,S1_within_dataset,all,0.8,marginal,inverse_softmax,0.8070791566602729,-0.007079156660272889,0.9312608695132584,0.0687391304867416,0.9312608695132584,13
scvi,S1_within_dataset,all,0.8,mondrian,aps,0.8086226293121134,-0.008622629312113377,2.0884067928641206,0.08844206192703939,0.3393579190881002,13
scvi,S1_within_dataset,all,0.8,mondrian,inverse_softmax,0.792503831845058,0.007496168154941955,0.9949064114108188,0.06829115300018232,0.8685112825888166,13
scvi,S1_within_dataset,all,0.9,marginal,aps,0.90877396852478,-0.008773968524780039,3.06279831951634,0.06666308961009253,0.20354569137178688,13
scvi,S1_within_dataset,all,0.9,marginal,inverse_softmax,0.9044270928001212,-0.004427092800121239,1.1912057773030986,0.00021920388503180257,0.8104471822525496,13
scvi,S1_within_dataset,all,0.9,mondrian,aps,0.9029431375478073,-0.0029431375478073682,2.8253862885519903,0.034481619624757806,0.2168006848925958,13
scvi,S1_within_dataset,all,0.9,mondrian,inverse_softmax,0.8988359910430048,0.0011640089569951236,1.298915514674614,0.0132343353446485,0.6939320321727772,13
scvi,S1_within_dataset,all,0.95,marginal,aps,0.95759395687691,-0.007593956876910038,4.619072201088492,0.030916247494217446,0.10062955036414348,13
scvi,S1_within_dataset,all,0.95,marginal,inverse_softmax,0.9533336706645663,-0.003333670664566352,1.4965488451216176,0.0,0.569865899323366,13
scvi,S1_within_dataset,all,0.95,mondrian,aps,0.9521739074126445,-0.002173907412644587,3.4935210717331824,0.013174029900855613,0.13833685256377415,13
scvi,S1_within_dataset,all,0.95,mondrian,inverse_softmax,0.9498063205645448,0.00019367943545518261,1.6742499553072145,0.0007697333242333867,0.4859395178704419,13
scvi,S2_leave_donor_out,10,0.8,marginal,aps,0.7908881486320328,0.00911185136796722,2.732890220970428,0.11196255816717941,0.1677225122706766,13
scvi,S2_leave_donor_out,10,0.8,marginal,inverse_softmax,0.7874066888912632,0.012593311108736821,1.338749075056717,0.022520049610752983,0.6541168537737992,13
scvi,S2_leave_donor_out,10,0.8,mondrian,aps,0.7868813991208834,0.013118600879116597,3.013225565365192,0.0762883870756371,0.20293344913804645,13
scvi,S2_leave_donor_out,10,0.8,mondrian,inverse_softmax,0.7856409748292079,0.014359025170792098,1.3941908530989258,0.043651625258471674,0.5769726251688734,13
scvi,S2_leave_donor_out,10,0.9,marginal,aps,0.890228244711046,0.009771755288954066,3.921763088005748,0.05353583264600175,0.07511245602284097,13
scvi,S2_leave_donor_out,10,0.9,marginal,inverse_softmax,0.8922907889672835,0.0077092110327164325,2.078280565605705,0.0004327435826112898,0.3423879823888028,13
scvi,S2_leave_donor_out,10,0.9,mondrian,aps,0.887832043980654,0.012167956019346072,4.102213462200115,0.03153670301269484,0.09922255884237566,13
scvi,S2_leave_donor_out,10,0.9,mondrian,inverse_softmax,0.8901562532506941,0.00984374674930598,2.2223775289465526,0.0026764800285811563,0.2783954880912455,13
scvi,S2_leave_donor_out,10,0.95,marginal,aps,0.9432290481212783,0.006770951878721625,5.173731059118091,0.02345898549714401,0.034843936027870843,13
scvi,S2_leave_donor_out,10,0.95,marginal,inverse_softmax,0.9453082531623452,0.004691746837654751,3.3132753644060475,3.9485204723692015e-06,0.15044978174939752,13
scvi,S2_leave_donor_out,10,0.95,mondrian,aps,0.940000388278279,0.009999611721720971,5.2620529275420305,0.010712217755440658,0.042176100299083766,13
scvi,S2_leave_donor_out,10,0.95,mondrian,inverse_softmax,0.9423543073609515,0.007645692639048407,3.4537438142468044,7.101177240068695e-05,0.09790790460619357,13
scvi,S2_leave_donor_out,100,0.8,marginal,aps,0.783347928509143,0.016652071490857026,2.825186582683215,0.15548826414584185,0.1970054978334374,13
scvi,S2_leave_donor_out,100,0.8,marginal,inverse_softmax,0.7732689985216876,0.02673100147831238,1.0638814663577774,0.033409886199063,0.8696566952334811,13
scvi,S2_leave_donor_out,100,0.8,mondrian,aps,0.7808328925294526,0.01916710747054739,3.3592218479620195,0.08977885449908725,0.17325802985077474,13
scvi,S2_leave_donor_out,100,0.8,mondrian,inverse_softmax,0.7696573036852864,0.030342696314713646,1.152817082082792,0.06502096082671212,0.7288208532053331,13
scvi,S2_leave_donor_out,100,0.9,marginal,aps,0.8867335971989126,0.01326640280108744,4.242507671441808,0.08257814040416131,0.11213965215097364,13
scvi,S2_leave_donor_out,100,0.9,marginal,inverse_softmax,0.8834599729049768,0.016540027095023276,1.4668589342470093,0.00015144929940074474,0.5833868682878905,13
scvi,S2_leave_donor_out,100,0.9,mondrian,aps,0.8792245595810441,0.020775440418955966,4.432412110440154,0.045017203586394015,0.114878847096733,13
scvi,S2_leave_donor_out,100,0.9,mondrian,inverse_softmax,0.8782213251474198,0.02177867485258029,1.6686317395524304,0.0069947235796063755,0.49121823990520286,13
scvi,S2_leave_donor_out,100,0.95,marginal,aps,0.9403641184578121,0.009635881542187814,5.5547012795041635,0.04363380491177407,0.06165057434562874,13
scvi,S2_leave_donor_out,100,0.95,marginal,inverse_softmax,0.9423560416656988,0.007643958334301246,2.0179746790716555,0.0,0.346937658613909,13
scvi,S2_leave_donor_out,100,0.95,mondrian,aps,0.9326850462254944,0.01731495377450558,5.37499107827235,0.023055549431357934,0.07551218681107483,13
scvi,S2_leave_donor_out,100,0.95,mondrian,inverse_softmax,0.9333707463897055,0.016629253610294457,2.3556069407977334,0.00013157977974448447,0.2791360359814171,13
scvi,S2_leave_donor_out,all,0.8,marginal,aps,0.7712765610942902,0.028723438905709848,1.925589099797766,0.16537804078094565,0.30141100109999025,13
scvi,S2_leave_donor_out,all,0.8,marginal,inverse_softmax,0.7895340694157965,0.01046593058420363,0.972963622378188,0.0439866648448432,0.9390630479321256,13
scvi,S2_leave_donor_out,all,0.8,mondrian,aps,0.7868611165524734,0.013138883447526629,2.1587484821778737,0.09146305989214325,0.32537633884683204,13
scvi,S2_leave_donor_out,all,0.8,mondrian,inverse_softmax,0.768027927297138,0.031972072702862064,1.0867150379281103,0.06782994428644532,0.7821351017769878,13
scvi,S2_leave_donor_out,all,0.9,marginal,aps,0.8828079309470499,0.017192069052950145,3.06344247010778,0.08084393615783271,0.20136052773332053,13
scvi,S2_leave_donor_out,all,0.9,marginal,inverse_softmax,0.9003805875590276,-0.00038058755902768265,1.27704819227131,2.2117887370264378e-05,0.7327483929140481,13
scvi,S2_leave_donor_out,all,0.9,mondrian,aps,0.8835239067883353,0.016476093211664825,2.8971600808419913,0.0398237977179053,0.21925369909851955,13
scvi,S2_leave_donor_out,all,0.9,mondrian,inverse_softmax,0.8858473491230497,0.014152650876950336,1.499367986879668,0.011334434517134886,0.5711923085702154,13
scvi,S2_leave_donor_out,all,0.95,marginal,aps,0.9460658590707542,0.0039341409292457915,4.558335327760473,0.0353792410721706,0.103210708902799,13
scvi,S2_leave_donor_out,all,0.95,marginal,inverse_softmax,0.9533629125686183,-0.003362912568618289,1.6432733741202339,0.0,0.4791753187088173,13
scvi,S2_leave_donor_out,all,0.95,mondrian,aps,0.9376824175807978,0.012317582419202154,3.651308593967907,0.01637292451742473,0.14390639794926532,13
scvi,S2_leave_donor_out,all,0.95,mondrian,inverse_softmax,0.9414119043389989,0.008588095661001034,1.9881414607125771,0.00033639420887521596,0.36767772285176625,13
scvi,S3_leave_dataset_out,10,0.8,marginal,aps,0.7968534019625955,0.003146598037404546,2.8711416020144154,0.08297313984738473,0.14848568649475033,13
scvi,S3_leave_dataset_out,10,0.8,marginal,inverse_softmax,0.7997148723833548,0.0002851276166451691,1.6714292537597069,0.012709737141565437,0.49146526373113125,13
scvi,S3_leave_dataset_out,10,0.8,mondrian,aps,0.7946062919710776,0.005393708028922465,4.644469766703814,0.0053577913892011945,0.03455871762734931,13
scvi,S3_leave_dataset_out,10,0.8,mondrian,inverse_softmax,0.7926065697891901,0.007393430210809972,3.6316782580059903,0.002506041775678616,0.04266611847846342,13
scvi,S3_leave_dataset_out,10,0.9,marginal,aps,0.8934989321191147,0.0065010678808853145,4.124440149768342,0.036475980145450185,0.06258002156624176,13
scvi,S3_leave_dataset_out,10,0.9,marginal,inverse_softmax,0.8958616089656536,0.004138391034346447,2.786825349948392,0.0005029404705857659,0.21037932383699912,13
scvi,S3_leave_dataset_out,10,0.9,mondrian,aps,0.88338056246459,0.01661943753541007,5.567265642588855,0.0022627557163313423,0.014959785246487032,13
scvi,S3_leave_dataset_out,10,0.9,mondrian,inverse_softmax,0.8768212517170668,0.0231787482829332,4.328968508369003,0.0001880571435050066,0.020760591706204853,13
scvi,S3_leave_dataset_out,10,0.95,marginal,aps,0.9441540662016592,0.005845933798340698,5.4734166072958095,0.01511427282377736,0.026976154429767033,13
scvi,S3_leave_dataset_out,10,0.95,marginal,inverse_softmax,0.9442272644091043,0.005772735590895592,4.2984218749766745,1.0948533498175208e-05,0.08467455248530628,13
scvi,S3_leave_dataset_out,10,0.95,mondrian,aps,0.9321589829226442,0.017841017077355664,6.457986919443324,0.000812250199722699,0.005821017376192259,13
scvi,S3_leave_dataset_out,10,0.95,mondrian,inverse_softmax,0.9246085650102879,0.02539143498971202,5.144726163976563,5.711862753271043e-06,0.0079559455464707,13
scvi,S3_leave_dataset_out,100,0.8,marginal,aps,0.8075018632664602,-0.0075018632664601344,3.1323856545947972,0.1188409581535242,0.17532725885521663,13
scvi,S3_leave_dataset_out,100,0.8,marginal,inverse_softmax,0.8092151216815842,-0.009215121681584136,1.346311805599643,0.009609814109716442,0.691559331516403,13
scvi,S3_leave_dataset_out,100,0.8,mondrian,aps,0.7917678213238631,0.00823217867613686,4.891780153162004,0.008872876029851885,0.04104177268585301,13
scvi,S3_leave_dataset_out,100,0.8,mondrian,inverse_softmax,0.8051207404339746,-0.005120740433974617,3.4472022285461006,0.002852756815249124,0.05720649828828679,13
scvi,S3_leave_dataset_out,100,0.9,marginal,aps,0.899553534502772,0.000446465497228054,4.574952146554451,0.05717348701305587,0.09711063812021475,13
scvi,S3_leave_dataset_out,100,0.9,marginal,inverse_softmax,0.8990461842470061,0.0009538157529938606,2.1822665970760418,5.992303848301721e-05,0.37187697183892293,13
scvi,S3_leave_dataset_out,100,0.9,mondrian,aps,0.8789849537697093,0.02101504623029076,5.812533475665711,0.004852157956478785,0.0229876631920545,13
scvi,S3_leave_dataset_out,100,0.9,mondrian,inverse_softmax,0.8837841031719523,0.01621589682804769,4.008057468867561,9.344006759848645e-05,0.03583426341771167,13
scvi,S3_leave_dataset_out,100,0.95,marginal,aps,0.9478362267313923,0.002163773268607586,5.972316678550826,0.026853796376724477,0.04989709533261921,13
scvi,S3_leave_dataset_out,100,0.95,marginal,inverse_softmax,0.9443787236834057,0.005621276316594241,3.3877231785412762,0.0,0.19504307330083112,13
scvi,S3_leave_dataset_out,100,0.95,mondrian,aps,0.9265445459558126,0.023455454044187397,6.640712406461288,0.002610667599057388,0.013188892900916417,13
scvi,S3_leave_dataset_out,100,0.95,mondrian,inverse_softmax,0.9267991135446831,0.02320088645531681,4.633721562063612,0.0,0.021719550051859028,13
scvi,S3_leave_dataset_out,all,0.8,marginal,aps,0.8015912007106459,-0.0015912007106458743,2.4759334284180303,0.1214594347139207,0.2169598680865922,13
scvi,S3_leave_dataset_out,all,0.8,marginal,inverse_softmax,0.8110598796997271,-0.011059879699727078,1.2507514816026999,0.010088555859571432,0.7744336816069318,13
scvi,S3_leave_dataset_out,all,0.8,mondrian,aps,0.7786880718300314,0.02131192816996852,4.1791928081158565,0.010364544318512053,0.04449118573521012,13
scvi,S3_leave_dataset_out,all,0.8,mondrian,inverse_softmax,0.8064485498355609,-0.006448549835560881,3.3940032477478033,0.0038177281317912943,0.05802465396086874,13
scvi,S3_leave_dataset_out,all,0.9,marginal,aps,0.9017860614476708,-0.0017860614476708407,3.9132423508915952,0.050883515683251716,0.130770110688409,13
scvi,S3_leave_dataset_out,all,0.9,marginal,inverse_softmax,0.8941524398971971,0.00584756010280304,2.033751186399148,7.19229682916301e-06,0.43665254796971226,13
scvi,S3_leave_dataset_out,all,0.9,mondrian,aps,0.8670089547055542,0.03299104529444585,4.849851358373633,0.004919709834119454,0.026185688531567015,13
scvi,S3_leave_dataset_out,all,0.9,mondrian,inverse_softmax,0.8813863573175402,0.01861364268245968,3.8461986741736403,0.0002784442584875057,0.040941134535315754,13
scvi,S3_leave_dataset_out,all,0.95,marginal,aps,0.9507200771541074,-0.0007200771541074998,5.361907672020572,0.02118365244437602,0.06971097450213784,13
scvi,S3_leave_dataset_out,all,0.95,marginal,inverse_softmax,0.9374985824940739,0.012501417505926041,3.0259587266594377,0.0,0.23142516088027718,13
scvi,S3_leave_dataset_out,all,0.95,mondrian,aps,0.9157456398479235,0.03425436015207651,5.512623787343931,0.002003636148517463,0.016261496331640948,13
scvi,S3_leave_dataset_out,all,0.95,mondrian,inverse_softmax,0.92325763506968,0.026742364930320044,4.305886823326043,5.128034193732005e-07,0.026999493777717445,13
